ISO-10303-21;
HEADER;
/* Generated by software containing ST-Developer
 * from STEP Tools, Inc. (www.steptools.com) 
 */
/* OPTION: using custom renumber hook */
/* OPTION: strings as raw bytes, not using required /X/ escapes */

FILE_DESCRIPTION(
/* description */ ('Unknown'),
/* implementation_level */ '2;1');

FILE_NAME(
/* name */ 'Magnetschiene_rechts',
/* time_stamp */ '2026-01-22T01:12:51+01:00',
/* author */ ('Unknown'),
/* organization */ ('Unknown'),
/* preprocessor_version */ 'ST-DEVELOPER v20',
/* originating_system */ 'Solid Edge',
/* authorisation */ 'Unknown');

FILE_SCHEMA (('AUTOMOTIVE_DESIGN {1 0 10303 214 3 1 1}'));
ENDSEC;

DATA;
#10=PROPERTY_DEFINITION_REPRESENTATION(#14,#12);
#11=PROPERTY_DEFINITION_REPRESENTATION(#15,#13);
#12=REPRESENTATION('',(#16),#6817);
#13=REPRESENTATION('',(#17),#6817);
#14=PROPERTY_DEFINITION('pmi validation property','',#6836);
#15=PROPERTY_DEFINITION('pmi validation property','',#6836);
#16=VALUE_REPRESENTATION_ITEM('number of annotations',COUNT_MEASURE(0.));
#17=VALUE_REPRESENTATION_ITEM('number of views',COUNT_MEASURE(0.));
#18=DRAUGHTING_PRE_DEFINED_COLOUR('blue');
#19=TOROIDAL_SURFACE('',#4352,4.4,0.6);
#20=B_SPLINE_CURVE_WITH_KNOTS('',3,(#5910,#5911,#5912,#5913,#5914),
 .UNSPECIFIED.,.F.,.F.,(4,1,4),(0.,0.5,1.),.UNSPECIFIED.);
#21=B_SPLINE_CURVE_WITH_KNOTS('',3,(#5917,#5918,#5919,#5920,#5921,#5922,
#5923,#5924,#5925,#5926,#5927),.UNSPECIFIED.,.F.,.F.,(4,1,1,1,1,1,1,1,4),
(0.,0.125,0.25,0.375,0.5,0.625,0.75,0.875,1.),.UNSPECIFIED.);
#22=B_SPLINE_CURVE_WITH_KNOTS('',3,(#6017,#6018,#6019,#6020,#6021),
 .UNSPECIFIED.,.F.,.F.,(4,1,4),(0.,0.5,1.),.UNSPECIFIED.);
#23=B_SPLINE_CURVE_WITH_KNOTS('',3,(#6024,#6025,#6026,#6027,#6028,#6029,
#6030,#6031,#6032,#6033,#6034),.UNSPECIFIED.,.F.,.F.,(4,1,1,1,1,1,1,1,4),
(0.,0.125,0.25,0.375,0.5,0.625,0.75,0.875,1.),.UNSPECIFIED.);
#24=B_SPLINE_CURVE_WITH_KNOTS('',3,(#6172,#6173,#6174,#6175,#6176,#6177,
#6178,#6179,#6180,#6181,#6182,#6183,#6184,#6185,#6186,#6187,#6188,#6189,
#6190,#6191,#6192,#6193,#6194,#6195,#6196,#6197,#6198,#6199,#6200,#6201,
#6202,#6203,#6204,#6205,#6206,#6207,#6208,#6209,#6210,#6211,#6212,#6213,
#6214,#6215,#6216,#6217,#6218,#6219,#6220,#6221,#6222,#6223,#6224,#6225,
#6226,#6227,#6228,#6229,#6230,#6231,#6232,#6233,#6234,#6235),
 .UNSPECIFIED.,.F.,.F.,(4,3,3,3,3,3,3,3,3,3,3,3,3,3,3,3,3,3,3,3,3,4),(0.,
0.189204854049871,0.378359095055311,0.755720916279854,0.849860067850131,
0.944046058757897,1.03854194116294,1.13330124541654,1.22824760805837,1.32330214679968,
1.41838606917284,1.51342305504998,1.60834163410695,1.70307783251575,1.79757836457228,
1.89180590588121,2.08018686670799,2.26903629366509,2.45837400155033,2.64798675701118,
2.83746889378365,3.02625433071131),.UNSPECIFIED.);
#25=B_SPLINE_CURVE_WITH_KNOTS('',3,(#6244,#6245,#6246,#6247,#6248,#6249,
#6250,#6251,#6252,#6253,#6254,#6255,#6256,#6257,#6258,#6259,#6260,#6261,
#6262,#6263,#6264,#6265,#6266,#6267,#6268,#6269,#6270,#6271,#6272,#6273,
#6274,#6275,#6276,#6277,#6278,#6279,#6280,#6281,#6282,#6283,#6284,#6285,
#6286,#6287,#6288,#6289,#6290,#6291,#6292,#6293,#6294,#6295,#6296,#6297,
#6298,#6299,#6300,#6301,#6302,#6303,#6304,#6305,#6306,#6307),
 .UNSPECIFIED.,.F.,.F.,(4,3,3,3,3,3,3,3,3,3,3,3,3,3,3,3,3,3,3,3,3,4),(0.,
0.189204854049873,0.37835909505529,0.755720916279834,0.849860067850122,
0.944046058757888,1.03854194116293,1.13330124541654,1.22824760805837,1.32330214679967,
1.41838606917283,1.51342305504997,1.60834163410694,1.70307783251574,1.79757836457228,
1.89180590588121,2.080186866708,2.26903629366511,2.45837400155034,2.6479867570112,
2.83746889378368,3.02625433071137),.UNSPECIFIED.);
#26=B_SPLINE_CURVE_WITH_KNOTS('',3,(#6313,#6314,#6315,#6316,#6317,#6318,
#6319,#6320,#6321,#6322,#6323,#6324,#6325,#6326,#6327,#6328,#6329,#6330,
#6331,#6332,#6333,#6334,#6335,#6336,#6337,#6338,#6339,#6340,#6341,#6342,
#6343,#6344,#6345,#6346,#6347,#6348,#6349,#6350,#6351,#6352,#6353,#6354,
#6355,#6356,#6357,#6358,#6359,#6360,#6361,#6362,#6363,#6364,#6365,#6366,
#6367,#6368,#6369,#6370,#6371,#6372,#6373,#6374,#6375,#6376),
 .UNSPECIFIED.,.F.,.F.,(4,3,3,3,3,3,3,3,3,3,3,3,3,3,3,3,3,3,3,3,3,4),(0.,
0.189204852033099,0.378359085275841,0.755720889577662,0.849860039322311,
0.944046039148801,1.0385419338272,1.13330124769168,1.22824761685353,1.32330215881673,
1.41838608110356,1.51342306376145,1.60834163682892,1.7030778270437,1.79757834949903,
1.89180588189474,2.08018685092206,2.26903629089736,2.45837401158249,2.64798677478075,
2.83746890964731,3.02625433071139),.UNSPECIFIED.);
#27=B_SPLINE_CURVE_WITH_KNOTS('',3,(#6382,#6383,#6384,#6385,#6386,#6387,
#6388,#6389,#6390,#6391,#6392,#6393,#6394,#6395,#6396,#6397,#6398,#6399,
#6400,#6401,#6402,#6403,#6404,#6405,#6406,#6407,#6408,#6409,#6410,#6411,
#6412,#6413,#6414,#6415,#6416,#6417,#6418,#6419,#6420,#6421,#6422,#6423,
#6424,#6425,#6426,#6427,#6428,#6429,#6430,#6431,#6432,#6433,#6434,#6435,
#6436,#6437,#6438,#6439,#6440,#6441,#6442,#6443,#6444,#6445),
 .UNSPECIFIED.,.F.,.F.,(4,3,3,3,3,3,3,3,3,3,3,3,3,3,3,3,3,3,3,3,3,4),(0.,
0.188785421064094,0.378267555930658,0.567880319128921,0.757218039814049,
0.946067479789352,1.13444844881667,1.22867598121238,1.32317650366771,1.4179126938825,
1.51283126694996,1.60786824960785,1.70295217189468,1.79800671385788,1.89295308301973,
1.9877123968842,2.08220829156258,2.17639429138908,2.27053344113375,2.64789524543558,
2.83704947867833,3.02625433071147),.UNSPECIFIED.);
#28=B_SPLINE_CURVE_WITH_KNOTS('',3,(#6451,#6452,#6453,#6454,#6455,#6456,
#6457,#6458,#6459,#6460,#6461,#6462,#6463,#6464,#6465,#6466,#6467,#6468,
#6469,#6470,#6471,#6472,#6473,#6474,#6475,#6476,#6477,#6478,#6479,#6480,
#6481,#6482,#6483,#6484,#6485,#6486,#6487,#6488,#6489,#6490,#6491,#6492,
#6493,#6494,#6495,#6496,#6497,#6498,#6499,#6500,#6501,#6502,#6503,#6504,
#6505,#6506,#6507,#6508,#6509,#6510,#6511,#6512,#6513,#6514),
 .UNSPECIFIED.,.F.,.F.,(4,3,3,3,3,3,3,3,3,3,3,3,3,3,3,3,3,3,3,3,3,4),(0.,
0.1892048540499,0.37835909505534,0.755720916279886,0.849860067850174,0.94404605875794,
1.038541941163,1.13330124541661,1.22824760805845,1.32330214679976,1.41838606917294,
1.51342305505007,1.60834163410704,1.70307783251584,1.79757836457237,1.89180590588131,
2.0801868667081,2.2690362936652,2.45837400155042,2.64798675701127,2.83746889378374,
3.02625433071137),.UNSPECIFIED.);
#29=B_SPLINE_CURVE_WITH_KNOTS('',3,(#6519,#6520,#6521,#6522,#6523,#6524,
#6525,#6526,#6527,#6528,#6529,#6530,#6531,#6532,#6533,#6534,#6535,#6536,
#6537,#6538,#6539,#6540,#6541,#6542,#6543,#6544,#6545,#6546,#6547,#6548,
#6549,#6550,#6551,#6552,#6553,#6554,#6555,#6556,#6557,#6558,#6559,#6560,
#6561,#6562,#6563,#6564,#6565,#6566,#6567,#6568,#6569,#6570,#6571,#6572,
#6573,#6574,#6575,#6576,#6577,#6578,#6579,#6580,#6581,#6582),
 .UNSPECIFIED.,.F.,.F.,(4,3,3,3,3,3,3,3,3,3,3,3,3,3,3,3,3,3,3,3,3,4),(0.,
0.189204854049871,0.378359095055289,0.755720916279835,0.849860067850113,
0.944046058757869,1.03854194116291,1.13330124541651,1.22824760805834,1.32330214679964,
1.41838606917279,1.51342305504991,1.60834163410688,1.70307783251568,1.79757836457222,
1.89180590588114,2.08018686670793,2.26903629366503,2.45837400155027,2.64798675701112,
2.83746889378358,3.02625433071124),.UNSPECIFIED.);
#30=CONTEXT_DEPENDENT_SHAPE_REPRESENTATION(#58,#6838);
#31=CONTEXT_DEPENDENT_SHAPE_REPRESENTATION(#59,#6840);
#32=CONTEXT_DEPENDENT_SHAPE_REPRESENTATION(#60,#6843);
#33=CONTEXT_DEPENDENT_SHAPE_REPRESENTATION(#61,#6845);
#34=CONTEXT_DEPENDENT_SHAPE_REPRESENTATION(#62,#6846);
#35=CONTEXT_DEPENDENT_SHAPE_REPRESENTATION(#63,#6847);
#36=CONTEXT_DEPENDENT_SHAPE_REPRESENTATION(#64,#6849);
#37=CONTEXT_DEPENDENT_SHAPE_REPRESENTATION(#65,#6850);
#38=CONTEXT_DEPENDENT_SHAPE_REPRESENTATION(#66,#6851);
#39=CONTEXT_DEPENDENT_SHAPE_REPRESENTATION(#67,#6852);
#40=CONTEXT_DEPENDENT_SHAPE_REPRESENTATION(#68,#6853);
#41=CONTEXT_DEPENDENT_SHAPE_REPRESENTATION(#69,#6854);
#42=CONTEXT_DEPENDENT_SHAPE_REPRESENTATION(#70,#6856);
#43=CONTEXT_DEPENDENT_SHAPE_REPRESENTATION(#71,#6857);
#44=NEXT_ASSEMBLY_USAGE_OCCURRENCE('Magnetschiene-0164.1-04-01-010_.1',
'Magnetschiene-0164.1-04-01-010_.1','Magnetschiene-0164.1-04-01-010_.1',
#6858,#6859,'');
#45=NEXT_ASSEMBLY_USAGE_OCCURRENCE(
'Erg√§nzungsst√ºck-0164.1-04-01-009_',
'Erg√§nzungsst√ºck-0164.1-04-01-009_',
'Erg√§nzungsst√ºck-0164.1-04-01-009_',#6858,#6860,'');
#46=NEXT_ASSEMBLY_USAGE_OCCURRENCE('Sensorleiste-0164.1-04-01-017_',
'Sensorleiste-0164.1-04-01-017_','Sensorleiste-0164.1-04-01-017_',#6861,
#6862,'');
#47=NEXT_ASSEMBLY_USAGE_OCCURRENCE(
'Zylinderschraube_DIN_912_-_M6_x_16_-_.4',
'Zylinderschraube_DIN_912_-_M6_x_16_-_.4',
'Zylinderschraube_DIN_912_-_M6_x_16_-_.4',#6861,#6863,'');
#48=NEXT_ASSEMBLY_USAGE_OCCURRENCE(
'Zylinderschraube_DIN_912_-_M6_x_16_-_.4',
'Zylinderschraube_DIN_912_-_M6_x_16_-_.4',
'Zylinderschraube_DIN_912_-_M6_x_16_-_.4',#6861,#6863,'');
#49=NEXT_ASSEMBLY_USAGE_OCCURRENCE(
'Zylinderschraube_DIN_912_-_M6_x_16_-_.4',
'Zylinderschraube_DIN_912_-_M6_x_16_-_.4',
'Zylinderschraube_DIN_912_-_M6_x_16_-_.4',#6861,#6863,'');
#50=NEXT_ASSEMBLY_USAGE_OCCURRENCE(
'Schnorr_Zahnscheibe-S6_x_10_x_0.7_.99.2',
'Schnorr_Zahnscheibe-S6_x_10_x_0.7_.99.2',
'Schnorr_Zahnscheibe-S6_x_10_x_0.7_.99.2',#6861,#6864,'');
#51=NEXT_ASSEMBLY_USAGE_OCCURRENCE(
'Schnorr_Zahnscheibe-S6_x_10_x_0.7_.99.2',
'Schnorr_Zahnscheibe-S6_x_10_x_0.7_.99.2',
'Schnorr_Zahnscheibe-S6_x_10_x_0.7_.99.2',#6861,#6864,'');
#52=NEXT_ASSEMBLY_USAGE_OCCURRENCE(
'Schnorr_Zahnscheibe-S6_x_10_x_0.7_.99.2',
'Schnorr_Zahnscheibe-S6_x_10_x_0.7_.99.2',
'Schnorr_Zahnscheibe-S6_x_10_x_0.7_.99.2',#6861,#6864,'');
#53=NEXT_ASSEMBLY_USAGE_OCCURRENCE(
'Zylinderschraube_DIN_912_-_M6_x_16_-_.4',
'Zylinderschraube_DIN_912_-_M6_x_16_-_.4',
'Zylinderschraube_DIN_912_-_M6_x_16_-_.4',#6861,#6863,'');
#54=NEXT_ASSEMBLY_USAGE_OCCURRENCE(
'Schnorr_Zahnscheibe-S6_x_10_x_0.7_.99.2',
'Schnorr_Zahnscheibe-S6_x_10_x_0.7_.99.2',
'Schnorr_Zahnscheibe-S6_x_10_x_0.7_.99.2',#6861,#6864,'');
#55=NEXT_ASSEMBLY_USAGE_OCCURRENCE('Sensorleiste','Sensorleiste',
'Sensorleiste',#6858,#6861,'');
#56=NEXT_ASSEMBLY_USAGE_OCCURRENCE('Einlegeleiste-0164.1-04-01-008_.1',
'Einlegeleiste-0164.1-04-01-008_.1','Einlegeleiste-0164.1-04-01-008_.1',
#6858,#6865,'');
#57=NEXT_ASSEMBLY_USAGE_OCCURRENCE('Einlegeleiste-0164.1-04-01-008_.1',
'Einlegeleiste-0164.1-04-01-008_.1','Einlegeleiste-0164.1-04-01-008_.1',
#6858,#6865,'');
#58=(
REPRESENTATION_RELATIONSHIP(' ',' ',#4041,#4042)
REPRESENTATION_RELATIONSHIP_WITH_TRANSFORMATION(#72)
SHAPE_REPRESENTATION_RELATIONSHIP()
);
#59=(
REPRESENTATION_RELATIONSHIP(' ',' ',#4043,#4042)
REPRESENTATION_RELATIONSHIP_WITH_TRANSFORMATION(#73)
SHAPE_REPRESENTATION_RELATIONSHIP()
);
#60=(
REPRESENTATION_RELATIONSHIP(' ',' ',#4044,#4045)
REPRESENTATION_RELATIONSHIP_WITH_TRANSFORMATION(#74)
SHAPE_REPRESENTATION_RELATIONSHIP()
);
#61=(
REPRESENTATION_RELATIONSHIP(' ',' ',#4046,#4045)
REPRESENTATION_RELATIONSHIP_WITH_TRANSFORMATION(#75)
SHAPE_REPRESENTATION_RELATIONSHIP()
);
#62=(
REPRESENTATION_RELATIONSHIP(' ',' ',#4046,#4045)
REPRESENTATION_RELATIONSHIP_WITH_TRANSFORMATION(#76)
SHAPE_REPRESENTATION_RELATIONSHIP()
);
#63=(
REPRESENTATION_RELATIONSHIP(' ',' ',#4046,#4045)
REPRESENTATION_RELATIONSHIP_WITH_TRANSFORMATION(#77)
SHAPE_REPRESENTATION_RELATIONSHIP()
);
#64=(
REPRESENTATION_RELATIONSHIP(' ',' ',#4047,#4045)
REPRESENTATION_RELATIONSHIP_WITH_TRANSFORMATION(#78)
SHAPE_REPRESENTATION_RELATIONSHIP()
);
#65=(
REPRESENTATION_RELATIONSHIP(' ',' ',#4047,#4045)
REPRESENTATION_RELATIONSHIP_WITH_TRANSFORMATION(#79)
SHAPE_REPRESENTATION_RELATIONSHIP()
);
#66=(
REPRESENTATION_RELATIONSHIP(' ',' ',#4047,#4045)
REPRESENTATION_RELATIONSHIP_WITH_TRANSFORMATION(#80)
SHAPE_REPRESENTATION_RELATIONSHIP()
);
#67=(
REPRESENTATION_RELATIONSHIP(' ',' ',#4046,#4045)
REPRESENTATION_RELATIONSHIP_WITH_TRANSFORMATION(#81)
SHAPE_REPRESENTATION_RELATIONSHIP()
);
#68=(
REPRESENTATION_RELATIONSHIP(' ',' ',#4047,#4045)
REPRESENTATION_RELATIONSHIP_WITH_TRANSFORMATION(#82)
SHAPE_REPRESENTATION_RELATIONSHIP()
);
#69=(
REPRESENTATION_RELATIONSHIP(' ',' ',#4045,#4042)
REPRESENTATION_RELATIONSHIP_WITH_TRANSFORMATION(#83)
SHAPE_REPRESENTATION_RELATIONSHIP()
);
#70=(
REPRESENTATION_RELATIONSHIP(' ',' ',#4048,#4042)
REPRESENTATION_RELATIONSHIP_WITH_TRANSFORMATION(#84)
SHAPE_REPRESENTATION_RELATIONSHIP()
);
#71=(
REPRESENTATION_RELATIONSHIP(' ',' ',#4048,#4042)
REPRESENTATION_RELATIONSHIP_WITH_TRANSFORMATION(#85)
SHAPE_REPRESENTATION_RELATIONSHIP()
);
#72=ITEM_DEFINED_TRANSFORMATION(' ',' ',#4049,#4226);
#73=ITEM_DEFINED_TRANSFORMATION(' ',' ',#4049,#4279);
#74=ITEM_DEFINED_TRANSFORMATION(' ',' ',#4049,#4316);
#75=ITEM_DEFINED_TRANSFORMATION(' ',' ',#4049,#4354);
#76=ITEM_DEFINED_TRANSFORMATION(' ',' ',#4049,#4355);
#77=ITEM_DEFINED_TRANSFORMATION(' ',' ',#4049,#4356);
#78=ITEM_DEFINED_TRANSFORMATION(' ',' ',#4049,#4365);
#79=ITEM_DEFINED_TRANSFORMATION(' ',' ',#4049,#4366);
#80=ITEM_DEFINED_TRANSFORMATION(' ',' ',#4049,#4367);
#81=ITEM_DEFINED_TRANSFORMATION(' ',' ',#4049,#4368);
#82=ITEM_DEFINED_TRANSFORMATION(' ',' ',#4049,#4369);
#83=ITEM_DEFINED_TRANSFORMATION(' ',' ',#4049,#4370);
#84=ITEM_DEFINED_TRANSFORMATION(' ',' ',#4049,#4461);
#85=ITEM_DEFINED_TRANSFORMATION(' ',' ',#4049,#4462);
#86=SHAPE_REPRESENTATION_RELATIONSHIP('','',#4041,#92);
#87=SHAPE_REPRESENTATION_RELATIONSHIP('','',#4043,#93);
#88=SHAPE_REPRESENTATION_RELATIONSHIP('','',#4044,#94);
#89=SHAPE_REPRESENTATION_RELATIONSHIP('','',#4046,#95);
#90=SHAPE_REPRESENTATION_RELATIONSHIP('','',#4047,#96);
#91=SHAPE_REPRESENTATION_RELATIONSHIP('','',#4048,#97);
#92=ADVANCED_BREP_SHAPE_REPRESENTATION('',(#4027),#6818);
#93=ADVANCED_BREP_SHAPE_REPRESENTATION('',(#4028),#6819);
#94=ADVANCED_BREP_SHAPE_REPRESENTATION('',(#4029),#6821);
#95=ADVANCED_BREP_SHAPE_REPRESENTATION('',(#4030),#6822);
#96=ADVANCED_BREP_SHAPE_REPRESENTATION('',(#4031),#6823);
#97=ADVANCED_BREP_SHAPE_REPRESENTATION('',(#4032),#6824);
#98=PLANE('',#4144);
#99=PLANE('',#4170);
#100=PLANE('',#4174);
#101=PLANE('',#4175);
#102=PLANE('',#4177);
#103=PLANE('',#4194);
#104=PLANE('',#4197);
#105=PLANE('',#4198);
#106=PLANE('',#4201);
#107=PLANE('',#4202);
#108=PLANE('',#4207);
#109=PLANE('',#4220);
#110=PLANE('',#4223);
#111=PLANE('',#4224);
#112=PLANE('',#4245);
#113=PLANE('',#4253);
#114=PLANE('',#4256);
#115=PLANE('',#4257);
#116=PLANE('',#4260);
#117=PLANE('',#4261);
#118=PLANE('',#4262);
#119=PLANE('',#4268);
#120=PLANE('',#4274);
#121=PLANE('',#4278);
#122=PLANE('',#4280);
#123=PLANE('',#4285);
#124=PLANE('',#4290);
#125=PLANE('',#4294);
#126=PLANE('',#4295);
#127=PLANE('',#4296);
#128=PLANE('',#4299);
#129=PLANE('',#4305);
#130=PLANE('',#4309);
#131=PLANE('',#4313);
#132=PLANE('',#4314);
#133=PLANE('',#4315);
#134=PLANE('',#4317);
#135=PLANE('',#4326);
#136=PLANE('',#4327);
#137=PLANE('',#4328);
#138=PLANE('',#4329);
#139=PLANE('',#4330);
#140=PLANE('',#4331);
#141=PLANE('',#4332);
#142=PLANE('',#4347);
#143=PLANE('',#4350);
#144=PLANE('',#4357);
#145=PLANE('',#4360);
#146=PLANE('',#4404);
#147=PLANE('',#4406);
#148=PLANE('',#4408);
#149=PLANE('',#4410);
#150=PLANE('',#4412);
#151=PLANE('',#4414);
#152=PLANE('',#4416);
#153=PLANE('',#4418);
#154=PLANE('',#4420);
#155=PLANE('',#4422);
#156=PLANE('',#4424);
#157=PLANE('',#4426);
#158=PLANE('',#4428);
#159=PLANE('',#4431);
#160=PLANE('',#4432);
#161=PLANE('',#4433);
#162=PLANE('',#4456);
#163=PLANE('',#4458);
#164=CYLINDRICAL_SURFACE('',#4052,2.49999999999989);
#165=CYLINDRICAL_SURFACE('',#4058,2.5);
#166=CYLINDRICAL_SURFACE('',#4061,2.5);
#167=CYLINDRICAL_SURFACE('',#4067,2.5);
#168=CYLINDRICAL_SURFACE('',#4070,2.5);
#169=CYLINDRICAL_SURFACE('',#4076,2.5);
#170=CYLINDRICAL_SURFACE('',#4079,2.5);
#171=CYLINDRICAL_SURFACE('',#4085,2.5);
#172=CYLINDRICAL_SURFACE('',#4088,2.5);
#173=CYLINDRICAL_SURFACE('',#4094,2.5);
#174=CYLINDRICAL_SURFACE('',#4097,2.5);
#175=CYLINDRICAL_SURFACE('',#4103,2.5);
#176=CYLINDRICAL_SURFACE('',#4112,3.4);
#177=CYLINDRICAL_SURFACE('',#4116,3.4);
#178=CYLINDRICAL_SURFACE('',#4125,3.4);
#179=CYLINDRICAL_SURFACE('',#4127,3.4);
#180=CYLINDRICAL_SURFACE('',#4131,3.4);
#181=CYLINDRICAL_SURFACE('',#4137,3.4);
#182=CYLINDRICAL_SURFACE('',#4138,4.24999999999998);
#183=CYLINDRICAL_SURFACE('',#4141,4.24999999999998);
#184=CYLINDRICAL_SURFACE('',#4145,4.24999999999998);
#185=CYLINDRICAL_SURFACE('',#4148,4.24999999999998);
#186=CYLINDRICAL_SURFACE('',#4151,4.24999999999998);
#187=CYLINDRICAL_SURFACE('',#4154,4.24999999999998);
#188=CYLINDRICAL_SURFACE('',#4157,4.24999999999998);
#189=CYLINDRICAL_SURFACE('',#4160,4.24999999999998);
#190=CYLINDRICAL_SURFACE('',#4163,4.24999999999998);
#191=CYLINDRICAL_SURFACE('',#4166,4.24999999999998);
#192=CYLINDRICAL_SURFACE('',#4169,3.4);
#193=CYLINDRICAL_SURFACE('',#4171,4.24999999999994);
#194=CYLINDRICAL_SURFACE('',#4176,3.4);
#195=CYLINDRICAL_SURFACE('',#4189,4.24999999999994);
#196=CYLINDRICAL_SURFACE('',#4191,4.24999999999998);
#197=CYLINDRICAL_SURFACE('',#4195,4.24999999999994);
#198=CYLINDRICAL_SURFACE('',#4199,4.24999999999994);
#199=CYLINDRICAL_SURFACE('',#4203,4.24999999999994);
#200=CYLINDRICAL_SURFACE('',#4205,4.24999999999994);
#201=CYLINDRICAL_SURFACE('',#4215,4.24999999999994);
#202=CYLINDRICAL_SURFACE('',#4216,4.24999999999994);
#203=CYLINDRICAL_SURFACE('',#4217,4.24999999999994);
#204=CYLINDRICAL_SURFACE('',#4218,4.24999999999994);
#205=CYLINDRICAL_SURFACE('',#4219,4.24999999999994);
#206=CYLINDRICAL_SURFACE('',#4221,4.24999999999998);
#207=CYLINDRICAL_SURFACE('',#4225,4.24999999999994);
#208=CYLINDRICAL_SURFACE('',#4229,2.49999999999989);
#209=CYLINDRICAL_SURFACE('',#4235,2.5);
#210=CYLINDRICAL_SURFACE('',#4240,2.49999999999977);
#211=CYLINDRICAL_SURFACE('',#4242,7.5);
#212=CYLINDRICAL_SURFACE('',#4248,7.5);
#213=CYLINDRICAL_SURFACE('',#4251,4.5);
#214=CYLINDRICAL_SURFACE('',#4254,4.5);
#215=CYLINDRICAL_SURFACE('',#4263,2.49999999999977);
#216=CYLINDRICAL_SURFACE('',#4266,4.25);
#217=CYLINDRICAL_SURFACE('',#4270,7.5);
#218=CYLINDRICAL_SURFACE('',#4272,4.25);
#219=CYLINDRICAL_SURFACE('',#4276,7.5);
#220=CYLINDRICAL_SURFACE('',#4288,5.5);
#221=CYLINDRICAL_SURFACE('',#4297,3.25);
#222=CYLINDRICAL_SURFACE('',#4302,5.5);
#223=CYLINDRICAL_SURFACE('',#4303,3.25);
#224=CYLINDRICAL_SURFACE('',#4307,5.5);
#225=CYLINDRICAL_SURFACE('',#4308,3.25);
#226=CYLINDRICAL_SURFACE('',#4311,5.5);
#227=CYLINDRICAL_SURFACE('',#4312,3.25);
#228=CYLINDRICAL_SURFACE('',#4322,3.);
#229=CYLINDRICAL_SURFACE('',#4324,3.);
#230=CYLINDRICAL_SURFACE('',#4343,5.);
#231=CYLINDRICAL_SURFACE('',#4363,3.2);
#232=CYLINDRICAL_SURFACE('',#4364,5.);
#233=CYLINDRICAL_SURFACE('',#4371,4.5);
#234=CYLINDRICAL_SURFACE('',#4374,4.5);
#235=CYLINDRICAL_SURFACE('',#4377,4.5);
#236=CYLINDRICAL_SURFACE('',#4380,4.5);
#237=CYLINDRICAL_SURFACE('',#4383,4.5);
#238=CYLINDRICAL_SURFACE('',#4386,4.5);
#239=CYLINDRICAL_SURFACE('',#4389,4.5);
#240=CYLINDRICAL_SURFACE('',#4392,4.5);
#241=CYLINDRICAL_SURFACE('',#4395,4.49999999999995);
#242=CYLINDRICAL_SURFACE('',#4398,4.49999999999995);
#243=CYLINDRICAL_SURFACE('',#4401,4.5);
#244=CYLINDRICAL_SURFACE('',#4429,7.50000000000001);
#245=CYLINDRICAL_SURFACE('',#4434,7.50000000000001);
#246=CYLINDRICAL_SURFACE('',#4436,7.50000000000001);
#247=CYLINDRICAL_SURFACE('',#4438,7.50000000000001);
#248=CYLINDRICAL_SURFACE('',#4440,7.49999999999995);
#249=CYLINDRICAL_SURFACE('',#4442,7.50000000000001);
#250=CYLINDRICAL_SURFACE('',#4444,7.5);
#251=CYLINDRICAL_SURFACE('',#4446,7.49999999999995);
#252=CYLINDRICAL_SURFACE('',#4448,7.50000000000001);
#253=CYLINDRICAL_SURFACE('',#4450,7.50000000000001);
#254=CYLINDRICAL_SURFACE('',#4452,7.50000000000001);
#255=CYLINDRICAL_SURFACE('',#4454,4.5);
#256=CYLINDRICAL_SURFACE('',#4460,7.50000000000001);
#257=CIRCLE('',#4051,2.49999999999989);
#258=CIRCLE('',#4053,2.49999999999989);
#259=CIRCLE('',#4055,2.50000000000001);
#260=CIRCLE('',#4056,2.50000000000001);
#261=CIRCLE('',#4057,3.04848275573016);
#262=CIRCLE('',#4060,2.5);
#263=CIRCLE('',#4062,2.5);
#264=CIRCLE('',#4064,2.50000000000001);
#265=CIRCLE('',#4065,2.50000000000001);
#266=CIRCLE('',#4066,3.0484827557301);
#267=CIRCLE('',#4069,2.5);
#268=CIRCLE('',#4071,2.5);
#269=CIRCLE('',#4073,2.50000000000001);
#270=CIRCLE('',#4074,2.50000000000001);
#271=CIRCLE('',#4075,3.0484827557301);
#272=CIRCLE('',#4078,2.5);
#273=CIRCLE('',#4080,2.5);
#274=CIRCLE('',#4082,2.5);
#275=CIRCLE('',#4083,3.0484827557301);
#276=CIRCLE('',#4084,2.5);
#277=CIRCLE('',#4087,2.5);
#278=CIRCLE('',#4089,2.5);
#279=CIRCLE('',#4091,2.5);
#280=CIRCLE('',#4092,3.0484827557301);
#281=CIRCLE('',#4093,2.5);
#282=CIRCLE('',#4096,2.5);
#283=CIRCLE('',#4098,2.5);
#284=CIRCLE('',#4100,2.5);
#285=CIRCLE('',#4101,3.04848275573016);
#286=CIRCLE('',#4102,2.5);
#287=CIRCLE('',#4105,3.40000000000001);
#288=CIRCLE('',#4106,4.5625);
#289=CIRCLE('',#4107,3.40000000000001);
#290=CIRCLE('',#4109,3.4);
#291=CIRCLE('',#4111,3.4);
#292=CIRCLE('',#4113,3.4);
#293=CIRCLE('',#4114,3.4);
#294=CIRCLE('',#4115,3.4);
#295=CIRCLE('',#4117,3.4);
#296=CIRCLE('',#4118,3.4);
#297=CIRCLE('',#4120,3.39999999999999);
#298=CIRCLE('',#4121,4.5624999999999);
#299=CIRCLE('',#4122,3.39999999999999);
#300=CIRCLE('',#4124,4.56249999999991);
#301=CIRCLE('',#4128,3.4);
#302=CIRCLE('',#4129,3.4);
#303=CIRCLE('',#4132,3.4);
#304=CIRCLE('',#4134,3.4);
#305=CIRCLE('',#4135,4.5625);
#306=CIRCLE('',#4136,3.4);
#307=CIRCLE('',#4139,4.24999999999998);
#308=CIRCLE('',#4140,4.24999999999998);
#309=CIRCLE('',#4142,4.24999999999998);
#310=CIRCLE('',#4143,4.24999999999998);
#311=CIRCLE('',#4146,4.24999999999998);
#312=CIRCLE('',#4147,4.24999999999998);
#313=CIRCLE('',#4149,4.24999999999998);
#314=CIRCLE('',#4150,4.24999999999998);
#315=CIRCLE('',#4152,4.24999999999998);
#316=CIRCLE('',#4153,4.24999999999998);
#317=CIRCLE('',#4155,4.24999999999998);
#318=CIRCLE('',#4156,4.24999999999998);
#319=CIRCLE('',#4158,4.24999999999998);
#320=CIRCLE('',#4159,4.24999999999998);
#321=CIRCLE('',#4161,4.24999999999998);
#322=CIRCLE('',#4162,4.24999999999998);
#323=CIRCLE('',#4164,4.24999999999998);
#324=CIRCLE('',#4165,4.24999999999998);
#325=CIRCLE('',#4167,4.24999999999998);
#326=CIRCLE('',#4168,4.24999999999998);
#327=CIRCLE('',#4172,4.24999999999994);
#328=CIRCLE('',#4173,4.24999999999994);
#329=CIRCLE('',#4178,4.24999999999994);
#330=CIRCLE('',#4179,4.24999999999994);
#331=CIRCLE('',#4180,4.24999999999994);
#332=CIRCLE('',#4181,4.24999999999994);
#333=CIRCLE('',#4182,4.24999999999994);
#334=CIRCLE('',#4183,4.24999999999994);
#335=CIRCLE('',#4184,4.24999999999994);
#336=CIRCLE('',#4185,4.24999999999994);
#337=CIRCLE('',#4186,4.24999999999994);
#338=CIRCLE('',#4187,4.24999999999994);
#339=CIRCLE('',#4188,4.24999999999994);
#340=CIRCLE('',#4190,4.24999999999994);
#341=CIRCLE('',#4192,4.24999999999998);
#342=CIRCLE('',#4193,4.24999999999998);
#343=CIRCLE('',#4196,4.24999999999994);
#344=CIRCLE('',#4200,4.24999999999994);
#345=CIRCLE('',#4204,4.24999999999994);
#346=CIRCLE('',#4206,4.24999999999994);
#347=CIRCLE('',#4208,4.24999999999998);
#348=CIRCLE('',#4209,4.24999999999994);
#349=CIRCLE('',#4210,4.24999999999994);
#350=CIRCLE('',#4211,4.24999999999994);
#351=CIRCLE('',#4212,4.24999999999994);
#352=CIRCLE('',#4213,4.24999999999994);
#353=CIRCLE('',#4214,4.24999999999994);
#354=CIRCLE('',#4222,4.24999999999998);
#355=CIRCLE('',#4228,2.49999999999989);
#356=CIRCLE('',#4230,2.5);
#357=CIRCLE('',#4232,2.50000000000001);
#358=CIRCLE('',#4233,2.50000000000001);
#359=CIRCLE('',#4234,3.04848275573015);
#360=CIRCLE('',#4237,2.49999999999978);
#361=CIRCLE('',#4238,3.04848275572992);
#362=CIRCLE('',#4239,2.49999999999978);
#363=CIRCLE('',#4241,2.49999999999977);
#364=CIRCLE('',#4243,7.5);
#365=CIRCLE('',#4244,7.5);
#366=CIRCLE('',#4246,4.5);
#367=CIRCLE('',#4247,4.5);
#368=CIRCLE('',#4249,7.5);
#369=CIRCLE('',#4250,7.5);
#370=CIRCLE('',#4252,4.5);
#371=CIRCLE('',#4255,4.5);
#372=CIRCLE('',#4258,4.25);
#373=CIRCLE('',#4259,4.25);
#374=CIRCLE('',#4264,2.49999999999977);
#375=CIRCLE('',#4267,4.25);
#376=CIRCLE('',#4269,7.5);
#377=CIRCLE('',#4271,7.5);
#378=CIRCLE('',#4273,4.25);
#379=CIRCLE('',#4275,7.5);
#380=CIRCLE('',#4277,7.5);
#381=CIRCLE('',#4281,3.25);
#382=CIRCLE('',#4282,3.25);
#383=CIRCLE('',#4283,3.25);
#384=CIRCLE('',#4284,3.25);
#385=CIRCLE('',#4286,3.25);
#386=CIRCLE('',#4287,5.5);
#387=CIRCLE('',#4289,5.5);
#388=CIRCLE('',#4291,5.5);
#389=CIRCLE('',#4292,5.5);
#390=CIRCLE('',#4293,5.5);
#391=CIRCLE('',#4298,3.25);
#392=CIRCLE('',#4300,3.25);
#393=CIRCLE('',#4301,5.5);
#394=CIRCLE('',#4304,3.25);
#395=CIRCLE('',#4306,5.5);
#396=CIRCLE('',#4310,5.5);
#397=CIRCLE('',#4318,2.386565);
#398=CIRCLE('',#4320,3.);
#399=CIRCLE('',#4321,3.);
#400=CIRCLE('',#4323,3.);
#401=CIRCLE('',#4325,3.);
#402=CIRCLE('',#4334,2.88675139776021);
#403=CIRCLE('',#4336,2.88675139776021);
#404=CIRCLE('',#4338,2.88675139776021);
#405=CIRCLE('',#4340,2.88675139776021);
#406=CIRCLE('',#4342,2.88675139776021);
#407=CIRCLE('',#4344,5.);
#408=CIRCLE('',#4345,5.);
#409=CIRCLE('',#4346,5.);
#410=CIRCLE('',#4349,2.88675139776021);
#411=CIRCLE('',#4351,4.4);
#412=CIRCLE('',#4353,0.6);
#413=CIRCLE('',#4358,3.2);
#414=CIRCLE('',#4359,5.);
#415=CIRCLE('',#4361,3.2);
#416=CIRCLE('',#4362,5.);
#417=CIRCLE('',#4372,4.5);
#418=CIRCLE('',#4373,4.5);
#419=CIRCLE('',#4375,4.5);
#420=CIRCLE('',#4376,4.5);
#421=CIRCLE('',#4378,4.5);
#422=CIRCLE('',#4379,4.5);
#423=CIRCLE('',#4381,4.5);
#424=CIRCLE('',#4382,4.5);
#425=CIRCLE('',#4384,4.5);
#426=CIRCLE('',#4385,4.5);
#427=CIRCLE('',#4387,4.5);
#428=CIRCLE('',#4388,4.5);
#429=CIRCLE('',#4390,4.5);
#430=CIRCLE('',#4391,4.5);
#431=CIRCLE('',#4393,4.5);
#432=CIRCLE('',#4394,4.5);
#433=CIRCLE('',#4396,4.49999999999995);
#434=CIRCLE('',#4397,4.49999999999995);
#435=CIRCLE('',#4399,4.49999999999995);
#436=CIRCLE('',#4400,4.49999999999995);
#437=CIRCLE('',#4402,4.5);
#438=CIRCLE('',#4403,4.5);
#439=CIRCLE('',#4405,7.50000000000001);
#440=CIRCLE('',#4407,7.50000000000001);
#441=CIRCLE('',#4409,7.50000000000001);
#442=CIRCLE('',#4411,7.50000000000001);
#443=CIRCLE('',#4413,7.49999999999995);
#444=CIRCLE('',#4415,7.50000000000001);
#445=CIRCLE('',#4417,7.5);
#446=CIRCLE('',#4419,7.49999999999995);
#447=CIRCLE('',#4421,7.50000000000001);
#448=CIRCLE('',#4423,7.50000000000001);
#449=CIRCLE('',#4425,7.50000000000001);
#450=CIRCLE('',#4427,4.5);
#451=CIRCLE('',#4430,7.50000000000001);
#452=CIRCLE('',#4435,7.50000000000001);
#453=CIRCLE('',#4437,7.50000000000001);
#454=CIRCLE('',#4439,7.50000000000001);
#455=CIRCLE('',#4441,7.49999999999995);
#456=CIRCLE('',#4443,7.50000000000001);
#457=CIRCLE('',#4445,7.5);
#458=CIRCLE('',#4447,7.49999999999995);
#459=CIRCLE('',#4449,7.50000000000001);
#460=CIRCLE('',#4451,7.50000000000001);
#461=CIRCLE('',#4453,7.50000000000001);
#462=CIRCLE('',#4455,4.5);
#463=CIRCLE('',#4457,7.50000000000001);
#464=CIRCLE('',#4459,7.50000000000001);
#465=ORIENTED_EDGE('',*,*,#1317,.T.);
#466=ORIENTED_EDGE('',*,*,#1318,.F.);
#467=ORIENTED_EDGE('',*,*,#1317,.F.);
#468=ORIENTED_EDGE('',*,*,#1318,.T.);
#469=ORIENTED_EDGE('',*,*,#1319,.T.);
#470=ORIENTED_EDGE('',*,*,#1320,.T.);
#471=ORIENTED_EDGE('',*,*,#1319,.F.);
#472=ORIENTED_EDGE('',*,*,#1321,.F.);
#473=ORIENTED_EDGE('',*,*,#1322,.F.);
#474=ORIENTED_EDGE('',*,*,#1323,.T.);
#475=ORIENTED_EDGE('',*,*,#1324,.T.);
#476=ORIENTED_EDGE('',*,*,#1323,.F.);
#477=ORIENTED_EDGE('',*,*,#1320,.F.);
#478=ORIENTED_EDGE('',*,*,#1325,.T.);
#479=ORIENTED_EDGE('',*,*,#1321,.T.);
#480=ORIENTED_EDGE('',*,*,#1322,.T.);
#481=ORIENTED_EDGE('',*,*,#1325,.F.);
#482=ORIENTED_EDGE('',*,*,#1326,.T.);
#483=ORIENTED_EDGE('',*,*,#1327,.F.);
#484=ORIENTED_EDGE('',*,*,#1326,.F.);
#485=ORIENTED_EDGE('',*,*,#1327,.T.);
#486=ORIENTED_EDGE('',*,*,#1328,.T.);
#487=ORIENTED_EDGE('',*,*,#1329,.T.);
#488=ORIENTED_EDGE('',*,*,#1328,.F.);
#489=ORIENTED_EDGE('',*,*,#1330,.F.);
#490=ORIENTED_EDGE('',*,*,#1331,.F.);
#491=ORIENTED_EDGE('',*,*,#1332,.T.);
#492=ORIENTED_EDGE('',*,*,#1333,.T.);
#493=ORIENTED_EDGE('',*,*,#1332,.F.);
#494=ORIENTED_EDGE('',*,*,#1329,.F.);
#495=ORIENTED_EDGE('',*,*,#1334,.T.);
#496=ORIENTED_EDGE('',*,*,#1330,.T.);
#497=ORIENTED_EDGE('',*,*,#1331,.T.);
#498=ORIENTED_EDGE('',*,*,#1334,.F.);
#499=ORIENTED_EDGE('',*,*,#1335,.T.);
#500=ORIENTED_EDGE('',*,*,#1336,.F.);
#501=ORIENTED_EDGE('',*,*,#1335,.F.);
#502=ORIENTED_EDGE('',*,*,#1336,.T.);
#503=ORIENTED_EDGE('',*,*,#1337,.T.);
#504=ORIENTED_EDGE('',*,*,#1338,.T.);
#505=ORIENTED_EDGE('',*,*,#1337,.F.);
#506=ORIENTED_EDGE('',*,*,#1339,.F.);
#507=ORIENTED_EDGE('',*,*,#1340,.F.);
#508=ORIENTED_EDGE('',*,*,#1341,.T.);
#509=ORIENTED_EDGE('',*,*,#1342,.T.);
#510=ORIENTED_EDGE('',*,*,#1341,.F.);
#511=ORIENTED_EDGE('',*,*,#1338,.F.);
#512=ORIENTED_EDGE('',*,*,#1343,.T.);
#513=ORIENTED_EDGE('',*,*,#1339,.T.);
#514=ORIENTED_EDGE('',*,*,#1340,.T.);
#515=ORIENTED_EDGE('',*,*,#1343,.F.);
#516=ORIENTED_EDGE('',*,*,#1344,.T.);
#517=ORIENTED_EDGE('',*,*,#1345,.F.);
#518=ORIENTED_EDGE('',*,*,#1344,.F.);
#519=ORIENTED_EDGE('',*,*,#1345,.T.);
#520=ORIENTED_EDGE('',*,*,#1346,.T.);
#521=ORIENTED_EDGE('',*,*,#1347,.T.);
#522=ORIENTED_EDGE('',*,*,#1346,.F.);
#523=ORIENTED_EDGE('',*,*,#1348,.F.);
#524=ORIENTED_EDGE('',*,*,#1349,.T.);
#525=ORIENTED_EDGE('',*,*,#1350,.T.);
#526=ORIENTED_EDGE('',*,*,#1349,.F.);
#527=ORIENTED_EDGE('',*,*,#1351,.F.);
#528=ORIENTED_EDGE('',*,*,#1347,.F.);
#529=ORIENTED_EDGE('',*,*,#1352,.T.);
#530=ORIENTED_EDGE('',*,*,#1351,.T.);
#531=ORIENTED_EDGE('',*,*,#1348,.T.);
#532=ORIENTED_EDGE('',*,*,#1352,.F.);
#533=ORIENTED_EDGE('',*,*,#1353,.T.);
#534=ORIENTED_EDGE('',*,*,#1354,.F.);
#535=ORIENTED_EDGE('',*,*,#1353,.F.);
#536=ORIENTED_EDGE('',*,*,#1354,.T.);
#537=ORIENTED_EDGE('',*,*,#1355,.T.);
#538=ORIENTED_EDGE('',*,*,#1356,.T.);
#539=ORIENTED_EDGE('',*,*,#1355,.F.);
#540=ORIENTED_EDGE('',*,*,#1357,.F.);
#541=ORIENTED_EDGE('',*,*,#1358,.T.);
#542=ORIENTED_EDGE('',*,*,#1359,.T.);
#543=ORIENTED_EDGE('',*,*,#1358,.F.);
#544=ORIENTED_EDGE('',*,*,#1360,.F.);
#545=ORIENTED_EDGE('',*,*,#1356,.F.);
#546=ORIENTED_EDGE('',*,*,#1361,.T.);
#547=ORIENTED_EDGE('',*,*,#1360,.T.);
#548=ORIENTED_EDGE('',*,*,#1357,.T.);
#549=ORIENTED_EDGE('',*,*,#1361,.F.);
#550=ORIENTED_EDGE('',*,*,#1362,.T.);
#551=ORIENTED_EDGE('',*,*,#1363,.F.);
#552=ORIENTED_EDGE('',*,*,#1362,.F.);
#553=ORIENTED_EDGE('',*,*,#1363,.T.);
#554=ORIENTED_EDGE('',*,*,#1364,.T.);
#555=ORIENTED_EDGE('',*,*,#1365,.T.);
#556=ORIENTED_EDGE('',*,*,#1364,.F.);
#557=ORIENTED_EDGE('',*,*,#1366,.F.);
#558=ORIENTED_EDGE('',*,*,#1367,.T.);
#559=ORIENTED_EDGE('',*,*,#1368,.T.);
#560=ORIENTED_EDGE('',*,*,#1367,.F.);
#561=ORIENTED_EDGE('',*,*,#1369,.F.);
#562=ORIENTED_EDGE('',*,*,#1365,.F.);
#563=ORIENTED_EDGE('',*,*,#1370,.T.);
#564=ORIENTED_EDGE('',*,*,#1369,.T.);
#565=ORIENTED_EDGE('',*,*,#1366,.T.);
#566=ORIENTED_EDGE('',*,*,#1370,.F.);
#567=ORIENTED_EDGE('',*,*,#1371,.F.);
#568=ORIENTED_EDGE('',*,*,#1372,.T.);
#569=ORIENTED_EDGE('',*,*,#1373,.T.);
#570=ORIENTED_EDGE('',*,*,#1372,.F.);
#571=ORIENTED_EDGE('',*,*,#1374,.F.);
#572=ORIENTED_EDGE('',*,*,#1375,.T.);
#573=ORIENTED_EDGE('',*,*,#1376,.F.);
#574=ORIENTED_EDGE('',*,*,#1375,.F.);
#575=ORIENTED_EDGE('',*,*,#1377,.T.);
#576=ORIENTED_EDGE('',*,*,#1378,.F.);
#577=ORIENTED_EDGE('',*,*,#1377,.F.);
#578=ORIENTED_EDGE('',*,*,#1379,.F.);
#579=ORIENTED_EDGE('',*,*,#1380,.T.);
#580=ORIENTED_EDGE('',*,*,#1381,.T.);
#581=ORIENTED_EDGE('',*,*,#1382,.T.);
#582=ORIENTED_EDGE('',*,*,#1380,.F.);
#583=ORIENTED_EDGE('',*,*,#1383,.T.);
#584=ORIENTED_EDGE('',*,*,#1384,.T.);
#585=ORIENTED_EDGE('',*,*,#1385,.T.);
#586=ORIENTED_EDGE('',*,*,#1384,.F.);
#587=ORIENTED_EDGE('',*,*,#1386,.F.);
#588=ORIENTED_EDGE('',*,*,#1387,.T.);
#589=ORIENTED_EDGE('',*,*,#1388,.T.);
#590=ORIENTED_EDGE('',*,*,#1387,.F.);
#591=ORIENTED_EDGE('',*,*,#1389,.F.);
#592=ORIENTED_EDGE('',*,*,#1382,.F.);
#593=ORIENTED_EDGE('',*,*,#1390,.T.);
#594=ORIENTED_EDGE('',*,*,#1391,.T.);
#595=ORIENTED_EDGE('',*,*,#1390,.F.);
#596=ORIENTED_EDGE('',*,*,#1381,.F.);
#597=ORIENTED_EDGE('',*,*,#1376,.T.);
#598=ORIENTED_EDGE('',*,*,#1392,.T.);
#599=ORIENTED_EDGE('',*,*,#1379,.T.);
#600=ORIENTED_EDGE('',*,*,#1392,.F.);
#601=ORIENTED_EDGE('',*,*,#1393,.T.);
#602=ORIENTED_EDGE('',*,*,#1383,.F.);
#603=ORIENTED_EDGE('',*,*,#1393,.F.);
#604=ORIENTED_EDGE('',*,*,#1394,.T.);
#605=ORIENTED_EDGE('',*,*,#1395,.T.);
#606=ORIENTED_EDGE('',*,*,#1396,.T.);
#607=ORIENTED_EDGE('',*,*,#1395,.F.);
#608=ORIENTED_EDGE('',*,*,#1397,.T.);
#609=ORIENTED_EDGE('',*,*,#1394,.F.);
#610=ORIENTED_EDGE('',*,*,#1397,.F.);
#611=ORIENTED_EDGE('',*,*,#1398,.F.);
#612=ORIENTED_EDGE('',*,*,#1399,.T.);
#613=ORIENTED_EDGE('',*,*,#1374,.T.);
#614=ORIENTED_EDGE('',*,*,#1371,.T.);
#615=ORIENTED_EDGE('',*,*,#1399,.F.);
#616=ORIENTED_EDGE('',*,*,#1400,.F.);
#617=ORIENTED_EDGE('',*,*,#1401,.T.);
#618=ORIENTED_EDGE('',*,*,#1402,.T.);
#619=ORIENTED_EDGE('',*,*,#1401,.F.);
#620=ORIENTED_EDGE('',*,*,#1403,.F.);
#621=ORIENTED_EDGE('',*,*,#1385,.F.);
#622=ORIENTED_EDGE('',*,*,#1404,.T.);
#623=ORIENTED_EDGE('',*,*,#1403,.T.);
#624=ORIENTED_EDGE('',*,*,#1400,.T.);
#625=ORIENTED_EDGE('',*,*,#1404,.F.);
#626=ORIENTED_EDGE('',*,*,#1405,.F.);
#627=ORIENTED_EDGE('',*,*,#1406,.T.);
#628=ORIENTED_EDGE('',*,*,#1407,.T.);
#629=ORIENTED_EDGE('',*,*,#1406,.F.);
#630=ORIENTED_EDGE('',*,*,#1408,.F.);
#631=ORIENTED_EDGE('',*,*,#1409,.T.);
#632=ORIENTED_EDGE('',*,*,#1410,.T.);
#633=ORIENTED_EDGE('',*,*,#1409,.F.);
#634=ORIENTED_EDGE('',*,*,#1411,.F.);
#635=ORIENTED_EDGE('',*,*,#1412,.T.);
#636=ORIENTED_EDGE('',*,*,#1413,.T.);
#637=ORIENTED_EDGE('',*,*,#1414,.F.);
#638=ORIENTED_EDGE('',*,*,#1415,.F.);
#639=ORIENTED_EDGE('',*,*,#1416,.T.);
#640=ORIENTED_EDGE('',*,*,#1417,.T.);
#641=ORIENTED_EDGE('',*,*,#1416,.F.);
#642=ORIENTED_EDGE('',*,*,#1418,.F.);
#643=ORIENTED_EDGE('',*,*,#1419,.T.);
#644=ORIENTED_EDGE('',*,*,#1420,.T.);
#645=ORIENTED_EDGE('',*,*,#1419,.F.);
#646=ORIENTED_EDGE('',*,*,#1421,.F.);
#647=ORIENTED_EDGE('',*,*,#1422,.T.);
#648=ORIENTED_EDGE('',*,*,#1423,.T.);
#649=ORIENTED_EDGE('',*,*,#1422,.F.);
#650=ORIENTED_EDGE('',*,*,#1424,.F.);
#651=ORIENTED_EDGE('',*,*,#1425,.T.);
#652=ORIENTED_EDGE('',*,*,#1426,.T.);
#653=ORIENTED_EDGE('',*,*,#1425,.F.);
#654=ORIENTED_EDGE('',*,*,#1427,.F.);
#655=ORIENTED_EDGE('',*,*,#1428,.T.);
#656=ORIENTED_EDGE('',*,*,#1429,.T.);
#657=ORIENTED_EDGE('',*,*,#1428,.F.);
#658=ORIENTED_EDGE('',*,*,#1430,.F.);
#659=ORIENTED_EDGE('',*,*,#1431,.T.);
#660=ORIENTED_EDGE('',*,*,#1432,.T.);
#661=ORIENTED_EDGE('',*,*,#1431,.F.);
#662=ORIENTED_EDGE('',*,*,#1433,.F.);
#663=ORIENTED_EDGE('',*,*,#1434,.T.);
#664=ORIENTED_EDGE('',*,*,#1435,.T.);
#665=ORIENTED_EDGE('',*,*,#1434,.F.);
#666=ORIENTED_EDGE('',*,*,#1436,.F.);
#667=ORIENTED_EDGE('',*,*,#1437,.T.);
#668=ORIENTED_EDGE('',*,*,#1438,.T.);
#669=ORIENTED_EDGE('',*,*,#1437,.F.);
#670=ORIENTED_EDGE('',*,*,#1378,.T.);
#671=ORIENTED_EDGE('',*,*,#1439,.T.);
#672=ORIENTED_EDGE('',*,*,#1398,.T.);
#673=ORIENTED_EDGE('',*,*,#1439,.F.);
#674=ORIENTED_EDGE('',*,*,#1440,.F.);
#675=ORIENTED_EDGE('',*,*,#1441,.T.);
#676=ORIENTED_EDGE('',*,*,#1442,.T.);
#677=ORIENTED_EDGE('',*,*,#1443,.F.);
#678=ORIENTED_EDGE('',*,*,#1444,.F.);
#679=ORIENTED_EDGE('',*,*,#1445,.T.);
#680=ORIENTED_EDGE('',*,*,#1446,.T.);
#681=ORIENTED_EDGE('',*,*,#1445,.F.);
#682=ORIENTED_EDGE('',*,*,#1447,.F.);
#683=ORIENTED_EDGE('',*,*,#1448,.F.);
#684=ORIENTED_EDGE('',*,*,#1411,.T.);
#685=ORIENTED_EDGE('',*,*,#1449,.T.);
#686=ORIENTED_EDGE('',*,*,#1413,.F.);
#687=ORIENTED_EDGE('',*,*,#1450,.T.);
#688=ORIENTED_EDGE('',*,*,#1451,.T.);
#689=ORIENTED_EDGE('',*,*,#1452,.F.);
#690=ORIENTED_EDGE('',*,*,#1396,.F.);
#691=ORIENTED_EDGE('',*,*,#1453,.T.);
#692=ORIENTED_EDGE('',*,*,#1389,.T.);
#693=ORIENTED_EDGE('',*,*,#1386,.T.);
#694=ORIENTED_EDGE('',*,*,#1453,.F.);
#695=ORIENTED_EDGE('',*,*,#1454,.F.);
#696=ORIENTED_EDGE('',*,*,#1455,.F.);
#697=ORIENTED_EDGE('',*,*,#1456,.F.);
#698=ORIENTED_EDGE('',*,*,#1457,.F.);
#699=ORIENTED_EDGE('',*,*,#1458,.F.);
#700=ORIENTED_EDGE('',*,*,#1459,.F.);
#701=ORIENTED_EDGE('',*,*,#1446,.F.);
#702=ORIENTED_EDGE('',*,*,#1460,.F.);
#703=ORIENTED_EDGE('',*,*,#1461,.F.);
#704=ORIENTED_EDGE('',*,*,#1462,.F.);
#705=ORIENTED_EDGE('',*,*,#1463,.F.);
#706=ORIENTED_EDGE('',*,*,#1464,.F.);
#707=ORIENTED_EDGE('',*,*,#1465,.F.);
#708=ORIENTED_EDGE('',*,*,#1466,.F.);
#709=ORIENTED_EDGE('',*,*,#1447,.T.);
#710=ORIENTED_EDGE('',*,*,#1467,.T.);
#711=ORIENTED_EDGE('',*,*,#1468,.F.);
#712=ORIENTED_EDGE('',*,*,#1469,.T.);
#713=ORIENTED_EDGE('',*,*,#1456,.T.);
#714=ORIENTED_EDGE('',*,*,#1469,.F.);
#715=ORIENTED_EDGE('',*,*,#1470,.F.);
#716=ORIENTED_EDGE('',*,*,#1471,.T.);
#717=ORIENTED_EDGE('',*,*,#1472,.T.);
#718=ORIENTED_EDGE('',*,*,#1471,.F.);
#719=ORIENTED_EDGE('',*,*,#1473,.F.);
#720=ORIENTED_EDGE('',*,*,#1474,.T.);
#721=ORIENTED_EDGE('',*,*,#1440,.T.);
#722=ORIENTED_EDGE('',*,*,#1475,.F.);
#723=ORIENTED_EDGE('',*,*,#1476,.F.);
#724=ORIENTED_EDGE('',*,*,#1477,.T.);
#725=ORIENTED_EDGE('',*,*,#1464,.T.);
#726=ORIENTED_EDGE('',*,*,#1477,.F.);
#727=ORIENTED_EDGE('',*,*,#1478,.T.);
#728=ORIENTED_EDGE('',*,*,#1479,.F.);
#729=ORIENTED_EDGE('',*,*,#1480,.T.);
#730=ORIENTED_EDGE('',*,*,#1481,.T.);
#731=ORIENTED_EDGE('',*,*,#1402,.F.);
#732=ORIENTED_EDGE('',*,*,#1373,.F.);
#733=ORIENTED_EDGE('',*,*,#1482,.T.);
#734=ORIENTED_EDGE('',*,*,#1483,.T.);
#735=ORIENTED_EDGE('',*,*,#1481,.F.);
#736=ORIENTED_EDGE('',*,*,#1484,.F.);
#737=ORIENTED_EDGE('',*,*,#1467,.F.);
#738=ORIENTED_EDGE('',*,*,#1449,.F.);
#739=ORIENTED_EDGE('',*,*,#1414,.T.);
#740=ORIENTED_EDGE('',*,*,#1452,.T.);
#741=ORIENTED_EDGE('',*,*,#1485,.T.);
#742=ORIENTED_EDGE('',*,*,#1475,.T.);
#743=ORIENTED_EDGE('',*,*,#1443,.T.);
#744=ORIENTED_EDGE('',*,*,#1486,.T.);
#745=ORIENTED_EDGE('',*,*,#1487,.F.);
#746=ORIENTED_EDGE('',*,*,#1488,.T.);
#747=ORIENTED_EDGE('',*,*,#1454,.T.);
#748=ORIENTED_EDGE('',*,*,#1488,.F.);
#749=ORIENTED_EDGE('',*,*,#1333,.F.);
#750=ORIENTED_EDGE('',*,*,#1324,.F.);
#751=ORIENTED_EDGE('',*,*,#1342,.F.);
#752=ORIENTED_EDGE('',*,*,#1442,.F.);
#753=ORIENTED_EDGE('',*,*,#1489,.T.);
#754=ORIENTED_EDGE('',*,*,#1490,.T.);
#755=ORIENTED_EDGE('',*,*,#1486,.F.);
#756=ORIENTED_EDGE('',*,*,#1359,.F.);
#757=ORIENTED_EDGE('',*,*,#1350,.F.);
#758=ORIENTED_EDGE('',*,*,#1368,.F.);
#759=ORIENTED_EDGE('',*,*,#1491,.T.);
#760=ORIENTED_EDGE('',*,*,#1492,.T.);
#761=ORIENTED_EDGE('',*,*,#1478,.F.);
#762=ORIENTED_EDGE('',*,*,#1483,.F.);
#763=ORIENTED_EDGE('',*,*,#1493,.F.);
#764=ORIENTED_EDGE('',*,*,#1494,.T.);
#765=ORIENTED_EDGE('',*,*,#1458,.T.);
#766=ORIENTED_EDGE('',*,*,#1494,.F.);
#767=ORIENTED_EDGE('',*,*,#1495,.F.);
#768=ORIENTED_EDGE('',*,*,#1496,.T.);
#769=ORIENTED_EDGE('',*,*,#1463,.T.);
#770=ORIENTED_EDGE('',*,*,#1496,.F.);
#771=ORIENTED_EDGE('',*,*,#1495,.T.);
#772=ORIENTED_EDGE('',*,*,#1418,.T.);
#773=ORIENTED_EDGE('',*,*,#1424,.T.);
#774=ORIENTED_EDGE('',*,*,#1433,.T.);
#775=ORIENTED_EDGE('',*,*,#1408,.T.);
#776=ORIENTED_EDGE('',*,*,#1405,.T.);
#777=ORIENTED_EDGE('',*,*,#1421,.T.);
#778=ORIENTED_EDGE('',*,*,#1430,.T.);
#779=ORIENTED_EDGE('',*,*,#1427,.T.);
#780=ORIENTED_EDGE('',*,*,#1470,.T.);
#781=ORIENTED_EDGE('',*,*,#1415,.T.);
#782=ORIENTED_EDGE('',*,*,#1436,.T.);
#783=ORIENTED_EDGE('',*,*,#1497,.T.);
#784=ORIENTED_EDGE('',*,*,#1498,.T.);
#785=ORIENTED_EDGE('',*,*,#1499,.T.);
#786=ORIENTED_EDGE('',*,*,#1500,.T.);
#787=ORIENTED_EDGE('',*,*,#1444,.T.);
#788=ORIENTED_EDGE('',*,*,#1501,.T.);
#789=ORIENTED_EDGE('',*,*,#1493,.T.);
#790=ORIENTED_EDGE('',*,*,#1502,.T.);
#791=ORIENTED_EDGE('',*,*,#1468,.T.);
#792=ORIENTED_EDGE('',*,*,#1503,.T.);
#793=ORIENTED_EDGE('',*,*,#1487,.T.);
#794=ORIENTED_EDGE('',*,*,#1476,.T.);
#795=ORIENTED_EDGE('',*,*,#1491,.F.);
#796=ORIENTED_EDGE('',*,*,#1482,.F.);
#797=ORIENTED_EDGE('',*,*,#1490,.F.);
#798=ORIENTED_EDGE('',*,*,#1504,.T.);
#799=ORIENTED_EDGE('',*,*,#1501,.F.);
#800=ORIENTED_EDGE('',*,*,#1505,.T.);
#801=ORIENTED_EDGE('',*,*,#1459,.T.);
#802=ORIENTED_EDGE('',*,*,#1505,.F.);
#803=ORIENTED_EDGE('',*,*,#1503,.F.);
#804=ORIENTED_EDGE('',*,*,#1506,.T.);
#805=ORIENTED_EDGE('',*,*,#1455,.T.);
#806=ORIENTED_EDGE('',*,*,#1506,.F.);
#807=ORIENTED_EDGE('',*,*,#1502,.F.);
#808=ORIENTED_EDGE('',*,*,#1507,.T.);
#809=ORIENTED_EDGE('',*,*,#1457,.T.);
#810=ORIENTED_EDGE('',*,*,#1507,.F.);
#811=ORIENTED_EDGE('',*,*,#1499,.F.);
#812=ORIENTED_EDGE('',*,*,#1508,.T.);
#813=ORIENTED_EDGE('',*,*,#1461,.T.);
#814=ORIENTED_EDGE('',*,*,#1508,.F.);
#815=ORIENTED_EDGE('',*,*,#1498,.F.);
#816=ORIENTED_EDGE('',*,*,#1509,.T.);
#817=ORIENTED_EDGE('',*,*,#1462,.T.);
#818=ORIENTED_EDGE('',*,*,#1509,.F.);
#819=ORIENTED_EDGE('',*,*,#1510,.F.);
#820=ORIENTED_EDGE('',*,*,#1465,.T.);
#821=ORIENTED_EDGE('',*,*,#1484,.T.);
#822=ORIENTED_EDGE('',*,*,#1480,.F.);
#823=ORIENTED_EDGE('',*,*,#1497,.F.);
#824=ORIENTED_EDGE('',*,*,#1511,.T.);
#825=ORIENTED_EDGE('',*,*,#1512,.T.);
#826=ORIENTED_EDGE('',*,*,#1511,.F.);
#827=ORIENTED_EDGE('',*,*,#1438,.F.);
#828=ORIENTED_EDGE('',*,*,#1417,.F.);
#829=ORIENTED_EDGE('',*,*,#1472,.F.);
#830=ORIENTED_EDGE('',*,*,#1429,.F.);
#831=ORIENTED_EDGE('',*,*,#1432,.F.);
#832=ORIENTED_EDGE('',*,*,#1423,.F.);
#833=ORIENTED_EDGE('',*,*,#1407,.F.);
#834=ORIENTED_EDGE('',*,*,#1410,.F.);
#835=ORIENTED_EDGE('',*,*,#1435,.F.);
#836=ORIENTED_EDGE('',*,*,#1426,.F.);
#837=ORIENTED_EDGE('',*,*,#1420,.F.);
#838=ORIENTED_EDGE('',*,*,#1512,.F.);
#839=ORIENTED_EDGE('',*,*,#1451,.F.);
#840=ORIENTED_EDGE('',*,*,#1513,.T.);
#841=ORIENTED_EDGE('',*,*,#1473,.T.);
#842=ORIENTED_EDGE('',*,*,#1485,.F.);
#843=ORIENTED_EDGE('',*,*,#1388,.F.);
#844=ORIENTED_EDGE('',*,*,#1391,.F.);
#845=ORIENTED_EDGE('',*,*,#1492,.F.);
#846=ORIENTED_EDGE('',*,*,#1504,.F.);
#847=ORIENTED_EDGE('',*,*,#1489,.F.);
#848=ORIENTED_EDGE('',*,*,#1441,.F.);
#849=ORIENTED_EDGE('',*,*,#1474,.F.);
#850=ORIENTED_EDGE('',*,*,#1513,.F.);
#851=ORIENTED_EDGE('',*,*,#1450,.F.);
#852=ORIENTED_EDGE('',*,*,#1412,.F.);
#853=ORIENTED_EDGE('',*,*,#1448,.T.);
#854=ORIENTED_EDGE('',*,*,#1466,.T.);
#855=ORIENTED_EDGE('',*,*,#1510,.T.);
#856=ORIENTED_EDGE('',*,*,#1479,.T.);
#857=ORIENTED_EDGE('',*,*,#1500,.F.);
#858=ORIENTED_EDGE('',*,*,#1514,.T.);
#859=ORIENTED_EDGE('',*,*,#1460,.T.);
#860=ORIENTED_EDGE('',*,*,#1514,.F.);
#861=ORIENTED_EDGE('',*,*,#1515,.F.);
#862=ORIENTED_EDGE('',*,*,#1516,.F.);
#863=ORIENTED_EDGE('',*,*,#1517,.T.);
#864=ORIENTED_EDGE('',*,*,#1518,.F.);
#865=ORIENTED_EDGE('',*,*,#1517,.F.);
#866=ORIENTED_EDGE('',*,*,#1518,.T.);
#867=ORIENTED_EDGE('',*,*,#1519,.T.);
#868=ORIENTED_EDGE('',*,*,#1520,.T.);
#869=ORIENTED_EDGE('',*,*,#1519,.F.);
#870=ORIENTED_EDGE('',*,*,#1521,.F.);
#871=ORIENTED_EDGE('',*,*,#1522,.F.);
#872=ORIENTED_EDGE('',*,*,#1523,.T.);
#873=ORIENTED_EDGE('',*,*,#1524,.T.);
#874=ORIENTED_EDGE('',*,*,#1523,.F.);
#875=ORIENTED_EDGE('',*,*,#1520,.F.);
#876=ORIENTED_EDGE('',*,*,#1525,.T.);
#877=ORIENTED_EDGE('',*,*,#1521,.T.);
#878=ORIENTED_EDGE('',*,*,#1522,.T.);
#879=ORIENTED_EDGE('',*,*,#1525,.F.);
#880=ORIENTED_EDGE('',*,*,#1526,.F.);
#881=ORIENTED_EDGE('',*,*,#1527,.T.);
#882=ORIENTED_EDGE('',*,*,#1528,.T.);
#883=ORIENTED_EDGE('',*,*,#1527,.F.);
#884=ORIENTED_EDGE('',*,*,#1529,.F.);
#885=ORIENTED_EDGE('',*,*,#1530,.F.);
#886=ORIENTED_EDGE('',*,*,#1531,.T.);
#887=ORIENTED_EDGE('',*,*,#1529,.T.);
#888=ORIENTED_EDGE('',*,*,#1526,.T.);
#889=ORIENTED_EDGE('',*,*,#1531,.F.);
#890=ORIENTED_EDGE('',*,*,#1532,.F.);
#891=ORIENTED_EDGE('',*,*,#1533,.T.);
#892=ORIENTED_EDGE('',*,*,#1534,.T.);
#893=ORIENTED_EDGE('',*,*,#1533,.F.);
#894=ORIENTED_EDGE('',*,*,#1535,.T.);
#895=ORIENTED_EDGE('',*,*,#1536,.T.);
#896=ORIENTED_EDGE('',*,*,#1537,.F.);
#897=ORIENTED_EDGE('',*,*,#1538,.F.);
#898=ORIENTED_EDGE('',*,*,#1539,.T.);
#899=ORIENTED_EDGE('',*,*,#1540,.T.);
#900=ORIENTED_EDGE('',*,*,#1541,.F.);
#901=ORIENTED_EDGE('',*,*,#1542,.T.);
#902=ORIENTED_EDGE('',*,*,#1543,.T.);
#903=ORIENTED_EDGE('',*,*,#1542,.F.);
#904=ORIENTED_EDGE('',*,*,#1535,.F.);
#905=ORIENTED_EDGE('',*,*,#1544,.T.);
#906=ORIENTED_EDGE('',*,*,#1545,.T.);
#907=ORIENTED_EDGE('',*,*,#1544,.F.);
#908=ORIENTED_EDGE('',*,*,#1524,.F.);
#909=ORIENTED_EDGE('',*,*,#1537,.T.);
#910=ORIENTED_EDGE('',*,*,#1546,.T.);
#911=ORIENTED_EDGE('',*,*,#1547,.F.);
#912=ORIENTED_EDGE('',*,*,#1548,.F.);
#913=ORIENTED_EDGE('',*,*,#1536,.F.);
#914=ORIENTED_EDGE('',*,*,#1549,.T.);
#915=ORIENTED_EDGE('',*,*,#1550,.T.);
#916=ORIENTED_EDGE('',*,*,#1549,.F.);
#917=ORIENTED_EDGE('',*,*,#1528,.F.);
#918=ORIENTED_EDGE('',*,*,#1539,.F.);
#919=ORIENTED_EDGE('',*,*,#1551,.T.);
#920=ORIENTED_EDGE('',*,*,#1552,.F.);
#921=ORIENTED_EDGE('',*,*,#1553,.F.);
#922=ORIENTED_EDGE('',*,*,#1554,.T.);
#923=ORIENTED_EDGE('',*,*,#1555,.T.);
#924=ORIENTED_EDGE('',*,*,#1546,.F.);
#925=ORIENTED_EDGE('',*,*,#1540,.F.);
#926=ORIENTED_EDGE('',*,*,#1553,.T.);
#927=ORIENTED_EDGE('',*,*,#1556,.T.);
#928=ORIENTED_EDGE('',*,*,#1545,.F.);
#929=ORIENTED_EDGE('',*,*,#1532,.T.);
#930=ORIENTED_EDGE('',*,*,#1550,.F.);
#931=ORIENTED_EDGE('',*,*,#1541,.T.);
#932=ORIENTED_EDGE('',*,*,#1534,.F.);
#933=ORIENTED_EDGE('',*,*,#1543,.F.);
#934=ORIENTED_EDGE('',*,*,#1556,.F.);
#935=ORIENTED_EDGE('',*,*,#1552,.T.);
#936=ORIENTED_EDGE('',*,*,#1557,.T.);
#937=ORIENTED_EDGE('',*,*,#1547,.T.);
#938=ORIENTED_EDGE('',*,*,#1558,.T.);
#939=ORIENTED_EDGE('',*,*,#1559,.T.);
#940=ORIENTED_EDGE('',*,*,#1530,.T.);
#941=ORIENTED_EDGE('',*,*,#1559,.F.);
#942=ORIENTED_EDGE('',*,*,#1560,.F.);
#943=ORIENTED_EDGE('',*,*,#1561,.F.);
#944=ORIENTED_EDGE('',*,*,#1562,.T.);
#945=ORIENTED_EDGE('',*,*,#1558,.F.);
#946=ORIENTED_EDGE('',*,*,#1562,.F.);
#947=ORIENTED_EDGE('',*,*,#1560,.T.);
#948=ORIENTED_EDGE('',*,*,#1561,.T.);
#949=ORIENTED_EDGE('',*,*,#1554,.F.);
#950=ORIENTED_EDGE('',*,*,#1563,.T.);
#951=ORIENTED_EDGE('',*,*,#1564,.F.);
#952=ORIENTED_EDGE('',*,*,#1563,.F.);
#953=ORIENTED_EDGE('',*,*,#1564,.T.);
#954=ORIENTED_EDGE('',*,*,#1565,.F.);
#955=ORIENTED_EDGE('',*,*,#1565,.T.);
#956=ORIENTED_EDGE('',*,*,#1566,.T.);
#957=ORIENTED_EDGE('',*,*,#1567,.T.);
#958=ORIENTED_EDGE('',*,*,#1566,.F.);
#959=ORIENTED_EDGE('',*,*,#1515,.T.);
#960=ORIENTED_EDGE('',*,*,#1516,.T.);
#961=ORIENTED_EDGE('',*,*,#1555,.F.);
#962=ORIENTED_EDGE('',*,*,#1568,.T.);
#963=ORIENTED_EDGE('',*,*,#1569,.F.);
#964=ORIENTED_EDGE('',*,*,#1568,.F.);
#965=ORIENTED_EDGE('',*,*,#1569,.T.);
#966=ORIENTED_EDGE('',*,*,#1570,.F.);
#967=ORIENTED_EDGE('',*,*,#1570,.T.);
#968=ORIENTED_EDGE('',*,*,#1571,.T.);
#969=ORIENTED_EDGE('',*,*,#1572,.T.);
#970=ORIENTED_EDGE('',*,*,#1571,.F.);
#971=ORIENTED_EDGE('',*,*,#1567,.F.);
#972=ORIENTED_EDGE('',*,*,#1572,.F.);
#973=ORIENTED_EDGE('',*,*,#1538,.T.);
#974=ORIENTED_EDGE('',*,*,#1548,.T.);
#975=ORIENTED_EDGE('',*,*,#1557,.F.);
#976=ORIENTED_EDGE('',*,*,#1551,.F.);
#977=ORIENTED_EDGE('',*,*,#1573,.T.);
#978=ORIENTED_EDGE('',*,*,#1574,.T.);
#979=ORIENTED_EDGE('',*,*,#1575,.T.);
#980=ORIENTED_EDGE('',*,*,#1576,.T.);
#981=ORIENTED_EDGE('',*,*,#1577,.T.);
#982=ORIENTED_EDGE('',*,*,#1578,.T.);
#983=ORIENTED_EDGE('',*,*,#1579,.T.);
#984=ORIENTED_EDGE('',*,*,#1580,.T.);
#985=ORIENTED_EDGE('',*,*,#1581,.F.);
#986=ORIENTED_EDGE('',*,*,#1582,.T.);
#987=ORIENTED_EDGE('',*,*,#1582,.F.);
#988=ORIENTED_EDGE('',*,*,#1583,.T.);
#989=ORIENTED_EDGE('',*,*,#1584,.T.);
#990=ORIENTED_EDGE('',*,*,#1583,.F.);
#991=ORIENTED_EDGE('',*,*,#1585,.F.);
#992=ORIENTED_EDGE('',*,*,#1586,.F.);
#993=ORIENTED_EDGE('',*,*,#1587,.F.);
#994=ORIENTED_EDGE('',*,*,#1584,.F.);
#995=ORIENTED_EDGE('',*,*,#1588,.F.);
#996=ORIENTED_EDGE('',*,*,#1589,.F.);
#997=ORIENTED_EDGE('',*,*,#1590,.F.);
#998=ORIENTED_EDGE('',*,*,#1591,.F.);
#999=ORIENTED_EDGE('',*,*,#1592,.F.);
#1000=ORIENTED_EDGE('',*,*,#1593,.F.);
#1001=ORIENTED_EDGE('',*,*,#1594,.F.);
#1002=ORIENTED_EDGE('',*,*,#1595,.F.);
#1003=ORIENTED_EDGE('',*,*,#1596,.T.);
#1004=ORIENTED_EDGE('',*,*,#1593,.T.);
#1005=ORIENTED_EDGE('',*,*,#1597,.F.);
#1006=ORIENTED_EDGE('',*,*,#1577,.F.);
#1007=ORIENTED_EDGE('',*,*,#1598,.T.);
#1008=ORIENTED_EDGE('',*,*,#1591,.T.);
#1009=ORIENTED_EDGE('',*,*,#1590,.T.);
#1010=ORIENTED_EDGE('',*,*,#1599,.T.);
#1011=ORIENTED_EDGE('',*,*,#1594,.T.);
#1012=ORIENTED_EDGE('',*,*,#1596,.F.);
#1013=ORIENTED_EDGE('',*,*,#1575,.F.);
#1014=ORIENTED_EDGE('',*,*,#1600,.T.);
#1015=ORIENTED_EDGE('',*,*,#1601,.T.);
#1016=ORIENTED_EDGE('',*,*,#1600,.F.);
#1017=ORIENTED_EDGE('',*,*,#1602,.F.);
#1018=ORIENTED_EDGE('',*,*,#1603,.T.);
#1019=ORIENTED_EDGE('',*,*,#1603,.F.);
#1020=ORIENTED_EDGE('',*,*,#1604,.T.);
#1021=ORIENTED_EDGE('',*,*,#1586,.T.);
#1022=ORIENTED_EDGE('',*,*,#1604,.F.);
#1023=ORIENTED_EDGE('',*,*,#1573,.F.);
#1024=ORIENTED_EDGE('',*,*,#1605,.T.);
#1025=ORIENTED_EDGE('',*,*,#1606,.T.);
#1026=ORIENTED_EDGE('',*,*,#1605,.F.);
#1027=ORIENTED_EDGE('',*,*,#1606,.F.);
#1028=ORIENTED_EDGE('',*,*,#1607,.T.);
#1029=ORIENTED_EDGE('',*,*,#1607,.F.);
#1030=ORIENTED_EDGE('',*,*,#1608,.T.);
#1031=ORIENTED_EDGE('',*,*,#1587,.T.);
#1032=ORIENTED_EDGE('',*,*,#1608,.F.);
#1033=ORIENTED_EDGE('',*,*,#1574,.F.);
#1034=ORIENTED_EDGE('',*,*,#1609,.T.);
#1035=ORIENTED_EDGE('',*,*,#1581,.T.);
#1036=ORIENTED_EDGE('',*,*,#1609,.F.);
#1037=ORIENTED_EDGE('',*,*,#1601,.F.);
#1038=ORIENTED_EDGE('',*,*,#1610,.T.);
#1039=ORIENTED_EDGE('',*,*,#1610,.F.);
#1040=ORIENTED_EDGE('',*,*,#1611,.T.);
#1041=ORIENTED_EDGE('',*,*,#1585,.T.);
#1042=ORIENTED_EDGE('',*,*,#1611,.F.);
#1043=ORIENTED_EDGE('',*,*,#1576,.F.);
#1044=ORIENTED_EDGE('',*,*,#1612,.T.);
#1045=ORIENTED_EDGE('',*,*,#1602,.T.);
#1046=ORIENTED_EDGE('',*,*,#1612,.F.);
#1047=ORIENTED_EDGE('',*,*,#1579,.F.);
#1048=ORIENTED_EDGE('',*,*,#1613,.T.);
#1049=ORIENTED_EDGE('',*,*,#1595,.T.);
#1050=ORIENTED_EDGE('',*,*,#1599,.F.);
#1051=ORIENTED_EDGE('',*,*,#1589,.T.);
#1052=ORIENTED_EDGE('',*,*,#1614,.F.);
#1053=ORIENTED_EDGE('',*,*,#1580,.F.);
#1054=ORIENTED_EDGE('',*,*,#1614,.T.);
#1055=ORIENTED_EDGE('',*,*,#1588,.T.);
#1056=ORIENTED_EDGE('',*,*,#1598,.F.);
#1057=ORIENTED_EDGE('',*,*,#1578,.F.);
#1058=ORIENTED_EDGE('',*,*,#1597,.T.);
#1059=ORIENTED_EDGE('',*,*,#1592,.T.);
#1060=ORIENTED_EDGE('',*,*,#1613,.F.);
#1061=ORIENTED_EDGE('',*,*,#1615,.T.);
#1062=ORIENTED_EDGE('',*,*,#1616,.T.);
#1063=ORIENTED_EDGE('',*,*,#1617,.T.);
#1064=ORIENTED_EDGE('',*,*,#1618,.T.);
#1065=ORIENTED_EDGE('',*,*,#1615,.F.);
#1066=ORIENTED_EDGE('',*,*,#1618,.F.);
#1067=ORIENTED_EDGE('',*,*,#1616,.F.);
#1068=ORIENTED_EDGE('',*,*,#1617,.F.);
#1069=ORIENTED_EDGE('',*,*,#1619,.T.);
#1070=ORIENTED_EDGE('',*,*,#1620,.T.);
#1071=ORIENTED_EDGE('',*,*,#1619,.F.);
#1072=ORIENTED_EDGE('',*,*,#1620,.F.);
#1073=ORIENTED_EDGE('',*,*,#1621,.T.);
#1074=ORIENTED_EDGE('',*,*,#1622,.T.);
#1075=ORIENTED_EDGE('',*,*,#1621,.F.);
#1076=ORIENTED_EDGE('',*,*,#1623,.T.);
#1077=ORIENTED_EDGE('',*,*,#1624,.T.);
#1078=ORIENTED_EDGE('',*,*,#1625,.F.);
#1079=ORIENTED_EDGE('',*,*,#1626,.T.);
#1080=ORIENTED_EDGE('',*,*,#1627,.T.);
#1081=ORIENTED_EDGE('',*,*,#1628,.T.);
#1082=ORIENTED_EDGE('',*,*,#1623,.F.);
#1083=ORIENTED_EDGE('',*,*,#1629,.T.);
#1084=ORIENTED_EDGE('',*,*,#1630,.T.);
#1085=ORIENTED_EDGE('',*,*,#1631,.T.);
#1086=ORIENTED_EDGE('',*,*,#1632,.F.);
#1087=ORIENTED_EDGE('',*,*,#1633,.T.);
#1088=ORIENTED_EDGE('',*,*,#1632,.T.);
#1089=ORIENTED_EDGE('',*,*,#1634,.T.);
#1090=ORIENTED_EDGE('',*,*,#1635,.F.);
#1091=ORIENTED_EDGE('',*,*,#1636,.T.);
#1092=ORIENTED_EDGE('',*,*,#1635,.T.);
#1093=ORIENTED_EDGE('',*,*,#1637,.T.);
#1094=ORIENTED_EDGE('',*,*,#1627,.F.);
#1095=ORIENTED_EDGE('',*,*,#1638,.T.);
#1096=ORIENTED_EDGE('',*,*,#1633,.F.);
#1097=ORIENTED_EDGE('',*,*,#1636,.F.);
#1098=ORIENTED_EDGE('',*,*,#1638,.F.);
#1099=ORIENTED_EDGE('',*,*,#1629,.F.);
#1100=ORIENTED_EDGE('',*,*,#1626,.F.);
#1101=ORIENTED_EDGE('',*,*,#1639,.F.);
#1102=ORIENTED_EDGE('',*,*,#1625,.T.);
#1103=ORIENTED_EDGE('',*,*,#1640,.T.);
#1104=ORIENTED_EDGE('',*,*,#1630,.F.);
#1105=ORIENTED_EDGE('',*,*,#1639,.T.);
#1106=ORIENTED_EDGE('',*,*,#1640,.F.);
#1107=ORIENTED_EDGE('',*,*,#1641,.F.);
#1108=ORIENTED_EDGE('',*,*,#1631,.F.);
#1109=ORIENTED_EDGE('',*,*,#1642,.F.);
#1110=ORIENTED_EDGE('',*,*,#1634,.F.);
#1111=ORIENTED_EDGE('',*,*,#1643,.F.);
#1112=ORIENTED_EDGE('',*,*,#1637,.F.);
#1113=ORIENTED_EDGE('',*,*,#1644,.F.);
#1114=ORIENTED_EDGE('',*,*,#1628,.F.);
#1115=ORIENTED_EDGE('',*,*,#1645,.F.);
#1116=ORIENTED_EDGE('',*,*,#1646,.F.);
#1117=ORIENTED_EDGE('',*,*,#1647,.T.);
#1118=ORIENTED_EDGE('',*,*,#1648,.T.);
#1119=ORIENTED_EDGE('',*,*,#1649,.T.);
#1120=ORIENTED_EDGE('',*,*,#1647,.F.);
#1121=ORIENTED_EDGE('',*,*,#1622,.F.);
#1122=ORIENTED_EDGE('',*,*,#1646,.T.);
#1123=ORIENTED_EDGE('',*,*,#1650,.F.);
#1124=ORIENTED_EDGE('',*,*,#1624,.F.);
#1125=ORIENTED_EDGE('',*,*,#1650,.T.);
#1126=ORIENTED_EDGE('',*,*,#1645,.T.);
#1127=ORIENTED_EDGE('',*,*,#1644,.T.);
#1128=ORIENTED_EDGE('',*,*,#1643,.T.);
#1129=ORIENTED_EDGE('',*,*,#1642,.T.);
#1130=ORIENTED_EDGE('',*,*,#1641,.T.);
#1131=ORIENTED_EDGE('',*,*,#1651,.F.);
#1132=ORIENTED_EDGE('',*,*,#1649,.F.);
#1133=ORIENTED_EDGE('',*,*,#1652,.T.);
#1134=ORIENTED_EDGE('',*,*,#1651,.T.);
#1135=ORIENTED_EDGE('',*,*,#1652,.F.);
#1136=ORIENTED_EDGE('',*,*,#1648,.F.);
#1137=ORIENTED_EDGE('',*,*,#1653,.T.);
#1138=ORIENTED_EDGE('',*,*,#1654,.F.);
#1139=ORIENTED_EDGE('',*,*,#1655,.F.);
#1140=ORIENTED_EDGE('',*,*,#1656,.T.);
#1141=ORIENTED_EDGE('',*,*,#1653,.F.);
#1142=ORIENTED_EDGE('',*,*,#1657,.T.);
#1143=ORIENTED_EDGE('',*,*,#1655,.T.);
#1144=ORIENTED_EDGE('',*,*,#1657,.F.);
#1145=ORIENTED_EDGE('',*,*,#1656,.F.);
#1146=ORIENTED_EDGE('',*,*,#1658,.T.);
#1147=ORIENTED_EDGE('',*,*,#1654,.T.);
#1148=ORIENTED_EDGE('',*,*,#1658,.F.);
#1149=ORIENTED_EDGE('',*,*,#1659,.F.);
#1150=ORIENTED_EDGE('',*,*,#1660,.T.);
#1151=ORIENTED_EDGE('',*,*,#1661,.F.);
#1152=ORIENTED_EDGE('',*,*,#1660,.F.);
#1153=ORIENTED_EDGE('',*,*,#1662,.F.);
#1154=ORIENTED_EDGE('',*,*,#1663,.T.);
#1155=ORIENTED_EDGE('',*,*,#1664,.F.);
#1156=ORIENTED_EDGE('',*,*,#1663,.F.);
#1157=ORIENTED_EDGE('',*,*,#1665,.F.);
#1158=ORIENTED_EDGE('',*,*,#1666,.T.);
#1159=ORIENTED_EDGE('',*,*,#1667,.F.);
#1160=ORIENTED_EDGE('',*,*,#1666,.F.);
#1161=ORIENTED_EDGE('',*,*,#1668,.F.);
#1162=ORIENTED_EDGE('',*,*,#1669,.T.);
#1163=ORIENTED_EDGE('',*,*,#1670,.F.);
#1164=ORIENTED_EDGE('',*,*,#1669,.F.);
#1165=ORIENTED_EDGE('',*,*,#1671,.F.);
#1166=ORIENTED_EDGE('',*,*,#1672,.T.);
#1167=ORIENTED_EDGE('',*,*,#1673,.F.);
#1168=ORIENTED_EDGE('',*,*,#1672,.F.);
#1169=ORIENTED_EDGE('',*,*,#1674,.F.);
#1170=ORIENTED_EDGE('',*,*,#1675,.T.);
#1171=ORIENTED_EDGE('',*,*,#1676,.F.);
#1172=ORIENTED_EDGE('',*,*,#1675,.F.);
#1173=ORIENTED_EDGE('',*,*,#1677,.F.);
#1174=ORIENTED_EDGE('',*,*,#1678,.T.);
#1175=ORIENTED_EDGE('',*,*,#1679,.F.);
#1176=ORIENTED_EDGE('',*,*,#1678,.F.);
#1177=ORIENTED_EDGE('',*,*,#1680,.F.);
#1178=ORIENTED_EDGE('',*,*,#1681,.T.);
#1179=ORIENTED_EDGE('',*,*,#1682,.F.);
#1180=ORIENTED_EDGE('',*,*,#1681,.F.);
#1181=ORIENTED_EDGE('',*,*,#1683,.F.);
#1182=ORIENTED_EDGE('',*,*,#1684,.T.);
#1183=ORIENTED_EDGE('',*,*,#1685,.F.);
#1184=ORIENTED_EDGE('',*,*,#1684,.F.);
#1185=ORIENTED_EDGE('',*,*,#1686,.F.);
#1186=ORIENTED_EDGE('',*,*,#1687,.T.);
#1187=ORIENTED_EDGE('',*,*,#1688,.F.);
#1188=ORIENTED_EDGE('',*,*,#1687,.F.);
#1189=ORIENTED_EDGE('',*,*,#1689,.F.);
#1190=ORIENTED_EDGE('',*,*,#1690,.T.);
#1191=ORIENTED_EDGE('',*,*,#1691,.F.);
#1192=ORIENTED_EDGE('',*,*,#1690,.F.);
#1193=ORIENTED_EDGE('',*,*,#1664,.T.);
#1194=ORIENTED_EDGE('',*,*,#1692,.T.);
#1195=ORIENTED_EDGE('',*,*,#1679,.T.);
#1196=ORIENTED_EDGE('',*,*,#1693,.T.);
#1197=ORIENTED_EDGE('',*,*,#1682,.T.);
#1198=ORIENTED_EDGE('',*,*,#1694,.T.);
#1199=ORIENTED_EDGE('',*,*,#1667,.T.);
#1200=ORIENTED_EDGE('',*,*,#1695,.T.);
#1201=ORIENTED_EDGE('',*,*,#1685,.T.);
#1202=ORIENTED_EDGE('',*,*,#1696,.T.);
#1203=ORIENTED_EDGE('',*,*,#1673,.T.);
#1204=ORIENTED_EDGE('',*,*,#1697,.T.);
#1205=ORIENTED_EDGE('',*,*,#1661,.T.);
#1206=ORIENTED_EDGE('',*,*,#1698,.T.);
#1207=ORIENTED_EDGE('',*,*,#1688,.T.);
#1208=ORIENTED_EDGE('',*,*,#1699,.T.);
#1209=ORIENTED_EDGE('',*,*,#1670,.T.);
#1210=ORIENTED_EDGE('',*,*,#1700,.T.);
#1211=ORIENTED_EDGE('',*,*,#1676,.T.);
#1212=ORIENTED_EDGE('',*,*,#1701,.T.);
#1213=ORIENTED_EDGE('',*,*,#1691,.T.);
#1214=ORIENTED_EDGE('',*,*,#1702,.T.);
#1215=ORIENTED_EDGE('',*,*,#1659,.T.);
#1216=ORIENTED_EDGE('',*,*,#1674,.T.);
#1217=ORIENTED_EDGE('',*,*,#1689,.T.);
#1218=ORIENTED_EDGE('',*,*,#1665,.T.);
#1219=ORIENTED_EDGE('',*,*,#1662,.T.);
#1220=ORIENTED_EDGE('',*,*,#1680,.T.);
#1221=ORIENTED_EDGE('',*,*,#1671,.T.);
#1222=ORIENTED_EDGE('',*,*,#1668,.T.);
#1223=ORIENTED_EDGE('',*,*,#1703,.T.);
#1224=ORIENTED_EDGE('',*,*,#1677,.T.);
#1225=ORIENTED_EDGE('',*,*,#1686,.T.);
#1226=ORIENTED_EDGE('',*,*,#1683,.T.);
#1227=ORIENTED_EDGE('',*,*,#1704,.F.);
#1228=ORIENTED_EDGE('',*,*,#1705,.T.);
#1229=ORIENTED_EDGE('',*,*,#1706,.T.);
#1230=ORIENTED_EDGE('',*,*,#1707,.T.);
#1231=ORIENTED_EDGE('',*,*,#1707,.F.);
#1232=ORIENTED_EDGE('',*,*,#1708,.T.);
#1233=ORIENTED_EDGE('',*,*,#1709,.T.);
#1234=ORIENTED_EDGE('',*,*,#1710,.T.);
#1235=ORIENTED_EDGE('',*,*,#1692,.F.);
#1236=ORIENTED_EDGE('',*,*,#1711,.T.);
#1237=ORIENTED_EDGE('',*,*,#1712,.T.);
#1238=ORIENTED_EDGE('',*,*,#1711,.F.);
#1239=ORIENTED_EDGE('',*,*,#1713,.T.);
#1240=ORIENTED_EDGE('',*,*,#1714,.T.);
#1241=ORIENTED_EDGE('',*,*,#1708,.F.);
#1242=ORIENTED_EDGE('',*,*,#1706,.F.);
#1243=ORIENTED_EDGE('',*,*,#1705,.F.);
#1244=ORIENTED_EDGE('',*,*,#1715,.F.);
#1245=ORIENTED_EDGE('',*,*,#1716,.F.);
#1246=ORIENTED_EDGE('',*,*,#1713,.F.);
#1247=ORIENTED_EDGE('',*,*,#1717,.F.);
#1248=ORIENTED_EDGE('',*,*,#1715,.T.);
#1249=ORIENTED_EDGE('',*,*,#1704,.T.);
#1250=ORIENTED_EDGE('',*,*,#1710,.F.);
#1251=ORIENTED_EDGE('',*,*,#1693,.F.);
#1252=ORIENTED_EDGE('',*,*,#1718,.T.);
#1253=ORIENTED_EDGE('',*,*,#1719,.T.);
#1254=ORIENTED_EDGE('',*,*,#1718,.F.);
#1255=ORIENTED_EDGE('',*,*,#1694,.F.);
#1256=ORIENTED_EDGE('',*,*,#1720,.T.);
#1257=ORIENTED_EDGE('',*,*,#1721,.T.);
#1258=ORIENTED_EDGE('',*,*,#1720,.F.);
#1259=ORIENTED_EDGE('',*,*,#1695,.F.);
#1260=ORIENTED_EDGE('',*,*,#1722,.T.);
#1261=ORIENTED_EDGE('',*,*,#1723,.T.);
#1262=ORIENTED_EDGE('',*,*,#1722,.F.);
#1263=ORIENTED_EDGE('',*,*,#1696,.F.);
#1264=ORIENTED_EDGE('',*,*,#1724,.T.);
#1265=ORIENTED_EDGE('',*,*,#1725,.T.);
#1266=ORIENTED_EDGE('',*,*,#1724,.F.);
#1267=ORIENTED_EDGE('',*,*,#1697,.F.);
#1268=ORIENTED_EDGE('',*,*,#1726,.T.);
#1269=ORIENTED_EDGE('',*,*,#1727,.T.);
#1270=ORIENTED_EDGE('',*,*,#1726,.F.);
#1271=ORIENTED_EDGE('',*,*,#1698,.F.);
#1272=ORIENTED_EDGE('',*,*,#1728,.T.);
#1273=ORIENTED_EDGE('',*,*,#1729,.T.);
#1274=ORIENTED_EDGE('',*,*,#1728,.F.);
#1275=ORIENTED_EDGE('',*,*,#1699,.F.);
#1276=ORIENTED_EDGE('',*,*,#1730,.T.);
#1277=ORIENTED_EDGE('',*,*,#1731,.T.);
#1278=ORIENTED_EDGE('',*,*,#1730,.F.);
#1279=ORIENTED_EDGE('',*,*,#1700,.F.);
#1280=ORIENTED_EDGE('',*,*,#1732,.T.);
#1281=ORIENTED_EDGE('',*,*,#1733,.T.);
#1282=ORIENTED_EDGE('',*,*,#1732,.F.);
#1283=ORIENTED_EDGE('',*,*,#1701,.F.);
#1284=ORIENTED_EDGE('',*,*,#1734,.T.);
#1285=ORIENTED_EDGE('',*,*,#1735,.T.);
#1286=ORIENTED_EDGE('',*,*,#1734,.F.);
#1287=ORIENTED_EDGE('',*,*,#1702,.F.);
#1288=ORIENTED_EDGE('',*,*,#1736,.T.);
#1289=ORIENTED_EDGE('',*,*,#1737,.T.);
#1290=ORIENTED_EDGE('',*,*,#1736,.F.);
#1291=ORIENTED_EDGE('',*,*,#1703,.F.);
#1292=ORIENTED_EDGE('',*,*,#1738,.T.);
#1293=ORIENTED_EDGE('',*,*,#1739,.F.);
#1294=ORIENTED_EDGE('',*,*,#1738,.F.);
#1295=ORIENTED_EDGE('',*,*,#1729,.F.);
#1296=ORIENTED_EDGE('',*,*,#1735,.F.);
#1297=ORIENTED_EDGE('',*,*,#1737,.F.);
#1298=ORIENTED_EDGE('',*,*,#1723,.F.);
#1299=ORIENTED_EDGE('',*,*,#1712,.F.);
#1300=ORIENTED_EDGE('',*,*,#1721,.F.);
#1301=ORIENTED_EDGE('',*,*,#1727,.F.);
#1302=ORIENTED_EDGE('',*,*,#1733,.F.);
#1303=ORIENTED_EDGE('',*,*,#1740,.F.);
#1304=ORIENTED_EDGE('',*,*,#1719,.F.);
#1305=ORIENTED_EDGE('',*,*,#1731,.F.);
#1306=ORIENTED_EDGE('',*,*,#1725,.F.);
#1307=ORIENTED_EDGE('',*,*,#1714,.F.);
#1308=ORIENTED_EDGE('',*,*,#1716,.T.);
#1309=ORIENTED_EDGE('',*,*,#1717,.T.);
#1310=ORIENTED_EDGE('',*,*,#1709,.F.);
#1311=ORIENTED_EDGE('',*,*,#1739,.T.);
#1312=ORIENTED_EDGE('',*,*,#1741,.T.);
#1313=ORIENTED_EDGE('',*,*,#1741,.F.);
#1314=ORIENTED_EDGE('',*,*,#1742,.T.);
#1315=ORIENTED_EDGE('',*,*,#1740,.T.);
#1316=ORIENTED_EDGE('',*,*,#1742,.F.);
#1317=EDGE_CURVE('',#1743,#1744,#2022,.T.);
#1318=EDGE_CURVE('',#1744,#1744,#257,.T.);
#1319=EDGE_CURVE('',#1744,#1745,#2023,.T.);
#1320=EDGE_CURVE('',#1745,#1745,#258,.T.);
#1321=EDGE_CURVE('',#1746,#1747,#259,.T.);
#1322=EDGE_CURVE('',#1747,#1746,#260,.T.);
#1323=EDGE_CURVE('',#1747,#1748,#2024,.T.);
#1324=EDGE_CURVE('',#1748,#1748,#261,.T.);
#1325=EDGE_CURVE('',#1745,#1746,#2025,.T.);
#1326=EDGE_CURVE('',#1749,#1750,#2026,.T.);
#1327=EDGE_CURVE('',#1750,#1750,#262,.T.);
#1328=EDGE_CURVE('',#1750,#1751,#2027,.T.);
#1329=EDGE_CURVE('',#1751,#1751,#263,.T.);
#1330=EDGE_CURVE('',#1752,#1753,#264,.T.);
#1331=EDGE_CURVE('',#1753,#1752,#265,.T.);
#1332=EDGE_CURVE('',#1753,#1754,#2028,.T.);
#1333=EDGE_CURVE('',#1754,#1754,#266,.T.);
#1334=EDGE_CURVE('',#1751,#1752,#2029,.T.);
#1335=EDGE_CURVE('',#1755,#1756,#2030,.T.);
#1336=EDGE_CURVE('',#1756,#1756,#267,.T.);
#1337=EDGE_CURVE('',#1756,#1757,#2031,.T.);
#1338=EDGE_CURVE('',#1757,#1757,#268,.T.);
#1339=EDGE_CURVE('',#1758,#1759,#269,.T.);
#1340=EDGE_CURVE('',#1759,#1758,#270,.T.);
#1341=EDGE_CURVE('',#1759,#1760,#2032,.T.);
#1342=EDGE_CURVE('',#1760,#1760,#271,.T.);
#1343=EDGE_CURVE('',#1757,#1758,#2033,.T.);
#1344=EDGE_CURVE('',#1761,#1762,#2034,.T.);
#1345=EDGE_CURVE('',#1762,#1762,#272,.T.);
#1346=EDGE_CURVE('',#1762,#1763,#2035,.T.);
#1347=EDGE_CURVE('',#1763,#1763,#273,.T.);
#1348=EDGE_CURVE('',#1764,#1765,#274,.T.);
#1349=EDGE_CURVE('',#1764,#1766,#2036,.T.);
#1350=EDGE_CURVE('',#1766,#1766,#275,.T.);
#1351=EDGE_CURVE('',#1765,#1764,#276,.T.);
#1352=EDGE_CURVE('',#1763,#1765,#2037,.T.);
#1353=EDGE_CURVE('',#1767,#1768,#2038,.T.);
#1354=EDGE_CURVE('',#1768,#1768,#277,.T.);
#1355=EDGE_CURVE('',#1768,#1769,#2039,.T.);
#1356=EDGE_CURVE('',#1769,#1769,#278,.T.);
#1357=EDGE_CURVE('',#1770,#1771,#279,.T.);
#1358=EDGE_CURVE('',#1770,#1772,#2040,.T.);
#1359=EDGE_CURVE('',#1772,#1772,#280,.T.);
#1360=EDGE_CURVE('',#1771,#1770,#281,.T.);
#1361=EDGE_CURVE('',#1769,#1771,#2041,.T.);
#1362=EDGE_CURVE('',#1773,#1774,#2042,.T.);
#1363=EDGE_CURVE('',#1774,#1774,#282,.T.);
#1364=EDGE_CURVE('',#1774,#1775,#2043,.T.);
#1365=EDGE_CURVE('',#1775,#1775,#283,.T.);
#1366=EDGE_CURVE('',#1776,#1777,#284,.T.);
#1367=EDGE_CURVE('',#1776,#1778,#2044,.T.);
#1368=EDGE_CURVE('',#1778,#1778,#285,.T.);
#1369=EDGE_CURVE('',#1777,#1776,#286,.T.);
#1370=EDGE_CURVE('',#1775,#1777,#2045,.T.);
#1371=EDGE_CURVE('',#1779,#1780,#287,.T.);
#1372=EDGE_CURVE('',#1779,#1781,#2046,.T.);
#1373=EDGE_CURVE('',#1781,#1781,#288,.T.);
#1374=EDGE_CURVE('',#1780,#1779,#289,.T.);
#1375=EDGE_CURVE('',#1782,#1783,#2047,.T.);
#1376=EDGE_CURVE('',#1783,#1783,#290,.T.);
#1377=EDGE_CURVE('',#1784,#1785,#2048,.T.);
#1378=EDGE_CURVE('',#1785,#1785,#291,.T.);
#1379=EDGE_CURVE('',#1786,#1786,#292,.T.);
#1380=EDGE_CURVE('',#1786,#1787,#2049,.T.);
#1381=EDGE_CURVE('',#1787,#1788,#293,.T.);
#1382=EDGE_CURVE('',#1788,#1787,#294,.T.);
#1383=EDGE_CURVE('',#1789,#1789,#295,.T.);
#1384=EDGE_CURVE('',#1789,#1790,#2050,.T.);
#1385=EDGE_CURVE('',#1790,#1790,#296,.T.);
#1386=EDGE_CURVE('',#1791,#1792,#297,.T.);
#1387=EDGE_CURVE('',#1791,#1793,#2051,.T.);
#1388=EDGE_CURVE('',#1793,#1793,#298,.T.);
#1389=EDGE_CURVE('',#1792,#1791,#299,.T.);
#1390=EDGE_CURVE('',#1788,#1794,#2052,.T.);
#1391=EDGE_CURVE('',#1794,#1794,#300,.T.);
#1392=EDGE_CURVE('',#1783,#1786,#2053,.T.);
#1393=EDGE_CURVE('',#1795,#1789,#2054,.T.);
#1394=EDGE_CURVE('',#1796,#1796,#301,.T.);
#1395=EDGE_CURVE('',#1796,#1797,#2055,.T.);
#1396=EDGE_CURVE('',#1797,#1797,#302,.T.);
#1397=EDGE_CURVE('',#1798,#1796,#2056,.T.);
#1398=EDGE_CURVE('',#1799,#1799,#303,.T.);
#1399=EDGE_CURVE('',#1799,#1780,#2057,.T.);
#1400=EDGE_CURVE('',#1800,#1801,#304,.T.);
#1401=EDGE_CURVE('',#1800,#1802,#2058,.T.);
#1402=EDGE_CURVE('',#1802,#1802,#305,.T.);
#1403=EDGE_CURVE('',#1801,#1800,#306,.T.);
#1404=EDGE_CURVE('',#1790,#1801,#2059,.T.);
#1405=EDGE_CURVE('',#1803,#1803,#307,.T.);
#1406=EDGE_CURVE('',#1803,#1804,#2060,.T.);
#1407=EDGE_CURVE('',#1804,#1804,#308,.T.);
#1408=EDGE_CURVE('',#1805,#1805,#309,.T.);
#1409=EDGE_CURVE('',#1805,#1806,#2061,.T.);
#1410=EDGE_CURVE('',#1806,#1806,#310,.T.);
#1411=EDGE_CURVE('',#1807,#1808,#2062,.T.);
#1412=EDGE_CURVE('',#1807,#1809,#2063,.T.);
#1413=EDGE_CURVE('',#1809,#1810,#2064,.T.);
#1414=EDGE_CURVE('',#1808,#1810,#2065,.T.);
#1415=EDGE_CURVE('',#1811,#1811,#311,.T.);
#1416=EDGE_CURVE('',#1811,#1812,#2066,.T.);
#1417=EDGE_CURVE('',#1812,#1812,#312,.T.);
#1418=EDGE_CURVE('',#1813,#1813,#313,.T.);
#1419=EDGE_CURVE('',#1813,#1814,#2067,.T.);
#1420=EDGE_CURVE('',#1814,#1814,#314,.T.);
#1421=EDGE_CURVE('',#1815,#1815,#315,.T.);
#1422=EDGE_CURVE('',#1815,#1816,#2068,.T.);
#1423=EDGE_CURVE('',#1816,#1816,#316,.T.);
#1424=EDGE_CURVE('',#1817,#1817,#317,.T.);
#1425=EDGE_CURVE('',#1817,#1818,#2069,.T.);
#1426=EDGE_CURVE('',#1818,#1818,#318,.T.);
#1427=EDGE_CURVE('',#1819,#1819,#319,.T.);
#1428=EDGE_CURVE('',#1819,#1820,#2070,.T.);
#1429=EDGE_CURVE('',#1820,#1820,#320,.T.);
#1430=EDGE_CURVE('',#1821,#1821,#321,.T.);
#1431=EDGE_CURVE('',#1821,#1822,#2071,.T.);
#1432=EDGE_CURVE('',#1822,#1822,#322,.T.);
#1433=EDGE_CURVE('',#1823,#1823,#323,.T.);
#1434=EDGE_CURVE('',#1823,#1824,#2072,.T.);
#1435=EDGE_CURVE('',#1824,#1824,#324,.T.);
#1436=EDGE_CURVE('',#1825,#1825,#325,.T.);
#1437=EDGE_CURVE('',#1825,#1826,#2073,.T.);
#1438=EDGE_CURVE('',#1826,#1826,#326,.T.);
#1439=EDGE_CURVE('',#1785,#1799,#2074,.T.);
#1440=EDGE_CURVE('',#1827,#1828,#2075,.T.);
#1441=EDGE_CURVE('',#1827,#1829,#2076,.T.);
#1442=EDGE_CURVE('',#1829,#1830,#2077,.T.);
#1443=EDGE_CURVE('',#1828,#1830,#2078,.T.);
#1444=EDGE_CURVE('',#1831,#1831,#327,.T.);
#1445=EDGE_CURVE('',#1831,#1832,#2079,.T.);
#1446=EDGE_CURVE('',#1832,#1832,#328,.T.);
#1447=EDGE_CURVE('',#1833,#1834,#2080,.T.);
#1448=EDGE_CURVE('',#1807,#1833,#2081,.T.);
#1449=EDGE_CURVE('',#1808,#1834,#2082,.T.);
#1450=EDGE_CURVE('',#1809,#1835,#2083,.T.);
#1451=EDGE_CURVE('',#1835,#1836,#2084,.T.);
#1452=EDGE_CURVE('',#1810,#1836,#2085,.T.);
#1453=EDGE_CURVE('',#1797,#1792,#2086,.T.);
#1454=EDGE_CURVE('',#1837,#1837,#329,.T.);
#1455=EDGE_CURVE('',#1838,#1838,#330,.T.);
#1456=EDGE_CURVE('',#1839,#1839,#331,.T.);
#1457=EDGE_CURVE('',#1840,#1840,#332,.T.);
#1458=EDGE_CURVE('',#1841,#1841,#333,.T.);
#1459=EDGE_CURVE('',#1842,#1842,#334,.T.);
#1460=EDGE_CURVE('',#1843,#1843,#335,.T.);
#1461=EDGE_CURVE('',#1844,#1844,#336,.T.);
#1462=EDGE_CURVE('',#1845,#1845,#337,.T.);
#1463=EDGE_CURVE('',#1846,#1846,#338,.T.);
#1464=EDGE_CURVE('',#1847,#1847,#339,.T.);
#1465=EDGE_CURVE('',#1848,#1849,#2087,.T.);
#1466=EDGE_CURVE('',#1833,#1848,#2088,.T.);
#1467=EDGE_CURVE('',#1834,#1849,#2089,.T.);
#1468=EDGE_CURVE('',#1850,#1850,#340,.T.);
#1469=EDGE_CURVE('',#1850,#1839,#2090,.T.);
#1470=EDGE_CURVE('',#1851,#1851,#341,.T.);
#1471=EDGE_CURVE('',#1851,#1852,#2091,.T.);
#1472=EDGE_CURVE('',#1852,#1852,#342,.T.);
#1473=EDGE_CURVE('',#1853,#1854,#2092,.T.);
#1474=EDGE_CURVE('',#1853,#1827,#2093,.T.);
#1475=EDGE_CURVE('',#1854,#1828,#2094,.T.);
#1476=EDGE_CURVE('',#1855,#1855,#343,.T.);
#1477=EDGE_CURVE('',#1855,#1847,#2095,.T.);
#1478=EDGE_CURVE('',#1856,#1857,#2096,.T.);
#1479=EDGE_CURVE('',#1858,#1857,#2097,.T.);
#1480=EDGE_CURVE('',#1858,#1859,#2098,.T.);
#1481=EDGE_CURVE('',#1859,#1856,#2099,.T.);
#1482=EDGE_CURVE('',#1860,#1861,#2100,.T.);
#1483=EDGE_CURVE('',#1861,#1856,#2101,.T.);
#1484=EDGE_CURVE('',#1849,#1859,#2102,.T.);
#1485=EDGE_CURVE('',#1836,#1854,#2103,.T.);
#1486=EDGE_CURVE('',#1830,#1860,#2104,.T.);
#1487=EDGE_CURVE('',#1862,#1862,#344,.T.);
#1488=EDGE_CURVE('',#1862,#1837,#2105,.T.);
#1489=EDGE_CURVE('',#1829,#1863,#2106,.T.);
#1490=EDGE_CURVE('',#1863,#1860,#2107,.T.);
#1491=EDGE_CURVE('',#1861,#1864,#2108,.T.);
#1492=EDGE_CURVE('',#1864,#1857,#2109,.T.);
#1493=EDGE_CURVE('',#1865,#1865,#345,.T.);
#1494=EDGE_CURVE('',#1865,#1841,#2110,.T.);
#1495=EDGE_CURVE('',#1866,#1866,#346,.T.);
#1496=EDGE_CURVE('',#1866,#1846,#2111,.T.);
#1497=EDGE_CURVE('',#1867,#1867,#347,.T.);
#1498=EDGE_CURVE('',#1868,#1868,#348,.T.);
#1499=EDGE_CURVE('',#1869,#1869,#349,.T.);
#1500=EDGE_CURVE('',#1870,#1870,#350,.T.);
#1501=EDGE_CURVE('',#1871,#1871,#351,.T.);
#1502=EDGE_CURVE('',#1872,#1872,#352,.T.);
#1503=EDGE_CURVE('',#1873,#1873,#353,.T.);
#1504=EDGE_CURVE('',#1863,#1864,#2112,.T.);
#1505=EDGE_CURVE('',#1871,#1842,#2113,.T.);
#1506=EDGE_CURVE('',#1873,#1838,#2114,.T.);
#1507=EDGE_CURVE('',#1872,#1840,#2115,.T.);
#1508=EDGE_CURVE('',#1869,#1844,#2116,.T.);
#1509=EDGE_CURVE('',#1868,#1845,#2117,.T.);
#1510=EDGE_CURVE('',#1848,#1858,#2118,.T.);
#1511=EDGE_CURVE('',#1867,#1874,#2119,.T.);
#1512=EDGE_CURVE('',#1874,#1874,#354,.T.);
#1513=EDGE_CURVE('',#1835,#1853,#2120,.T.);
#1514=EDGE_CURVE('',#1870,#1843,#2121,.T.);
#1515=EDGE_CURVE('',#1875,#1876,#20,.T.);
#1516=EDGE_CURVE('',#1876,#1875,#21,.T.);
#1517=EDGE_CURVE('',#1876,#1877,#2122,.T.);
#1518=EDGE_CURVE('',#1877,#1877,#355,.T.);
#1519=EDGE_CURVE('',#1877,#1878,#2123,.T.);
#1520=EDGE_CURVE('',#1878,#1878,#356,.T.);
#1521=EDGE_CURVE('',#1879,#1880,#357,.T.);
#1522=EDGE_CURVE('',#1880,#1879,#358,.T.);
#1523=EDGE_CURVE('',#1880,#1881,#2124,.T.);
#1524=EDGE_CURVE('',#1881,#1881,#359,.T.);
#1525=EDGE_CURVE('',#1878,#1879,#2125,.T.);
#1526=EDGE_CURVE('',#1882,#1883,#360,.T.);
#1527=EDGE_CURVE('',#1882,#1884,#2126,.T.);
#1528=EDGE_CURVE('',#1884,#1884,#361,.T.);
#1529=EDGE_CURVE('',#1883,#1882,#362,.T.);
#1530=EDGE_CURVE('',#1885,#1885,#363,.T.);
#1531=EDGE_CURVE('',#1885,#1883,#2127,.T.);
#1532=EDGE_CURVE('',#1886,#1886,#364,.T.);
#1533=EDGE_CURVE('',#1886,#1887,#2128,.T.);
#1534=EDGE_CURVE('',#1887,#1887,#365,.T.);
#1535=EDGE_CURVE('',#1888,#1888,#366,.T.);
#1536=EDGE_CURVE('',#1889,#1889,#367,.T.);
#1537=EDGE_CURVE('',#1890,#1891,#2129,.T.);
#1538=EDGE_CURVE('',#1892,#1890,#2130,.T.);
#1539=EDGE_CURVE('',#1892,#1893,#2131,.T.);
#1540=EDGE_CURVE('',#1893,#1891,#2132,.T.);
#1541=EDGE_CURVE('',#1894,#1894,#368,.T.);
#1542=EDGE_CURVE('',#1894,#1895,#2133,.T.);
#1543=EDGE_CURVE('',#1895,#1895,#369,.T.);
#1544=EDGE_CURVE('',#1888,#1896,#2134,.T.);
#1545=EDGE_CURVE('',#1896,#1896,#370,.T.);
#1546=EDGE_CURVE('',#1891,#1897,#2135,.T.);
#1547=EDGE_CURVE('',#1898,#1897,#2136,.T.);
#1548=EDGE_CURVE('',#1890,#1898,#2137,.T.);
#1549=EDGE_CURVE('',#1889,#1899,#2138,.T.);
#1550=EDGE_CURVE('',#1899,#1899,#371,.T.);
#1551=EDGE_CURVE('',#1892,#1900,#2139,.T.);
#1552=EDGE_CURVE('',#1901,#1900,#2140,.T.);
#1553=EDGE_CURVE('',#1893,#1901,#2141,.T.);
#1554=EDGE_CURVE('',#1902,#1902,#372,.T.);
#1555=EDGE_CURVE('',#1903,#1903,#373,.T.);
#1556=EDGE_CURVE('',#1901,#1897,#2142,.T.);
#1557=EDGE_CURVE('',#1900,#1898,#2143,.T.);
#1558=EDGE_CURVE('',#1904,#1904,#374,.T.);
#1559=EDGE_CURVE('',#1904,#1885,#2144,.T.);
#1560=EDGE_CURVE('',#1905,#1906,#22,.T.);
#1561=EDGE_CURVE('',#1906,#1905,#23,.T.);
#1562=EDGE_CURVE('',#1906,#1904,#2145,.T.);
#1563=EDGE_CURVE('',#1902,#1907,#2146,.T.);
#1564=EDGE_CURVE('',#1907,#1907,#375,.T.);
#1565=EDGE_CURVE('',#1908,#1908,#376,.T.);
#1566=EDGE_CURVE('',#1908,#1909,#2147,.T.);
#1567=EDGE_CURVE('',#1909,#1909,#377,.T.);
#1568=EDGE_CURVE('',#1903,#1910,#2148,.T.);
#1569=EDGE_CURVE('',#1910,#1910,#378,.T.);
#1570=EDGE_CURVE('',#1911,#1911,#379,.T.);
#1571=EDGE_CURVE('',#1911,#1912,#2149,.T.);
#1572=EDGE_CURVE('',#1912,#1912,#380,.T.);
#1573=EDGE_CURVE('',#1913,#1913,#381,.T.);
#1574=EDGE_CURVE('',#1914,#1914,#382,.T.);
#1575=EDGE_CURVE('',#1915,#1915,#383,.T.);
#1576=EDGE_CURVE('',#1916,#1916,#384,.T.);
#1577=EDGE_CURVE('',#1917,#1918,#2150,.T.);
#1578=EDGE_CURVE('',#1918,#1919,#2151,.T.);
#1579=EDGE_CURVE('',#1919,#1920,#2152,.T.);
#1580=EDGE_CURVE('',#1920,#1917,#2153,.T.);
#1581=EDGE_CURVE('',#1921,#1921,#385,.T.);
#1582=EDGE_CURVE('',#1922,#1922,#386,.T.);
#1583=EDGE_CURVE('',#1922,#1923,#2154,.T.);
#1584=EDGE_CURVE('',#1923,#1923,#387,.T.);
#1585=EDGE_CURVE('',#1924,#1924,#388,.T.);
#1586=EDGE_CURVE('',#1925,#1925,#389,.T.);
#1587=EDGE_CURVE('',#1926,#1926,#390,.T.);
#1588=EDGE_CURVE('',#1927,#1928,#2155,.T.);
#1589=EDGE_CURVE('',#1929,#1927,#2156,.T.);
#1590=EDGE_CURVE('',#1930,#1929,#2157,.T.);
#1591=EDGE_CURVE('',#1928,#1930,#2158,.T.);
#1592=EDGE_CURVE('',#1931,#1932,#2159,.T.);
#1593=EDGE_CURVE('',#1933,#1931,#2160,.T.);
#1594=EDGE_CURVE('',#1934,#1933,#2161,.T.);
#1595=EDGE_CURVE('',#1932,#1934,#2162,.T.);
#1596=EDGE_CURVE('',#1930,#1933,#2163,.T.);
#1597=EDGE_CURVE('',#1918,#1931,#2164,.T.);
#1598=EDGE_CURVE('',#1917,#1928,#2165,.T.);
#1599=EDGE_CURVE('',#1929,#1934,#2166,.T.);
#1600=EDGE_CURVE('',#1915,#1935,#2167,.T.);
#1601=EDGE_CURVE('',#1935,#1935,#391,.T.);
#1602=EDGE_CURVE('',#1936,#1936,#392,.T.);
#1603=EDGE_CURVE('',#1937,#1937,#393,.T.);
#1604=EDGE_CURVE('',#1937,#1925,#2168,.T.);
#1605=EDGE_CURVE('',#1913,#1938,#2169,.T.);
#1606=EDGE_CURVE('',#1938,#1938,#394,.T.);
#1607=EDGE_CURVE('',#1939,#1939,#395,.T.);
#1608=EDGE_CURVE('',#1939,#1926,#2170,.T.);
#1609=EDGE_CURVE('',#1914,#1921,#2171,.T.);
#1610=EDGE_CURVE('',#1940,#1940,#396,.T.);
#1611=EDGE_CURVE('',#1940,#1924,#2172,.T.);
#1612=EDGE_CURVE('',#1916,#1936,#2173,.T.);
#1613=EDGE_CURVE('',#1919,#1932,#2174,.T.);
#1614=EDGE_CURVE('',#1920,#1927,#2175,.T.);
#1615=EDGE_CURVE('',#1941,#1941,#397,.T.);
#1616=EDGE_CURVE('',#1942,#1943,#398,.T.);
#1617=EDGE_CURVE('',#1943,#1942,#399,.T.);
#1618=EDGE_CURVE('',#1942,#1941,#2176,.T.);
#1619=EDGE_CURVE('',#1943,#1944,#2177,.T.);
#1620=EDGE_CURVE('',#1944,#1944,#400,.T.);
#1621=EDGE_CURVE('',#1944,#1945,#2178,.T.);
#1622=EDGE_CURVE('',#1945,#1945,#401,.T.);
#1623=EDGE_CURVE('',#1946,#1947,#2179,.T.);
#1624=EDGE_CURVE('',#1947,#1948,#24,.T.);
#1625=EDGE_CURVE('',#1949,#1948,#2180,.T.);
#1626=EDGE_CURVE('',#1949,#1946,#2181,.T.);
#1627=EDGE_CURVE('',#1950,#1951,#2182,.T.);
#1628=EDGE_CURVE('',#1951,#1947,#25,.T.);
#1629=EDGE_CURVE('',#1946,#1950,#2183,.T.);
#1630=EDGE_CURVE('',#1952,#1953,#2184,.T.);
#1631=EDGE_CURVE('',#1953,#1954,#26,.T.);
#1632=EDGE_CURVE('',#1955,#1954,#2185,.T.);
#1633=EDGE_CURVE('',#1955,#1952,#2186,.T.);
#1634=EDGE_CURVE('',#1954,#1956,#27,.T.);
#1635=EDGE_CURVE('',#1957,#1956,#2187,.T.);
#1636=EDGE_CURVE('',#1957,#1955,#2188,.T.);
#1637=EDGE_CURVE('',#1956,#1951,#28,.T.);
#1638=EDGE_CURVE('',#1950,#1957,#2189,.T.);
#1639=EDGE_CURVE('',#1952,#1949,#2190,.T.);
#1640=EDGE_CURVE('',#1948,#1953,#29,.T.);
#1641=EDGE_CURVE('',#1953,#1948,#402,.T.);
#1642=EDGE_CURVE('',#1954,#1953,#403,.T.);
#1643=EDGE_CURVE('',#1956,#1954,#404,.T.);
#1644=EDGE_CURVE('',#1951,#1956,#405,.T.);
#1645=EDGE_CURVE('',#1947,#1951,#406,.T.);
#1646=EDGE_CURVE('',#1958,#1958,#407,.T.);
#1647=EDGE_CURVE('',#1958,#1959,#2191,.T.);
#1648=EDGE_CURVE('',#1959,#1960,#408,.T.);
#1649=EDGE_CURVE('',#1960,#1959,#409,.T.);
#1650=EDGE_CURVE('',#1948,#1947,#410,.T.);
#1651=EDGE_CURVE('',#1961,#1961,#411,.T.);
#1652=EDGE_CURVE('',#1960,#1961,#412,.T.);
#1653=EDGE_CURVE('',#1962,#1962,#413,.T.);
#1654=EDGE_CURVE('',#1963,#1963,#414,.T.);
#1655=EDGE_CURVE('',#1964,#1964,#415,.T.);
#1656=EDGE_CURVE('',#1965,#1965,#416,.T.);
#1657=EDGE_CURVE('',#1962,#1964,#2192,.T.);
#1658=EDGE_CURVE('',#1965,#1963,#2193,.T.);
#1659=EDGE_CURVE('',#1966,#1966,#417,.T.);
#1660=EDGE_CURVE('',#1966,#1967,#2194,.T.);
#1661=EDGE_CURVE('',#1967,#1967,#418,.T.);
#1662=EDGE_CURVE('',#1968,#1968,#419,.T.);
#1663=EDGE_CURVE('',#1968,#1969,#2195,.T.);
#1664=EDGE_CURVE('',#1969,#1969,#420,.T.);
#1665=EDGE_CURVE('',#1970,#1970,#421,.T.);
#1666=EDGE_CURVE('',#1970,#1971,#2196,.T.);
#1667=EDGE_CURVE('',#1971,#1971,#422,.T.);
#1668=EDGE_CURVE('',#1972,#1972,#423,.T.);
#1669=EDGE_CURVE('',#1972,#1973,#2197,.T.);
#1670=EDGE_CURVE('',#1973,#1973,#424,.T.);
#1671=EDGE_CURVE('',#1974,#1974,#425,.T.);
#1672=EDGE_CURVE('',#1974,#1975,#2198,.T.);
#1673=EDGE_CURVE('',#1975,#1975,#426,.T.);
#1674=EDGE_CURVE('',#1976,#1976,#427,.T.);
#1675=EDGE_CURVE('',#1976,#1977,#2199,.T.);
#1676=EDGE_CURVE('',#1977,#1977,#428,.T.);
#1677=EDGE_CURVE('',#1978,#1978,#429,.T.);
#1678=EDGE_CURVE('',#1978,#1979,#2200,.T.);
#1679=EDGE_CURVE('',#1979,#1979,#430,.T.);
#1680=EDGE_CURVE('',#1980,#1980,#431,.T.);
#1681=EDGE_CURVE('',#1980,#1981,#2201,.T.);
#1682=EDGE_CURVE('',#1981,#1981,#432,.T.);
#1683=EDGE_CURVE('',#1982,#1982,#433,.T.);
#1684=EDGE_CURVE('',#1982,#1983,#2202,.T.);
#1685=EDGE_CURVE('',#1983,#1983,#434,.T.);
#1686=EDGE_CURVE('',#1984,#1984,#435,.T.);
#1687=EDGE_CURVE('',#1984,#1985,#2203,.T.);
#1688=EDGE_CURVE('',#1985,#1985,#436,.T.);
#1689=EDGE_CURVE('',#1986,#1986,#437,.T.);
#1690=EDGE_CURVE('',#1986,#1987,#2204,.T.);
#1691=EDGE_CURVE('',#1987,#1987,#438,.T.);
#1692=EDGE_CURVE('',#1988,#1988,#439,.T.);
#1693=EDGE_CURVE('',#1989,#1989,#440,.T.);
#1694=EDGE_CURVE('',#1990,#1990,#441,.T.);
#1695=EDGE_CURVE('',#1991,#1991,#442,.T.);
#1696=EDGE_CURVE('',#1992,#1992,#443,.T.);
#1697=EDGE_CURVE('',#1993,#1993,#444,.T.);
#1698=EDGE_CURVE('',#1994,#1994,#445,.T.);
#1699=EDGE_CURVE('',#1995,#1995,#446,.T.);
#1700=EDGE_CURVE('',#1996,#1996,#447,.T.);
#1701=EDGE_CURVE('',#1997,#1997,#448,.T.);
#1702=EDGE_CURVE('',#1998,#1998,#449,.T.);
#1703=EDGE_CURVE('',#1999,#1999,#450,.T.);
#1704=EDGE_CURVE('',#2000,#2001,#2205,.T.);
#1705=EDGE_CURVE('',#2000,#2002,#2206,.T.);
#1706=EDGE_CURVE('',#2002,#2003,#2207,.T.);
#1707=EDGE_CURVE('',#2003,#2001,#2208,.T.);
#1708=EDGE_CURVE('',#2003,#2004,#2209,.T.);
#1709=EDGE_CURVE('',#2004,#2005,#2210,.T.);
#1710=EDGE_CURVE('',#2005,#2001,#2211,.T.);
#1711=EDGE_CURVE('',#1988,#2006,#2212,.T.);
#1712=EDGE_CURVE('',#2006,#2006,#451,.T.);
#1713=EDGE_CURVE('',#2002,#2007,#2213,.T.);
#1714=EDGE_CURVE('',#2007,#2004,#2214,.T.);
#1715=EDGE_CURVE('',#2008,#2000,#2215,.T.);
#1716=EDGE_CURVE('',#2007,#2008,#2216,.T.);
#1717=EDGE_CURVE('',#2008,#2005,#2217,.T.);
#1718=EDGE_CURVE('',#1989,#2009,#2218,.T.);
#1719=EDGE_CURVE('',#2009,#2009,#452,.T.);
#1720=EDGE_CURVE('',#1990,#2010,#2219,.T.);
#1721=EDGE_CURVE('',#2010,#2010,#453,.T.);
#1722=EDGE_CURVE('',#1991,#2011,#2220,.T.);
#1723=EDGE_CURVE('',#2011,#2011,#454,.T.);
#1724=EDGE_CURVE('',#1992,#2012,#2221,.T.);
#1725=EDGE_CURVE('',#2012,#2012,#455,.T.);
#1726=EDGE_CURVE('',#1993,#2013,#2222,.T.);
#1727=EDGE_CURVE('',#2013,#2013,#456,.T.);
#1728=EDGE_CURVE('',#1994,#2014,#2223,.T.);
#1729=EDGE_CURVE('',#2014,#2014,#457,.T.);
#1730=EDGE_CURVE('',#1995,#2015,#2224,.T.);
#1731=EDGE_CURVE('',#2015,#2015,#458,.T.);
#1732=EDGE_CURVE('',#1996,#2016,#2225,.T.);
#1733=EDGE_CURVE('',#2016,#2016,#459,.T.);
#1734=EDGE_CURVE('',#1997,#2017,#2226,.T.);
#1735=EDGE_CURVE('',#2017,#2017,#460,.T.);
#1736=EDGE_CURVE('',#1998,#2018,#2227,.T.);
#1737=EDGE_CURVE('',#2018,#2018,#461,.T.);
#1738=EDGE_CURVE('',#1999,#2019,#2228,.T.);
#1739=EDGE_CURVE('',#2019,#2019,#462,.T.);
#1740=EDGE_CURVE('',#2020,#2020,#463,.T.);
#1741=EDGE_CURVE('',#2021,#2021,#464,.T.);
#1742=EDGE_CURVE('',#2021,#2020,#2229,.T.);
#1743=VERTEX_POINT('',#5502);
#1744=VERTEX_POINT('',#5503);
#1745=VERTEX_POINT('',#5507);
#1746=VERTEX_POINT('',#5511);
#1747=VERTEX_POINT('',#5512);
#1748=VERTEX_POINT('',#5515);
#1749=VERTEX_POINT('',#5521);
#1750=VERTEX_POINT('',#5522);
#1751=VERTEX_POINT('',#5526);
#1752=VERTEX_POINT('',#5530);
#1753=VERTEX_POINT('',#5531);
#1754=VERTEX_POINT('',#5534);
#1755=VERTEX_POINT('',#5540);
#1756=VERTEX_POINT('',#5541);
#1757=VERTEX_POINT('',#5545);
#1758=VERTEX_POINT('',#5549);
#1759=VERTEX_POINT('',#5550);
#1760=VERTEX_POINT('',#5553);
#1761=VERTEX_POINT('',#5559);
#1762=VERTEX_POINT('',#5560);
#1763=VERTEX_POINT('',#5564);
#1764=VERTEX_POINT('',#5568);
#1765=VERTEX_POINT('',#5569);
#1766=VERTEX_POINT('',#5571);
#1767=VERTEX_POINT('',#5578);
#1768=VERTEX_POINT('',#5579);
#1769=VERTEX_POINT('',#5583);
#1770=VERTEX_POINT('',#5587);
#1771=VERTEX_POINT('',#5588);
#1772=VERTEX_POINT('',#5590);
#1773=VERTEX_POINT('',#5597);
#1774=VERTEX_POINT('',#5598);
#1775=VERTEX_POINT('',#5602);
#1776=VERTEX_POINT('',#5606);
#1777=VERTEX_POINT('',#5607);
#1778=VERTEX_POINT('',#5609);
#1779=VERTEX_POINT('',#5616);
#1780=VERTEX_POINT('',#5617);
#1781=VERTEX_POINT('',#5619);
#1782=VERTEX_POINT('',#5624);
#1783=VERTEX_POINT('',#5625);
#1784=VERTEX_POINT('',#5629);
#1785=VERTEX_POINT('',#5630);
#1786=VERTEX_POINT('',#5634);
#1787=VERTEX_POINT('',#5636);
#1788=VERTEX_POINT('',#5638);
#1789=VERTEX_POINT('',#5642);
#1790=VERTEX_POINT('',#5644);
#1791=VERTEX_POINT('',#5648);
#1792=VERTEX_POINT('',#5649);
#1793=VERTEX_POINT('',#5651);
#1794=VERTEX_POINT('',#5656);
#1795=VERTEX_POINT('',#5662);
#1796=VERTEX_POINT('',#5665);
#1797=VERTEX_POINT('',#5667);
#1798=VERTEX_POINT('',#5671);
#1799=VERTEX_POINT('',#5674);
#1800=VERTEX_POINT('',#5678);
#1801=VERTEX_POINT('',#5679);
#1802=VERTEX_POINT('',#5681);
#1803=VERTEX_POINT('',#5688);
#1804=VERTEX_POINT('',#5690);
#1805=VERTEX_POINT('',#5694);
#1806=VERTEX_POINT('',#5696);
#1807=VERTEX_POINT('',#5700);
#1808=VERTEX_POINT('',#5701);
#1809=VERTEX_POINT('',#5703);
#1810=VERTEX_POINT('',#5705);
#1811=VERTEX_POINT('',#5709);
#1812=VERTEX_POINT('',#5711);
#1813=VERTEX_POINT('',#5715);
#1814=VERTEX_POINT('',#5717);
#1815=VERTEX_POINT('',#5721);
#1816=VERTEX_POINT('',#5723);
#1817=VERTEX_POINT('',#5727);
#1818=VERTEX_POINT('',#5729);
#1819=VERTEX_POINT('',#5733);
#1820=VERTEX_POINT('',#5735);
#1821=VERTEX_POINT('',#5739);
#1822=VERTEX_POINT('',#5741);
#1823=VERTEX_POINT('',#5745);
#1824=VERTEX_POINT('',#5747);
#1825=VERTEX_POINT('',#5751);
#1826=VERTEX_POINT('',#5753);
#1827=VERTEX_POINT('',#5759);
#1828=VERTEX_POINT('',#5760);
#1829=VERTEX_POINT('',#5762);
#1830=VERTEX_POINT('',#5764);
#1831=VERTEX_POINT('',#5768);
#1832=VERTEX_POINT('',#5770);
#1833=VERTEX_POINT('',#5774);
#1834=VERTEX_POINT('',#5775);
#1835=VERTEX_POINT('',#5780);
#1836=VERTEX_POINT('',#5782);
#1837=VERTEX_POINT('',#5788);
#1838=VERTEX_POINT('',#5790);
#1839=VERTEX_POINT('',#5792);
#1840=VERTEX_POINT('',#5794);
#1841=VERTEX_POINT('',#5796);
#1842=VERTEX_POINT('',#5798);
#1843=VERTEX_POINT('',#5800);
#1844=VERTEX_POINT('',#5802);
#1845=VERTEX_POINT('',#5804);
#1846=VERTEX_POINT('',#5806);
#1847=VERTEX_POINT('',#5808);
#1848=VERTEX_POINT('',#5810);
#1849=VERTEX_POINT('',#5811);
#1850=VERTEX_POINT('',#5816);
#1851=VERTEX_POINT('',#5820);
#1852=VERTEX_POINT('',#5822);
#1853=VERTEX_POINT('',#5826);
#1854=VERTEX_POINT('',#5827);
#1855=VERTEX_POINT('',#5832);
#1856=VERTEX_POINT('',#5836);
#1857=VERTEX_POINT('',#5837);
#1858=VERTEX_POINT('',#5839);
#1859=VERTEX_POINT('',#5841);
#1860=VERTEX_POINT('',#5845);
#1861=VERTEX_POINT('',#5846);
#1862=VERTEX_POINT('',#5853);
#1863=VERTEX_POINT('',#5857);
#1864=VERTEX_POINT('',#5861);
#1865=VERTEX_POINT('',#5865);
#1866=VERTEX_POINT('',#5869);
#1867=VERTEX_POINT('',#5873);
#1868=VERTEX_POINT('',#5875);
#1869=VERTEX_POINT('',#5877);
#1870=VERTEX_POINT('',#5879);
#1871=VERTEX_POINT('',#5881);
#1872=VERTEX_POINT('',#5883);
#1873=VERTEX_POINT('',#5885);
#1874=VERTEX_POINT('',#5901);
#1875=VERTEX_POINT('',#5915);
#1876=VERTEX_POINT('',#5916);
#1877=VERTEX_POINT('',#5929);
#1878=VERTEX_POINT('',#5933);
#1879=VERTEX_POINT('',#5937);
#1880=VERTEX_POINT('',#5938);
#1881=VERTEX_POINT('',#5941);
#1882=VERTEX_POINT('',#5947);
#1883=VERTEX_POINT('',#5948);
#1884=VERTEX_POINT('',#5950);
#1885=VERTEX_POINT('',#5955);
#1886=VERTEX_POINT('',#5959);
#1887=VERTEX_POINT('',#5961);
#1888=VERTEX_POINT('',#5965);
#1889=VERTEX_POINT('',#5967);
#1890=VERTEX_POINT('',#5969);
#1891=VERTEX_POINT('',#5970);
#1892=VERTEX_POINT('',#5972);
#1893=VERTEX_POINT('',#5974);
#1894=VERTEX_POINT('',#5978);
#1895=VERTEX_POINT('',#5980);
#1896=VERTEX_POINT('',#5984);
#1897=VERTEX_POINT('',#5988);
#1898=VERTEX_POINT('',#5990);
#1899=VERTEX_POINT('',#5994);
#1900=VERTEX_POINT('',#5998);
#1901=VERTEX_POINT('',#6000);
#1902=VERTEX_POINT('',#6004);
#1903=VERTEX_POINT('',#6006);
#1904=VERTEX_POINT('',#6014);
#1905=VERTEX_POINT('',#6022);
#1906=VERTEX_POINT('',#6023);
#1907=VERTEX_POINT('',#6038);
#1908=VERTEX_POINT('',#6042);
#1909=VERTEX_POINT('',#6045);
#1910=VERTEX_POINT('',#6049);
#1911=VERTEX_POINT('',#6053);
#1912=VERTEX_POINT('',#6056);
#1913=VERTEX_POINT('',#6062);
#1914=VERTEX_POINT('',#6064);
#1915=VERTEX_POINT('',#6066);
#1916=VERTEX_POINT('',#6068);
#1917=VERTEX_POINT('',#6070);
#1918=VERTEX_POINT('',#6071);
#1919=VERTEX_POINT('',#6073);
#1920=VERTEX_POINT('',#6075);
#1921=VERTEX_POINT('',#6079);
#1922=VERTEX_POINT('',#6081);
#1923=VERTEX_POINT('',#6084);
#1924=VERTEX_POINT('',#6088);
#1925=VERTEX_POINT('',#6090);
#1926=VERTEX_POINT('',#6092);
#1927=VERTEX_POINT('',#6094);
#1928=VERTEX_POINT('',#6095);
#1929=VERTEX_POINT('',#6097);
#1930=VERTEX_POINT('',#6099);
#1931=VERTEX_POINT('',#6103);
#1932=VERTEX_POINT('',#6104);
#1933=VERTEX_POINT('',#6106);
#1934=VERTEX_POINT('',#6108);
#1935=VERTEX_POINT('',#6118);
#1936=VERTEX_POINT('',#6122);
#1937=VERTEX_POINT('',#6124);
#1938=VERTEX_POINT('',#6129);
#1939=VERTEX_POINT('',#6133);
#1940=VERTEX_POINT('',#6140);
#1941=VERTEX_POINT('',#6153);
#1942=VERTEX_POINT('',#6156);
#1943=VERTEX_POINT('',#6157);
#1944=VERTEX_POINT('',#6162);
#1945=VERTEX_POINT('',#6166);
#1946=VERTEX_POINT('',#6170);
#1947=VERTEX_POINT('',#6171);
#1948=VERTEX_POINT('',#6236);
#1949=VERTEX_POINT('',#6238);
#1950=VERTEX_POINT('',#6242);
#1951=VERTEX_POINT('',#6243);
#1952=VERTEX_POINT('',#6311);
#1953=VERTEX_POINT('',#6312);
#1954=VERTEX_POINT('',#6377);
#1955=VERTEX_POINT('',#6379);
#1956=VERTEX_POINT('',#6446);
#1957=VERTEX_POINT('',#6448);
#1958=VERTEX_POINT('',#6595);
#1959=VERTEX_POINT('',#6597);
#1960=VERTEX_POINT('',#6599);
#1961=VERTEX_POINT('',#6606);
#1962=VERTEX_POINT('',#6614);
#1963=VERTEX_POINT('',#6616);
#1964=VERTEX_POINT('',#6619);
#1965=VERTEX_POINT('',#6621);
#1966=VERTEX_POINT('',#6634);
#1967=VERTEX_POINT('',#6636);
#1968=VERTEX_POINT('',#6640);
#1969=VERTEX_POINT('',#6642);
#1970=VERTEX_POINT('',#6646);
#1971=VERTEX_POINT('',#6648);
#1972=VERTEX_POINT('',#6652);
#1973=VERTEX_POINT('',#6654);
#1974=VERTEX_POINT('',#6658);
#1975=VERTEX_POINT('',#6660);
#1976=VERTEX_POINT('',#6664);
#1977=VERTEX_POINT('',#6666);
#1978=VERTEX_POINT('',#6670);
#1979=VERTEX_POINT('',#6672);
#1980=VERTEX_POINT('',#6676);
#1981=VERTEX_POINT('',#6678);
#1982=VERTEX_POINT('',#6682);
#1983=VERTEX_POINT('',#6684);
#1984=VERTEX_POINT('',#6688);
#1985=VERTEX_POINT('',#6690);
#1986=VERTEX_POINT('',#6694);
#1987=VERTEX_POINT('',#6696);
#1988=VERTEX_POINT('',#6700);
#1989=VERTEX_POINT('',#6703);
#1990=VERTEX_POINT('',#6706);
#1991=VERTEX_POINT('',#6709);
#1992=VERTEX_POINT('',#6712);
#1993=VERTEX_POINT('',#6715);
#1994=VERTEX_POINT('',#6718);
#1995=VERTEX_POINT('',#6721);
#1996=VERTEX_POINT('',#6724);
#1997=VERTEX_POINT('',#6727);
#1998=VERTEX_POINT('',#6730);
#1999=VERTEX_POINT('',#6733);
#2000=VERTEX_POINT('',#6735);
#2001=VERTEX_POINT('',#6736);
#2002=VERTEX_POINT('',#6738);
#2003=VERTEX_POINT('',#6740);
#2004=VERTEX_POINT('',#6744);
#2005=VERTEX_POINT('',#6746);
#2006=VERTEX_POINT('',#6750);
#2007=VERTEX_POINT('',#6754);
#2008=VERTEX_POINT('',#6758);
#2009=VERTEX_POINT('',#6764);
#2010=VERTEX_POINT('',#6768);
#2011=VERTEX_POINT('',#6772);
#2012=VERTEX_POINT('',#6776);
#2013=VERTEX_POINT('',#6780);
#2014=VERTEX_POINT('',#6784);
#2015=VERTEX_POINT('',#6788);
#2016=VERTEX_POINT('',#6792);
#2017=VERTEX_POINT('',#6796);
#2018=VERTEX_POINT('',#6800);
#2019=VERTEX_POINT('',#6804);
#2020=VERTEX_POINT('',#6808);
#2021=VERTEX_POINT('',#6811);
#2022=LINE('',#5501,#2230);
#2023=LINE('',#5506,#2231);
#2024=LINE('',#5514,#2232);
#2025=LINE('',#5518,#2233);
#2026=LINE('',#5520,#2234);
#2027=LINE('',#5525,#2235);
#2028=LINE('',#5533,#2236);
#2029=LINE('',#5537,#2237);
#2030=LINE('',#5539,#2238);
#2031=LINE('',#5544,#2239);
#2032=LINE('',#5552,#2240);
#2033=LINE('',#5556,#2241);
#2034=LINE('',#5558,#2242);
#2035=LINE('',#5563,#2243);
#2036=LINE('',#5570,#2244);
#2037=LINE('',#5575,#2245);
#2038=LINE('',#5577,#2246);
#2039=LINE('',#5582,#2247);
#2040=LINE('',#5589,#2248);
#2041=LINE('',#5594,#2249);
#2042=LINE('',#5596,#2250);
#2043=LINE('',#5601,#2251);
#2044=LINE('',#5608,#2252);
#2045=LINE('',#5613,#2253);
#2046=LINE('',#5618,#2254);
#2047=LINE('',#5623,#2255);
#2048=LINE('',#5628,#2256);
#2049=LINE('',#5635,#2257);
#2050=LINE('',#5643,#2258);
#2051=LINE('',#5650,#2259);
#2052=LINE('',#5655,#2260);
#2053=LINE('',#5659,#2261);
#2054=LINE('',#5661,#2262);
#2055=LINE('',#5666,#2263);
#2056=LINE('',#5670,#2264);
#2057=LINE('',#5675,#2265);
#2058=LINE('',#5680,#2266);
#2059=LINE('',#5685,#2267);
#2060=LINE('',#5689,#2268);
#2061=LINE('',#5695,#2269);
#2062=LINE('',#5699,#2270);
#2063=LINE('',#5702,#2271);
#2064=LINE('',#5704,#2272);
#2065=LINE('',#5706,#2273);
#2066=LINE('',#5710,#2274);
#2067=LINE('',#5716,#2275);
#2068=LINE('',#5722,#2276);
#2069=LINE('',#5728,#2277);
#2070=LINE('',#5734,#2278);
#2071=LINE('',#5740,#2279);
#2072=LINE('',#5746,#2280);
#2073=LINE('',#5752,#2281);
#2074=LINE('',#5756,#2282);
#2075=LINE('',#5758,#2283);
#2076=LINE('',#5761,#2284);
#2077=LINE('',#5763,#2285);
#2078=LINE('',#5765,#2286);
#2079=LINE('',#5769,#2287);
#2080=LINE('',#5773,#2288);
#2081=LINE('',#5776,#2289);
#2082=LINE('',#5777,#2290);
#2083=LINE('',#5779,#2291);
#2084=LINE('',#5781,#2292);
#2085=LINE('',#5783,#2293);
#2086=LINE('',#5785,#2294);
#2087=LINE('',#5809,#2295);
#2088=LINE('',#5812,#2296);
#2089=LINE('',#5813,#2297);
#2090=LINE('',#5817,#2298);
#2091=LINE('',#5821,#2299);
#2092=LINE('',#5825,#2300);
#2093=LINE('',#5828,#2301);
#2094=LINE('',#5829,#2302);
#2095=LINE('',#5833,#2303);
#2096=LINE('',#5835,#2304);
#2097=LINE('',#5838,#2305);
#2098=LINE('',#5840,#2306);
#2099=LINE('',#5842,#2307);
#2100=LINE('',#5844,#2308);
#2101=LINE('',#5847,#2309);
#2102=LINE('',#5848,#2310);
#2103=LINE('',#5849,#2311);
#2104=LINE('',#5850,#2312);
#2105=LINE('',#5854,#2313);
#2106=LINE('',#5856,#2314);
#2107=LINE('',#5858,#2315);
#2108=LINE('',#5860,#2316);
#2109=LINE('',#5862,#2317);
#2110=LINE('',#5866,#2318);
#2111=LINE('',#5870,#2319);
#2112=LINE('',#5886,#2320);
#2113=LINE('',#5888,#2321);
#2114=LINE('',#5890,#2322);
#2115=LINE('',#5892,#2323);
#2116=LINE('',#5894,#2324);
#2117=LINE('',#5896,#2325);
#2118=LINE('',#5898,#2326);
#2119=LINE('',#5900,#2327);
#2120=LINE('',#5904,#2328);
#2121=LINE('',#5907,#2329);
#2122=LINE('',#5928,#2330);
#2123=LINE('',#5932,#2331);
#2124=LINE('',#5940,#2332);
#2125=LINE('',#5944,#2333);
#2126=LINE('',#5949,#2334);
#2127=LINE('',#5956,#2335);
#2128=LINE('',#5960,#2336);
#2129=LINE('',#5968,#2337);
#2130=LINE('',#5971,#2338);
#2131=LINE('',#5973,#2339);
#2132=LINE('',#5975,#2340);
#2133=LINE('',#5979,#2341);
#2134=LINE('',#5983,#2342);
#2135=LINE('',#5987,#2343);
#2136=LINE('',#5989,#2344);
#2137=LINE('',#5991,#2345);
#2138=LINE('',#5993,#2346);
#2139=LINE('',#5997,#2347);
#2140=LINE('',#5999,#2348);
#2141=LINE('',#6001,#2349);
#2142=LINE('',#6007,#2350);
#2143=LINE('',#6011,#2351);
#2144=LINE('',#6015,#2352);
#2145=LINE('',#6035,#2353);
#2146=LINE('',#6037,#2354);
#2147=LINE('',#6044,#2355);
#2148=LINE('',#6048,#2356);
#2149=LINE('',#6055,#2357);
#2150=LINE('',#6069,#2358);
#2151=LINE('',#6072,#2359);
#2152=LINE('',#6074,#2360);
#2153=LINE('',#6076,#2361);
#2154=LINE('',#6083,#2362);
#2155=LINE('',#6093,#2363);
#2156=LINE('',#6096,#2364);
#2157=LINE('',#6098,#2365);
#2158=LINE('',#6100,#2366);
#2159=LINE('',#6102,#2367);
#2160=LINE('',#6105,#2368);
#2161=LINE('',#6107,#2369);
#2162=LINE('',#6109,#2370);
#2163=LINE('',#6111,#2371);
#2164=LINE('',#6112,#2372);
#2165=LINE('',#6113,#2373);
#2166=LINE('',#6115,#2374);
#2167=LINE('',#6117,#2375);
#2168=LINE('',#6126,#2376);
#2169=LINE('',#6128,#2377);
#2170=LINE('',#6135,#2378);
#2171=LINE('',#6137,#2379);
#2172=LINE('',#6142,#2380);
#2173=LINE('',#6144,#2381);
#2174=LINE('',#6146,#2382);
#2175=LINE('',#6147,#2383);
#2176=LINE('',#6159,#2384);
#2177=LINE('',#6161,#2385);
#2178=LINE('',#6165,#2386);
#2179=LINE('',#6169,#2387);
#2180=LINE('',#6237,#2388);
#2181=LINE('',#6239,#2389);
#2182=LINE('',#6241,#2390);
#2183=LINE('',#6308,#2391);
#2184=LINE('',#6310,#2392);
#2185=LINE('',#6378,#2393);
#2186=LINE('',#6380,#2394);
#2187=LINE('',#6447,#2395);
#2188=LINE('',#6449,#2396);
#2189=LINE('',#6515,#2397);
#2190=LINE('',#6517,#2398);
#2191=LINE('',#6596,#2399);
#2192=LINE('',#6623,#2400);
#2193=LINE('',#6625,#2401);
#2194=LINE('',#6635,#2402);
#2195=LINE('',#6641,#2403);
#2196=LINE('',#6647,#2404);
#2197=LINE('',#6653,#2405);
#2198=LINE('',#6659,#2406);
#2199=LINE('',#6665,#2407);
#2200=LINE('',#6671,#2408);
#2201=LINE('',#6677,#2409);
#2202=LINE('',#6683,#2410);
#2203=LINE('',#6689,#2411);
#2204=LINE('',#6695,#2412);
#2205=LINE('',#6734,#2413);
#2206=LINE('',#6737,#2414);
#2207=LINE('',#6739,#2415);
#2208=LINE('',#6741,#2416);
#2209=LINE('',#6743,#2417);
#2210=LINE('',#6745,#2418);
#2211=LINE('',#6747,#2419);
#2212=LINE('',#6749,#2420);
#2213=LINE('',#6753,#2421);
#2214=LINE('',#6755,#2422);
#2215=LINE('',#6757,#2423);
#2216=LINE('',#6759,#2424);
#2217=LINE('',#6761,#2425);
#2218=LINE('',#6763,#2426);
#2219=LINE('',#6767,#2427);
#2220=LINE('',#6771,#2428);
#2221=LINE('',#6775,#2429);
#2222=LINE('',#6779,#2430);
#2223=LINE('',#6783,#2431);
#2224=LINE('',#6787,#2432);
#2225=LINE('',#6791,#2433);
#2226=LINE('',#6795,#2434);
#2227=LINE('',#6799,#2435);
#2228=LINE('',#6803,#2436);
#2229=LINE('',#6813,#2437);
#2230=VECTOR('',#4467,1000.);
#2231=VECTOR('',#4472,1000.);
#2232=VECTOR('',#4481,1000.);
#2233=VECTOR('',#4486,1000.);
#2234=VECTOR('',#4489,1000.);
#2235=VECTOR('',#4494,1000.);
#2236=VECTOR('',#4503,1000.);
#2237=VECTOR('',#4508,1000.);
#2238=VECTOR('',#4511,1000.);
#2239=VECTOR('',#4516,1000.);
#2240=VECTOR('',#4525,1000.);
#2241=VECTOR('',#4530,1000.);
#2242=VECTOR('',#4533,1000.);
#2243=VECTOR('',#4538,1000.);
#2244=VECTOR('',#4545,1000.);
#2245=VECTOR('',#4552,1000.);
#2246=VECTOR('',#4555,1000.);
#2247=VECTOR('',#4560,1000.);
#2248=VECTOR('',#4567,1000.);
#2249=VECTOR('',#4574,1000.);
#2250=VECTOR('',#4577,1000.);
#2251=VECTOR('',#4582,1000.);
#2252=VECTOR('',#4589,1000.);
#2253=VECTOR('',#4596,1000.);
#2254=VECTOR('',#4601,1000.);
#2255=VECTOR('',#4608,1000.);
#2256=VECTOR('',#4613,1000.);
#2257=VECTOR('',#4620,1000.);
#2258=VECTOR('',#4629,1000.);
#2259=VECTOR('',#4636,1000.);
#2260=VECTOR('',#4643,1000.);
#2261=VECTOR('',#4648,1000.);
#2262=VECTOR('',#4651,1000.);
#2263=VECTOR('',#4656,1000.);
#2264=VECTOR('',#4661,1000.);
#2265=VECTOR('',#4666,1000.);
#2266=VECTOR('',#4671,1000.);
#2267=VECTOR('',#4678,1000.);
#2268=VECTOR('',#4683,1000.);
#2269=VECTOR('',#4690,1000.);
#2270=VECTOR('',#4695,1000.);
#2271=VECTOR('',#4696,1000.);
#2272=VECTOR('',#4697,1000.);
#2273=VECTOR('',#4698,1000.);
#2274=VECTOR('',#4703,1000.);
#2275=VECTOR('',#4710,1000.);
#2276=VECTOR('',#4717,1000.);
#2277=VECTOR('',#4724,1000.);
#2278=VECTOR('',#4731,1000.);
#2279=VECTOR('',#4738,1000.);
#2280=VECTOR('',#4745,1000.);
#2281=VECTOR('',#4752,1000.);
#2282=VECTOR('',#4757,1000.);
#2283=VECTOR('',#4760,1000.);
#2284=VECTOR('',#4761,1000.);
#2285=VECTOR('',#4762,1000.);
#2286=VECTOR('',#4763,1000.);
#2287=VECTOR('',#4768,1000.);
#2288=VECTOR('',#4773,1000.);
#2289=VECTOR('',#4774,1000.);
#2290=VECTOR('',#4775,1000.);
#2291=VECTOR('',#4778,1000.);
#2292=VECTOR('',#4779,1000.);
#2293=VECTOR('',#4780,1000.);
#2294=VECTOR('',#4783,1000.);
#2295=VECTOR('',#4808,1000.);
#2296=VECTOR('',#4809,1000.);
#2297=VECTOR('',#4810,1000.);
#2298=VECTOR('',#4815,1000.);
#2299=VECTOR('',#4820,1000.);
#2300=VECTOR('',#4825,1000.);
#2301=VECTOR('',#4826,1000.);
#2302=VECTOR('',#4827,1000.);
#2303=VECTOR('',#4832,1000.);
#2304=VECTOR('',#4835,1000.);
#2305=VECTOR('',#4836,1000.);
#2306=VECTOR('',#4837,1000.);
#2307=VECTOR('',#4838,1000.);
#2308=VECTOR('',#4841,1000.);
#2309=VECTOR('',#4842,1000.);
#2310=VECTOR('',#4843,1000.);
#2311=VECTOR('',#4844,1000.);
#2312=VECTOR('',#4845,1000.);
#2313=VECTOR('',#4850,1000.);
#2314=VECTOR('',#4853,1000.);
#2315=VECTOR('',#4854,1000.);
#2316=VECTOR('',#4857,1000.);
#2317=VECTOR('',#4858,1000.);
#2318=VECTOR('',#4863,1000.);
#2319=VECTOR('',#4868,1000.);
#2320=VECTOR('',#4885,1000.);
#2321=VECTOR('',#4888,1000.);
#2322=VECTOR('',#4891,1000.);
#2323=VECTOR('',#4894,1000.);
#2324=VECTOR('',#4897,1000.);
#2325=VECTOR('',#4900,1000.);
#2326=VECTOR('',#4903,1000.);
#2327=VECTOR('',#4906,1000.);
#2328=VECTOR('',#4911,1000.);
#2329=VECTOR('',#4916,1000.);
#2330=VECTOR('',#4921,1000.);
#2331=VECTOR('',#4926,1000.);
#2332=VECTOR('',#4935,1000.);
#2333=VECTOR('',#4940,1000.);
#2334=VECTOR('',#4945,1000.);
#2335=VECTOR('',#4954,1000.);
#2336=VECTOR('',#4959,1000.);
#2337=VECTOR('',#4968,1000.);
#2338=VECTOR('',#4969,1000.);
#2339=VECTOR('',#4970,1000.);
#2340=VECTOR('',#4971,1000.);
#2341=VECTOR('',#4976,1000.);
#2342=VECTOR('',#4981,1000.);
#2343=VECTOR('',#4986,1000.);
#2344=VECTOR('',#4987,1000.);
#2345=VECTOR('',#4988,1000.);
#2346=VECTOR('',#4991,1000.);
#2347=VECTOR('',#4996,1000.);
#2348=VECTOR('',#4997,1000.);
#2349=VECTOR('',#4998,1000.);
#2350=VECTOR('',#5005,1000.);
#2351=VECTOR('',#5012,1000.);
#2352=VECTOR('',#5017,1000.);
#2353=VECTOR('',#5020,1000.);
#2354=VECTOR('',#5023,1000.);
#2355=VECTOR('',#5032,1000.);
#2356=VECTOR('',#5037,1000.);
#2357=VECTOR('',#5046,1000.);
#2358=VECTOR('',#5063,1000.);
#2359=VECTOR('',#5064,1000.);
#2360=VECTOR('',#5065,1000.);
#2361=VECTOR('',#5066,1000.);
#2362=VECTOR('',#5075,1000.);
#2363=VECTOR('',#5086,1000.);
#2364=VECTOR('',#5087,1000.);
#2365=VECTOR('',#5088,1000.);
#2366=VECTOR('',#5089,1000.);
#2367=VECTOR('',#5092,1000.);
#2368=VECTOR('',#5093,1000.);
#2369=VECTOR('',#5094,1000.);
#2370=VECTOR('',#5095,1000.);
#2371=VECTOR('',#5098,1000.);
#2372=VECTOR('',#5099,1000.);
#2373=VECTOR('',#5100,1000.);
#2374=VECTOR('',#5103,1000.);
#2375=VECTOR('',#5106,1000.);
#2376=VECTOR('',#5117,1000.);
#2377=VECTOR('',#5120,1000.);
#2378=VECTOR('',#5129,1000.);
#2379=VECTOR('',#5132,1000.);
#2380=VECTOR('',#5139,1000.);
#2381=VECTOR('',#5142,1000.);
#2382=VECTOR('',#5145,1000.);
#2383=VECTOR('',#5146,1000.);
#2384=VECTOR('',#5163,1000.);
#2385=VECTOR('',#5166,1000.);
#2386=VECTOR('',#5171,1000.);
#2387=VECTOR('',#5176,1000.);
#2388=VECTOR('',#5177,1000.);
#2389=VECTOR('',#5178,1000.);
#2390=VECTOR('',#5181,1000.);
#2391=VECTOR('',#5182,1000.);
#2392=VECTOR('',#5185,1000.);
#2393=VECTOR('',#5186,1000.);
#2394=VECTOR('',#5187,1000.);
#2395=VECTOR('',#5190,1000.);
#2396=VECTOR('',#5191,1000.);
#2397=VECTOR('',#5194,1000.);
#2398=VECTOR('',#5197,1000.);
#2399=VECTOR('',#5224,1000.);
#2400=VECTOR('',#5263,1000.);
#2401=VECTOR('',#5266,1000.);
#2402=VECTOR('',#5283,1000.);
#2403=VECTOR('',#5290,1000.);
#2404=VECTOR('',#5297,1000.);
#2405=VECTOR('',#5304,1000.);
#2406=VECTOR('',#5311,1000.);
#2407=VECTOR('',#5318,1000.);
#2408=VECTOR('',#5325,1000.);
#2409=VECTOR('',#5332,1000.);
#2410=VECTOR('',#5339,1000.);
#2411=VECTOR('',#5346,1000.);
#2412=VECTOR('',#5353,1000.);
#2413=VECTOR('',#5404,1000.);
#2414=VECTOR('',#5405,1000.);
#2415=VECTOR('',#5406,1000.);
#2416=VECTOR('',#5407,1000.);
#2417=VECTOR('',#5410,1000.);
#2418=VECTOR('',#5411,1000.);
#2419=VECTOR('',#5412,1000.);
#2420=VECTOR('',#5415,1000.);
#2421=VECTOR('',#5420,1000.);
#2422=VECTOR('',#5421,1000.);
#2423=VECTOR('',#5424,1000.);
#2424=VECTOR('',#5425,1000.);
#2425=VECTOR('',#5428,1000.);
#2426=VECTOR('',#5431,1000.);
#2427=VECTOR('',#5436,1000.);
#2428=VECTOR('',#5441,1000.);
#2429=VECTOR('',#5446,1000.);
#2430=VECTOR('',#5451,1000.);
#2431=VECTOR('',#5456,1000.);
#2432=VECTOR('',#5461,1000.);
#2433=VECTOR('',#5466,1000.);
#2434=VECTOR('',#5471,1000.);
#2435=VECTOR('',#5476,1000.);
#2436=VECTOR('',#5481,1000.);
#2437=VECTOR('',#5494,1000.);
#2438=EDGE_LOOP('',(#465,#466,#467));
#2439=EDGE_LOOP('',(#468,#469,#470,#471));
#2440=EDGE_LOOP('',(#472,#473,#474,#475,#476));
#2441=EDGE_LOOP('',(#477,#478,#479,#480,#481));
#2442=EDGE_LOOP('',(#482,#483,#484));
#2443=EDGE_LOOP('',(#485,#486,#487,#488));
#2444=EDGE_LOOP('',(#489,#490,#491,#492,#493));
#2445=EDGE_LOOP('',(#494,#495,#496,#497,#498));
#2446=EDGE_LOOP('',(#499,#500,#501));
#2447=EDGE_LOOP('',(#502,#503,#504,#505));
#2448=EDGE_LOOP('',(#506,#507,#508,#509,#510));
#2449=EDGE_LOOP('',(#511,#512,#513,#514,#515));
#2450=EDGE_LOOP('',(#516,#517,#518));
#2451=EDGE_LOOP('',(#519,#520,#521,#522));
#2452=EDGE_LOOP('',(#523,#524,#525,#526,#527));
#2453=EDGE_LOOP('',(#528,#529,#530,#531,#532));
#2454=EDGE_LOOP('',(#533,#534,#535));
#2455=EDGE_LOOP('',(#536,#537,#538,#539));
#2456=EDGE_LOOP('',(#540,#541,#542,#543,#544));
#2457=EDGE_LOOP('',(#545,#546,#547,#548,#549));
#2458=EDGE_LOOP('',(#550,#551,#552));
#2459=EDGE_LOOP('',(#553,#554,#555,#556));
#2460=EDGE_LOOP('',(#557,#558,#559,#560,#561));
#2461=EDGE_LOOP('',(#562,#563,#564,#565,#566));
#2462=EDGE_LOOP('',(#567,#568,#569,#570,#571));
#2463=EDGE_LOOP('',(#572,#573,#574));
#2464=EDGE_LOOP('',(#575,#576,#577));
#2465=EDGE_LOOP('',(#578,#579,#580,#581,#582));
#2466=EDGE_LOOP('',(#583,#584,#585,#586));
#2467=EDGE_LOOP('',(#587,#588,#589,#590,#591));
#2468=EDGE_LOOP('',(#592,#593,#594,#595,#596));
#2469=EDGE_LOOP('',(#597,#598,#599,#600));
#2470=EDGE_LOOP('',(#601,#602,#603));
#2471=EDGE_LOOP('',(#604,#605,#606,#607));
#2472=EDGE_LOOP('',(#608,#609,#610));
#2473=EDGE_LOOP('',(#611,#612,#613,#614,#615));
#2474=EDGE_LOOP('',(#616,#617,#618,#619,#620));
#2475=EDGE_LOOP('',(#621,#622,#623,#624,#625));
#2476=EDGE_LOOP('',(#626,#627,#628,#629));
#2477=EDGE_LOOP('',(#630,#631,#632,#633));
#2478=EDGE_LOOP('',(#634,#635,#636,#637));
#2479=EDGE_LOOP('',(#638,#639,#640,#641));
#2480=EDGE_LOOP('',(#642,#643,#644,#645));
#2481=EDGE_LOOP('',(#646,#647,#648,#649));
#2482=EDGE_LOOP('',(#650,#651,#652,#653));
#2483=EDGE_LOOP('',(#654,#655,#656,#657));
#2484=EDGE_LOOP('',(#658,#659,#660,#661));
#2485=EDGE_LOOP('',(#662,#663,#664,#665));
#2486=EDGE_LOOP('',(#666,#667,#668,#669));
#2487=EDGE_LOOP('',(#670,#671,#672,#673));
#2488=EDGE_LOOP('',(#674,#675,#676,#677));
#2489=EDGE_LOOP('',(#678,#679,#680,#681));
#2490=EDGE_LOOP('',(#682,#683,#684,#685));
#2491=EDGE_LOOP('',(#686,#687,#688,#689));
#2492=EDGE_LOOP('',(#690,#691,#692,#693,#694));
#2493=EDGE_LOOP('',(#695));
#2494=EDGE_LOOP('',(#696));
#2495=EDGE_LOOP('',(#697));
#2496=EDGE_LOOP('',(#698));
#2497=EDGE_LOOP('',(#699));
#2498=EDGE_LOOP('',(#700));
#2499=EDGE_LOOP('',(#701));
#2500=EDGE_LOOP('',(#702));
#2501=EDGE_LOOP('',(#703));
#2502=EDGE_LOOP('',(#704));
#2503=EDGE_LOOP('',(#705));
#2504=EDGE_LOOP('',(#706));
#2505=EDGE_LOOP('',(#707,#708,#709,#710));
#2506=EDGE_LOOP('',(#711,#712,#713,#714));
#2507=EDGE_LOOP('',(#715,#716,#717,#718));
#2508=EDGE_LOOP('',(#719,#720,#721,#722));
#2509=EDGE_LOOP('',(#723,#724,#725,#726));
#2510=EDGE_LOOP('',(#727,#728,#729,#730));
#2511=EDGE_LOOP('',(#731));
#2512=EDGE_LOOP('',(#732));
#2513=EDGE_LOOP('',(#733,#734,#735,#736,#737,#738,#739,#740,#741,#742,#743,
#744));
#2514=EDGE_LOOP('',(#745,#746,#747,#748));
#2515=EDGE_LOOP('',(#749));
#2516=EDGE_LOOP('',(#750));
#2517=EDGE_LOOP('',(#751));
#2518=EDGE_LOOP('',(#752,#753,#754,#755));
#2519=EDGE_LOOP('',(#756));
#2520=EDGE_LOOP('',(#757));
#2521=EDGE_LOOP('',(#758));
#2522=EDGE_LOOP('',(#759,#760,#761,#762));
#2523=EDGE_LOOP('',(#763,#764,#765,#766));
#2524=EDGE_LOOP('',(#767,#768,#769,#770));
#2525=EDGE_LOOP('',(#771));
#2526=EDGE_LOOP('',(#772));
#2527=EDGE_LOOP('',(#773));
#2528=EDGE_LOOP('',(#774));
#2529=EDGE_LOOP('',(#775));
#2530=EDGE_LOOP('',(#776));
#2531=EDGE_LOOP('',(#777));
#2532=EDGE_LOOP('',(#778));
#2533=EDGE_LOOP('',(#779));
#2534=EDGE_LOOP('',(#780));
#2535=EDGE_LOOP('',(#781));
#2536=EDGE_LOOP('',(#782));
#2537=EDGE_LOOP('',(#783));
#2538=EDGE_LOOP('',(#784));
#2539=EDGE_LOOP('',(#785));
#2540=EDGE_LOOP('',(#786));
#2541=EDGE_LOOP('',(#787));
#2542=EDGE_LOOP('',(#788));
#2543=EDGE_LOOP('',(#789));
#2544=EDGE_LOOP('',(#790));
#2545=EDGE_LOOP('',(#791));
#2546=EDGE_LOOP('',(#792));
#2547=EDGE_LOOP('',(#793));
#2548=EDGE_LOOP('',(#794));
#2549=EDGE_LOOP('',(#795,#796,#797,#798));
#2550=EDGE_LOOP('',(#799,#800,#801,#802));
#2551=EDGE_LOOP('',(#803,#804,#805,#806));
#2552=EDGE_LOOP('',(#807,#808,#809,#810));
#2553=EDGE_LOOP('',(#811,#812,#813,#814));
#2554=EDGE_LOOP('',(#815,#816,#817,#818));
#2555=EDGE_LOOP('',(#819,#820,#821,#822));
#2556=EDGE_LOOP('',(#823,#824,#825,#826));
#2557=EDGE_LOOP('',(#827));
#2558=EDGE_LOOP('',(#828));
#2559=EDGE_LOOP('',(#829));
#2560=EDGE_LOOP('',(#830));
#2561=EDGE_LOOP('',(#831));
#2562=EDGE_LOOP('',(#832));
#2563=EDGE_LOOP('',(#833));
#2564=EDGE_LOOP('',(#834));
#2565=EDGE_LOOP('',(#835));
#2566=EDGE_LOOP('',(#836));
#2567=EDGE_LOOP('',(#837));
#2568=EDGE_LOOP('',(#838));
#2569=EDGE_LOOP('',(#839,#840,#841,#842));
#2570=EDGE_LOOP('',(#843));
#2571=EDGE_LOOP('',(#844));
#2572=EDGE_LOOP('',(#845,#846,#847,#848,#849,#850,#851,#852,#853,#854,#855,
#856));
#2573=EDGE_LOOP('',(#857,#858,#859,#860));
#2574=EDGE_LOOP('',(#861,#862,#863,#864,#865));
#2575=EDGE_LOOP('',(#866,#867,#868,#869));
#2576=EDGE_LOOP('',(#870,#871,#872,#873,#874));
#2577=EDGE_LOOP('',(#875,#876,#877,#878,#879));
#2578=EDGE_LOOP('',(#880,#881,#882,#883,#884));
#2579=EDGE_LOOP('',(#885,#886,#887,#888,#889));
#2580=EDGE_LOOP('',(#890,#891,#892,#893));
#2581=EDGE_LOOP('',(#894));
#2582=EDGE_LOOP('',(#895));
#2583=EDGE_LOOP('',(#896,#897,#898,#899));
#2584=EDGE_LOOP('',(#900,#901,#902,#903));
#2585=EDGE_LOOP('',(#904,#905,#906,#907));
#2586=EDGE_LOOP('',(#908));
#2587=EDGE_LOOP('',(#909,#910,#911,#912));
#2588=EDGE_LOOP('',(#913,#914,#915,#916));
#2589=EDGE_LOOP('',(#917));
#2590=EDGE_LOOP('',(#918,#919,#920,#921));
#2591=EDGE_LOOP('',(#922));
#2592=EDGE_LOOP('',(#923));
#2593=EDGE_LOOP('',(#924,#925,#926,#927));
#2594=EDGE_LOOP('',(#928));
#2595=EDGE_LOOP('',(#929));
#2596=EDGE_LOOP('',(#930));
#2597=EDGE_LOOP('',(#931));
#2598=EDGE_LOOP('',(#932));
#2599=EDGE_LOOP('',(#933));
#2600=EDGE_LOOP('',(#934,#935,#936,#937));
#2601=EDGE_LOOP('',(#938,#939,#940,#941));
#2602=EDGE_LOOP('',(#942,#943,#944,#945,#946));
#2603=EDGE_LOOP('',(#947,#948));
#2604=EDGE_LOOP('',(#949,#950,#951,#952));
#2605=EDGE_LOOP('',(#953));
#2606=EDGE_LOOP('',(#954));
#2607=EDGE_LOOP('',(#955,#956,#957,#958));
#2608=EDGE_LOOP('',(#959,#960));
#2609=EDGE_LOOP('',(#961,#962,#963,#964));
#2610=EDGE_LOOP('',(#965));
#2611=EDGE_LOOP('',(#966));
#2612=EDGE_LOOP('',(#967,#968,#969,#970));
#2613=EDGE_LOOP('',(#971));
#2614=EDGE_LOOP('',(#972));
#2615=EDGE_LOOP('',(#973,#974,#975,#976));
#2616=EDGE_LOOP('',(#977));
#2617=EDGE_LOOP('',(#978));
#2618=EDGE_LOOP('',(#979));
#2619=EDGE_LOOP('',(#980));
#2620=EDGE_LOOP('',(#981,#982,#983,#984));
#2621=EDGE_LOOP('',(#985));
#2622=EDGE_LOOP('',(#986));
#2623=EDGE_LOOP('',(#987,#988,#989,#990));
#2624=EDGE_LOOP('',(#991));
#2625=EDGE_LOOP('',(#992));
#2626=EDGE_LOOP('',(#993));
#2627=EDGE_LOOP('',(#994));
#2628=EDGE_LOOP('',(#995,#996,#997,#998));
#2629=EDGE_LOOP('',(#999,#1000,#1001,#1002));
#2630=EDGE_LOOP('',(#1003,#1004,#1005,#1006,#1007,#1008));
#2631=EDGE_LOOP('',(#1009,#1010,#1011,#1012));
#2632=EDGE_LOOP('',(#1013,#1014,#1015,#1016));
#2633=EDGE_LOOP('',(#1017));
#2634=EDGE_LOOP('',(#1018));
#2635=EDGE_LOOP('',(#1019,#1020,#1021,#1022));
#2636=EDGE_LOOP('',(#1023,#1024,#1025,#1026));
#2637=EDGE_LOOP('',(#1027));
#2638=EDGE_LOOP('',(#1028));
#2639=EDGE_LOOP('',(#1029,#1030,#1031,#1032));
#2640=EDGE_LOOP('',(#1033,#1034,#1035,#1036));
#2641=EDGE_LOOP('',(#1037));
#2642=EDGE_LOOP('',(#1038));
#2643=EDGE_LOOP('',(#1039,#1040,#1041,#1042));
#2644=EDGE_LOOP('',(#1043,#1044,#1045,#1046));
#2645=EDGE_LOOP('',(#1047,#1048,#1049,#1050,#1051,#1052));
#2646=EDGE_LOOP('',(#1053,#1054,#1055,#1056));
#2647=EDGE_LOOP('',(#1057,#1058,#1059,#1060));
#2648=EDGE_LOOP('',(#1061));
#2649=EDGE_LOOP('',(#1062,#1063,#1064,#1065,#1066));
#2650=EDGE_LOOP('',(#1067,#1068,#1069,#1070,#1071));
#2651=EDGE_LOOP('',(#1072,#1073,#1074,#1075));
#2652=EDGE_LOOP('',(#1076,#1077,#1078,#1079));
#2653=EDGE_LOOP('',(#1080,#1081,#1082,#1083));
#2654=EDGE_LOOP('',(#1084,#1085,#1086,#1087));
#2655=EDGE_LOOP('',(#1088,#1089,#1090,#1091));
#2656=EDGE_LOOP('',(#1092,#1093,#1094,#1095));
#2657=EDGE_LOOP('',(#1096,#1097,#1098,#1099,#1100,#1101));
#2658=EDGE_LOOP('',(#1102,#1103,#1104,#1105));
#2659=EDGE_LOOP('',(#1106,#1107));
#2660=EDGE_LOOP('',(#1108,#1109));
#2661=EDGE_LOOP('',(#1110,#1111));
#2662=EDGE_LOOP('',(#1112,#1113));
#2663=EDGE_LOOP('',(#1114,#1115));
#2664=EDGE_LOOP('',(#1116,#1117,#1118,#1119,#1120));
#2665=EDGE_LOOP('',(#1121));
#2666=EDGE_LOOP('',(#1122));
#2667=EDGE_LOOP('',(#1123,#1124));
#2668=EDGE_LOOP('',(#1125,#1126,#1127,#1128,#1129,#1130));
#2669=EDGE_LOOP('',(#1131));
#2670=EDGE_LOOP('',(#1132,#1133,#1134,#1135,#1136));
#2671=EDGE_LOOP('',(#1137));
#2672=EDGE_LOOP('',(#1138));
#2673=EDGE_LOOP('',(#1139));
#2674=EDGE_LOOP('',(#1140));
#2675=EDGE_LOOP('',(#1141,#1142,#1143,#1144));
#2676=EDGE_LOOP('',(#1145,#1146,#1147,#1148));
#2677=EDGE_LOOP('',(#1149,#1150,#1151,#1152));
#2678=EDGE_LOOP('',(#1153,#1154,#1155,#1156));
#2679=EDGE_LOOP('',(#1157,#1158,#1159,#1160));
#2680=EDGE_LOOP('',(#1161,#1162,#1163,#1164));
#2681=EDGE_LOOP('',(#1165,#1166,#1167,#1168));
#2682=EDGE_LOOP('',(#1169,#1170,#1171,#1172));
#2683=EDGE_LOOP('',(#1173,#1174,#1175,#1176));
#2684=EDGE_LOOP('',(#1177,#1178,#1179,#1180));
#2685=EDGE_LOOP('',(#1181,#1182,#1183,#1184));
#2686=EDGE_LOOP('',(#1185,#1186,#1187,#1188));
#2687=EDGE_LOOP('',(#1189,#1190,#1191,#1192));
#2688=EDGE_LOOP('',(#1193));
#2689=EDGE_LOOP('',(#1194));
#2690=EDGE_LOOP('',(#1195));
#2691=EDGE_LOOP('',(#1196));
#2692=EDGE_LOOP('',(#1197));
#2693=EDGE_LOOP('',(#1198));
#2694=EDGE_LOOP('',(#1199));
#2695=EDGE_LOOP('',(#1200));
#2696=EDGE_LOOP('',(#1201));
#2697=EDGE_LOOP('',(#1202));
#2698=EDGE_LOOP('',(#1203));
#2699=EDGE_LOOP('',(#1204));
#2700=EDGE_LOOP('',(#1205));
#2701=EDGE_LOOP('',(#1206));
#2702=EDGE_LOOP('',(#1207));
#2703=EDGE_LOOP('',(#1208));
#2704=EDGE_LOOP('',(#1209));
#2705=EDGE_LOOP('',(#1210));
#2706=EDGE_LOOP('',(#1211));
#2707=EDGE_LOOP('',(#1212));
#2708=EDGE_LOOP('',(#1213));
#2709=EDGE_LOOP('',(#1214));
#2710=EDGE_LOOP('',(#1215));
#2711=EDGE_LOOP('',(#1216));
#2712=EDGE_LOOP('',(#1217));
#2713=EDGE_LOOP('',(#1218));
#2714=EDGE_LOOP('',(#1219));
#2715=EDGE_LOOP('',(#1220));
#2716=EDGE_LOOP('',(#1221));
#2717=EDGE_LOOP('',(#1222));
#2718=EDGE_LOOP('',(#1223));
#2719=EDGE_LOOP('',(#1224));
#2720=EDGE_LOOP('',(#1225));
#2721=EDGE_LOOP('',(#1226));
#2722=EDGE_LOOP('',(#1227,#1228,#1229,#1230));
#2723=EDGE_LOOP('',(#1231,#1232,#1233,#1234));
#2724=EDGE_LOOP('',(#1235,#1236,#1237,#1238));
#2725=EDGE_LOOP('',(#1239,#1240,#1241,#1242));
#2726=EDGE_LOOP('',(#1243,#1244,#1245,#1246));
#2727=EDGE_LOOP('',(#1247,#1248,#1249,#1250));
#2728=EDGE_LOOP('',(#1251,#1252,#1253,#1254));
#2729=EDGE_LOOP('',(#1255,#1256,#1257,#1258));
#2730=EDGE_LOOP('',(#1259,#1260,#1261,#1262));
#2731=EDGE_LOOP('',(#1263,#1264,#1265,#1266));
#2732=EDGE_LOOP('',(#1267,#1268,#1269,#1270));
#2733=EDGE_LOOP('',(#1271,#1272,#1273,#1274));
#2734=EDGE_LOOP('',(#1275,#1276,#1277,#1278));
#2735=EDGE_LOOP('',(#1279,#1280,#1281,#1282));
#2736=EDGE_LOOP('',(#1283,#1284,#1285,#1286));
#2737=EDGE_LOOP('',(#1287,#1288,#1289,#1290));
#2738=EDGE_LOOP('',(#1291,#1292,#1293,#1294));
#2739=EDGE_LOOP('',(#1295));
#2740=EDGE_LOOP('',(#1296));
#2741=EDGE_LOOP('',(#1297));
#2742=EDGE_LOOP('',(#1298));
#2743=EDGE_LOOP('',(#1299));
#2744=EDGE_LOOP('',(#1300));
#2745=EDGE_LOOP('',(#1301));
#2746=EDGE_LOOP('',(#1302));
#2747=EDGE_LOOP('',(#1303));
#2748=EDGE_LOOP('',(#1304));
#2749=EDGE_LOOP('',(#1305));
#2750=EDGE_LOOP('',(#1306));
#2751=EDGE_LOOP('',(#1307,#1308,#1309,#1310));
#2752=EDGE_LOOP('',(#1311));
#2753=EDGE_LOOP('',(#1312));
#2754=EDGE_LOOP('',(#1313,#1314,#1315,#1316));
#2755=FACE_BOUND('',#2438,.T.);
#2756=FACE_BOUND('',#2439,.T.);
#2757=FACE_BOUND('',#2440,.T.);
#2758=FACE_BOUND('',#2441,.T.);
#2759=FACE_BOUND('',#2442,.T.);
#2760=FACE_BOUND('',#2443,.T.);
#2761=FACE_BOUND('',#2444,.T.);
#2762=FACE_BOUND('',#2445,.T.);
#2763=FACE_BOUND('',#2446,.T.);
#2764=FACE_BOUND('',#2447,.T.);
#2765=FACE_BOUND('',#2448,.T.);
#2766=FACE_BOUND('',#2449,.T.);
#2767=FACE_BOUND('',#2450,.T.);
#2768=FACE_BOUND('',#2451,.T.);
#2769=FACE_BOUND('',#2452,.T.);
#2770=FACE_BOUND('',#2453,.T.);
#2771=FACE_BOUND('',#2454,.T.);
#2772=FACE_BOUND('',#2455,.T.);
#2773=FACE_BOUND('',#2456,.T.);
#2774=FACE_BOUND('',#2457,.T.);
#2775=FACE_BOUND('',#2458,.T.);
#2776=FACE_BOUND('',#2459,.T.);
#2777=FACE_BOUND('',#2460,.T.);
#2778=FACE_BOUND('',#2461,.T.);
#2779=FACE_BOUND('',#2462,.T.);
#2780=FACE_BOUND('',#2463,.T.);
#2781=FACE_BOUND('',#2464,.T.);
#2782=FACE_BOUND('',#2465,.T.);
#2783=FACE_BOUND('',#2466,.T.);
#2784=FACE_BOUND('',#2467,.T.);
#2785=FACE_BOUND('',#2468,.T.);
#2786=FACE_BOUND('',#2469,.T.);
#2787=FACE_BOUND('',#2470,.T.);
#2788=FACE_BOUND('',#2471,.T.);
#2789=FACE_BOUND('',#2472,.T.);
#2790=FACE_BOUND('',#2473,.T.);
#2791=FACE_BOUND('',#2474,.T.);
#2792=FACE_BOUND('',#2475,.T.);
#2793=FACE_BOUND('',#2476,.T.);
#2794=FACE_BOUND('',#2477,.T.);
#2795=FACE_BOUND('',#2478,.T.);
#2796=FACE_BOUND('',#2479,.T.);
#2797=FACE_BOUND('',#2480,.T.);
#2798=FACE_BOUND('',#2481,.T.);
#2799=FACE_BOUND('',#2482,.T.);
#2800=FACE_BOUND('',#2483,.T.);
#2801=FACE_BOUND('',#2484,.T.);
#2802=FACE_BOUND('',#2485,.T.);
#2803=FACE_BOUND('',#2486,.T.);
#2804=FACE_BOUND('',#2487,.T.);
#2805=FACE_BOUND('',#2488,.T.);
#2806=FACE_BOUND('',#2489,.T.);
#2807=FACE_BOUND('',#2490,.T.);
#2808=FACE_BOUND('',#2491,.T.);
#2809=FACE_BOUND('',#2492,.T.);
#2810=FACE_BOUND('',#2493,.T.);
#2811=FACE_BOUND('',#2494,.T.);
#2812=FACE_BOUND('',#2495,.T.);
#2813=FACE_BOUND('',#2496,.T.);
#2814=FACE_BOUND('',#2497,.T.);
#2815=FACE_BOUND('',#2498,.T.);
#2816=FACE_BOUND('',#2499,.T.);
#2817=FACE_BOUND('',#2500,.T.);
#2818=FACE_BOUND('',#2501,.T.);
#2819=FACE_BOUND('',#2502,.T.);
#2820=FACE_BOUND('',#2503,.T.);
#2821=FACE_BOUND('',#2504,.T.);
#2822=FACE_BOUND('',#2505,.T.);
#2823=FACE_BOUND('',#2506,.T.);
#2824=FACE_BOUND('',#2507,.T.);
#2825=FACE_BOUND('',#2508,.T.);
#2826=FACE_BOUND('',#2509,.T.);
#2827=FACE_BOUND('',#2510,.T.);
#2828=FACE_BOUND('',#2511,.T.);
#2829=FACE_BOUND('',#2512,.T.);
#2830=FACE_BOUND('',#2513,.T.);
#2831=FACE_BOUND('',#2514,.T.);
#2832=FACE_BOUND('',#2515,.T.);
#2833=FACE_BOUND('',#2516,.T.);
#2834=FACE_BOUND('',#2517,.T.);
#2835=FACE_BOUND('',#2518,.T.);
#2836=FACE_BOUND('',#2519,.T.);
#2837=FACE_BOUND('',#2520,.T.);
#2838=FACE_BOUND('',#2521,.T.);
#2839=FACE_BOUND('',#2522,.T.);
#2840=FACE_BOUND('',#2523,.T.);
#2841=FACE_BOUND('',#2524,.T.);
#2842=FACE_BOUND('',#2525,.T.);
#2843=FACE_BOUND('',#2526,.T.);
#2844=FACE_BOUND('',#2527,.T.);
#2845=FACE_BOUND('',#2528,.T.);
#2846=FACE_BOUND('',#2529,.T.);
#2847=FACE_BOUND('',#2530,.T.);
#2848=FACE_BOUND('',#2531,.T.);
#2849=FACE_BOUND('',#2532,.T.);
#2850=FACE_BOUND('',#2533,.T.);
#2851=FACE_BOUND('',#2534,.T.);
#2852=FACE_BOUND('',#2535,.T.);
#2853=FACE_BOUND('',#2536,.T.);
#2854=FACE_BOUND('',#2537,.T.);
#2855=FACE_BOUND('',#2538,.T.);
#2856=FACE_BOUND('',#2539,.T.);
#2857=FACE_BOUND('',#2540,.T.);
#2858=FACE_BOUND('',#2541,.T.);
#2859=FACE_BOUND('',#2542,.T.);
#2860=FACE_BOUND('',#2543,.T.);
#2861=FACE_BOUND('',#2544,.T.);
#2862=FACE_BOUND('',#2545,.T.);
#2863=FACE_BOUND('',#2546,.T.);
#2864=FACE_BOUND('',#2547,.T.);
#2865=FACE_BOUND('',#2548,.T.);
#2866=FACE_BOUND('',#2549,.T.);
#2867=FACE_BOUND('',#2550,.T.);
#2868=FACE_BOUND('',#2551,.T.);
#2869=FACE_BOUND('',#2552,.T.);
#2870=FACE_BOUND('',#2553,.T.);
#2871=FACE_BOUND('',#2554,.T.);
#2872=FACE_BOUND('',#2555,.T.);
#2873=FACE_BOUND('',#2556,.T.);
#2874=FACE_BOUND('',#2557,.T.);
#2875=FACE_BOUND('',#2558,.T.);
#2876=FACE_BOUND('',#2559,.T.);
#2877=FACE_BOUND('',#2560,.T.);
#2878=FACE_BOUND('',#2561,.T.);
#2879=FACE_BOUND('',#2562,.T.);
#2880=FACE_BOUND('',#2563,.T.);
#2881=FACE_BOUND('',#2564,.T.);
#2882=FACE_BOUND('',#2565,.T.);
#2883=FACE_BOUND('',#2566,.T.);
#2884=FACE_BOUND('',#2567,.T.);
#2885=FACE_BOUND('',#2568,.T.);
#2886=FACE_BOUND('',#2569,.T.);
#2887=FACE_BOUND('',#2570,.T.);
#2888=FACE_BOUND('',#2571,.T.);
#2889=FACE_BOUND('',#2572,.T.);
#2890=FACE_BOUND('',#2573,.T.);
#2891=FACE_BOUND('',#2574,.T.);
#2892=FACE_BOUND('',#2575,.T.);
#2893=FACE_BOUND('',#2576,.T.);
#2894=FACE_BOUND('',#2577,.T.);
#2895=FACE_BOUND('',#2578,.T.);
#2896=FACE_BOUND('',#2579,.T.);
#2897=FACE_BOUND('',#2580,.T.);
#2898=FACE_BOUND('',#2581,.T.);
#2899=FACE_BOUND('',#2582,.T.);
#2900=FACE_BOUND('',#2583,.T.);
#2901=FACE_BOUND('',#2584,.T.);
#2902=FACE_BOUND('',#2585,.T.);
#2903=FACE_BOUND('',#2586,.T.);
#2904=FACE_BOUND('',#2587,.T.);
#2905=FACE_BOUND('',#2588,.T.);
#2906=FACE_BOUND('',#2589,.T.);
#2907=FACE_BOUND('',#2590,.T.);
#2908=FACE_BOUND('',#2591,.T.);
#2909=FACE_BOUND('',#2592,.T.);
#2910=FACE_BOUND('',#2593,.T.);
#2911=FACE_BOUND('',#2594,.T.);
#2912=FACE_BOUND('',#2595,.T.);
#2913=FACE_BOUND('',#2596,.T.);
#2914=FACE_BOUND('',#2597,.T.);
#2915=FACE_BOUND('',#2598,.T.);
#2916=FACE_BOUND('',#2599,.T.);
#2917=FACE_BOUND('',#2600,.T.);
#2918=FACE_BOUND('',#2601,.T.);
#2919=FACE_BOUND('',#2602,.T.);
#2920=FACE_BOUND('',#2603,.T.);
#2921=FACE_BOUND('',#2604,.T.);
#2922=FACE_BOUND('',#2605,.T.);
#2923=FACE_BOUND('',#2606,.T.);
#2924=FACE_BOUND('',#2607,.T.);
#2925=FACE_BOUND('',#2608,.T.);
#2926=FACE_BOUND('',#2609,.T.);
#2927=FACE_BOUND('',#2610,.T.);
#2928=FACE_BOUND('',#2611,.T.);
#2929=FACE_BOUND('',#2612,.T.);
#2930=FACE_BOUND('',#2613,.T.);
#2931=FACE_BOUND('',#2614,.T.);
#2932=FACE_BOUND('',#2615,.T.);
#2933=FACE_BOUND('',#2616,.T.);
#2934=FACE_BOUND('',#2617,.T.);
#2935=FACE_BOUND('',#2618,.T.);
#2936=FACE_BOUND('',#2619,.T.);
#2937=FACE_BOUND('',#2620,.T.);
#2938=FACE_BOUND('',#2621,.T.);
#2939=FACE_BOUND('',#2622,.T.);
#2940=FACE_BOUND('',#2623,.T.);
#2941=FACE_BOUND('',#2624,.T.);
#2942=FACE_BOUND('',#2625,.T.);
#2943=FACE_BOUND('',#2626,.T.);
#2944=FACE_BOUND('',#2627,.T.);
#2945=FACE_BOUND('',#2628,.T.);
#2946=FACE_BOUND('',#2629,.T.);
#2947=FACE_BOUND('',#2630,.T.);
#2948=FACE_BOUND('',#2631,.T.);
#2949=FACE_BOUND('',#2632,.T.);
#2950=FACE_BOUND('',#2633,.T.);
#2951=FACE_BOUND('',#2634,.T.);
#2952=FACE_BOUND('',#2635,.T.);
#2953=FACE_BOUND('',#2636,.T.);
#2954=FACE_BOUND('',#2637,.T.);
#2955=FACE_BOUND('',#2638,.T.);
#2956=FACE_BOUND('',#2639,.T.);
#2957=FACE_BOUND('',#2640,.T.);
#2958=FACE_BOUND('',#2641,.T.);
#2959=FACE_BOUND('',#2642,.T.);
#2960=FACE_BOUND('',#2643,.T.);
#2961=FACE_BOUND('',#2644,.T.);
#2962=FACE_BOUND('',#2645,.T.);
#2963=FACE_BOUND('',#2646,.T.);
#2964=FACE_BOUND('',#2647,.T.);
#2965=FACE_BOUND('',#2648,.T.);
#2966=FACE_BOUND('',#2649,.T.);
#2967=FACE_BOUND('',#2650,.T.);
#2968=FACE_BOUND('',#2651,.T.);
#2969=FACE_BOUND('',#2652,.T.);
#2970=FACE_BOUND('',#2653,.T.);
#2971=FACE_BOUND('',#2654,.T.);
#2972=FACE_BOUND('',#2655,.T.);
#2973=FACE_BOUND('',#2656,.T.);
#2974=FACE_BOUND('',#2657,.T.);
#2975=FACE_BOUND('',#2658,.T.);
#2976=FACE_BOUND('',#2659,.T.);
#2977=FACE_BOUND('',#2660,.T.);
#2978=FACE_BOUND('',#2661,.T.);
#2979=FACE_BOUND('',#2662,.T.);
#2980=FACE_BOUND('',#2663,.T.);
#2981=FACE_BOUND('',#2664,.T.);
#2982=FACE_BOUND('',#2665,.T.);
#2983=FACE_BOUND('',#2666,.T.);
#2984=FACE_BOUND('',#2667,.T.);
#2985=FACE_BOUND('',#2668,.T.);
#2986=FACE_BOUND('',#2669,.T.);
#2987=FACE_BOUND('',#2670,.T.);
#2988=FACE_BOUND('',#2671,.T.);
#2989=FACE_BOUND('',#2672,.T.);
#2990=FACE_BOUND('',#2673,.T.);
#2991=FACE_BOUND('',#2674,.T.);
#2992=FACE_BOUND('',#2675,.T.);
#2993=FACE_BOUND('',#2676,.T.);
#2994=FACE_BOUND('',#2677,.T.);
#2995=FACE_BOUND('',#2678,.T.);
#2996=FACE_BOUND('',#2679,.T.);
#2997=FACE_BOUND('',#2680,.T.);
#2998=FACE_BOUND('',#2681,.T.);
#2999=FACE_BOUND('',#2682,.T.);
#3000=FACE_BOUND('',#2683,.T.);
#3001=FACE_BOUND('',#2684,.T.);
#3002=FACE_BOUND('',#2685,.T.);
#3003=FACE_BOUND('',#2686,.T.);
#3004=FACE_BOUND('',#2687,.T.);
#3005=FACE_BOUND('',#2688,.T.);
#3006=FACE_BOUND('',#2689,.T.);
#3007=FACE_BOUND('',#2690,.T.);
#3008=FACE_BOUND('',#2691,.T.);
#3009=FACE_BOUND('',#2692,.T.);
#3010=FACE_BOUND('',#2693,.T.);
#3011=FACE_BOUND('',#2694,.T.);
#3012=FACE_BOUND('',#2695,.T.);
#3013=FACE_BOUND('',#2696,.T.);
#3014=FACE_BOUND('',#2697,.T.);
#3015=FACE_BOUND('',#2698,.T.);
#3016=FACE_BOUND('',#2699,.T.);
#3017=FACE_BOUND('',#2700,.T.);
#3018=FACE_BOUND('',#2701,.T.);
#3019=FACE_BOUND('',#2702,.T.);
#3020=FACE_BOUND('',#2703,.T.);
#3021=FACE_BOUND('',#2704,.T.);
#3022=FACE_BOUND('',#2705,.T.);
#3023=FACE_BOUND('',#2706,.T.);
#3024=FACE_BOUND('',#2707,.T.);
#3025=FACE_BOUND('',#2708,.T.);
#3026=FACE_BOUND('',#2709,.T.);
#3027=FACE_BOUND('',#2710,.T.);
#3028=FACE_BOUND('',#2711,.T.);
#3029=FACE_BOUND('',#2712,.T.);
#3030=FACE_BOUND('',#2713,.T.);
#3031=FACE_BOUND('',#2714,.T.);
#3032=FACE_BOUND('',#2715,.T.);
#3033=FACE_BOUND('',#2716,.T.);
#3034=FACE_BOUND('',#2717,.T.);
#3035=FACE_BOUND('',#2718,.T.);
#3036=FACE_BOUND('',#2719,.T.);
#3037=FACE_BOUND('',#2720,.T.);
#3038=FACE_BOUND('',#2721,.T.);
#3039=FACE_BOUND('',#2722,.T.);
#3040=FACE_BOUND('',#2723,.T.);
#3041=FACE_BOUND('',#2724,.T.);
#3042=FACE_BOUND('',#2725,.T.);
#3043=FACE_BOUND('',#2726,.T.);
#3044=FACE_BOUND('',#2727,.T.);
#3045=FACE_BOUND('',#2728,.T.);
#3046=FACE_BOUND('',#2729,.T.);
#3047=FACE_BOUND('',#2730,.T.);
#3048=FACE_BOUND('',#2731,.T.);
#3049=FACE_BOUND('',#2732,.T.);
#3050=FACE_BOUND('',#2733,.T.);
#3051=FACE_BOUND('',#2734,.T.);
#3052=FACE_BOUND('',#2735,.T.);
#3053=FACE_BOUND('',#2736,.T.);
#3054=FACE_BOUND('',#2737,.T.);
#3055=FACE_BOUND('',#2738,.T.);
#3056=FACE_BOUND('',#2739,.T.);
#3057=FACE_BOUND('',#2740,.T.);
#3058=FACE_BOUND('',#2741,.T.);
#3059=FACE_BOUND('',#2742,.T.);
#3060=FACE_BOUND('',#2743,.T.);
#3061=FACE_BOUND('',#2744,.T.);
#3062=FACE_BOUND('',#2745,.T.);
#3063=FACE_BOUND('',#2746,.T.);
#3064=FACE_BOUND('',#2747,.T.);
#3065=FACE_BOUND('',#2748,.T.);
#3066=FACE_BOUND('',#2749,.T.);
#3067=FACE_BOUND('',#2750,.T.);
#3068=FACE_BOUND('',#2751,.T.);
#3069=FACE_BOUND('',#2752,.T.);
#3070=FACE_BOUND('',#2753,.T.);
#3071=FACE_BOUND('',#2754,.T.);
#3072=CONICAL_SURFACE('',#4050,2.49999999999989,1.0471975511966);
#3073=CONICAL_SURFACE('',#4054,2.5,0.785398163397462);
#3074=CONICAL_SURFACE('',#4059,2.5,1.0471975511966);
#3075=CONICAL_SURFACE('',#4063,2.5,0.785398163397409);
#3076=CONICAL_SURFACE('',#4068,2.5,1.0471975511966);
#3077=CONICAL_SURFACE('',#4072,2.5,0.785398163397409);
#3078=CONICAL_SURFACE('',#4077,2.5,1.0471975511966);
#3079=CONICAL_SURFACE('',#4081,2.5,0.785398163397409);
#3080=CONICAL_SURFACE('',#4086,2.5,1.0471975511966);
#3081=CONICAL_SURFACE('',#4090,2.5,0.785398163397409);
#3082=CONICAL_SURFACE('',#4095,2.5,1.0471975511966);
#3083=CONICAL_SURFACE('',#4099,3.04848275573016,0.785398163397462);
#3084=CONICAL_SURFACE('',#4104,3.4,1.0471975511966);
#3085=CONICAL_SURFACE('',#4108,3.4,1.02974425867665);
#3086=CONICAL_SURFACE('',#4110,3.4,1.02974425867665);
#3087=CONICAL_SURFACE('',#4119,4.5624999999999,1.04719755119659);
#3088=CONICAL_SURFACE('',#4123,4.56249999999991,1.0471975511966);
#3089=CONICAL_SURFACE('',#4126,3.4,1.02974425867665);
#3090=CONICAL_SURFACE('',#4130,3.4,1.02974425867665);
#3091=CONICAL_SURFACE('',#4133,3.4,1.0471975511966);
#3092=CONICAL_SURFACE('',#4227,2.49999999999989,1.0471975511966);
#3093=CONICAL_SURFACE('',#4231,2.5,0.785398163397448);
#3094=CONICAL_SURFACE('',#4236,3.04848275572992,0.785398163397448);
#3095=CONICAL_SURFACE('',#4265,2.49999999999977,1.04719755119659);
#3096=CONICAL_SURFACE('',#4319,2.386565,0.785398163397449);
#3097=CONICAL_SURFACE('',#4333,2.88675139776021,0.76616265866126);
#3098=CONICAL_SURFACE('',#4335,2.88675139776021,0.76616265866126);
#3099=CONICAL_SURFACE('',#4337,2.88675139776021,0.76616265866126);
#3100=CONICAL_SURFACE('',#4339,2.88675139776021,0.76616265866126);
#3101=CONICAL_SURFACE('',#4341,2.88675139776021,0.76616265866126);
#3102=CONICAL_SURFACE('',#4348,2.88675139776021,0.76616265866126);
#3103=STYLED_ITEM('',(#3206),#3830);
#3104=STYLED_ITEM('',(#3207),#3831);
#3105=STYLED_ITEM('',(#3208),#3832);
#3106=STYLED_ITEM('',(#3209),#3833);
#3107=STYLED_ITEM('',(#3210),#3834);
#3108=STYLED_ITEM('',(#3211),#3835);
#3109=STYLED_ITEM('',(#3212),#3836);
#3110=STYLED_ITEM('',(#3213),#3837);
#3111=STYLED_ITEM('',(#3214),#3838);
#3112=STYLED_ITEM('',(#3215),#3839);
#3113=STYLED_ITEM('',(#3216),#3840);
#3114=STYLED_ITEM('',(#3217),#3841);
#3115=STYLED_ITEM('',(#3218),#3842);
#3116=STYLED_ITEM('',(#3219),#3843);
#3117=STYLED_ITEM('',(#3220),#3844);
#3118=STYLED_ITEM('',(#3221),#3845);
#3119=STYLED_ITEM('',(#3222),#3846);
#3120=STYLED_ITEM('',(#3223),#3847);
#3121=STYLED_ITEM('',(#3224),#3848);
#3122=STYLED_ITEM('',(#3225),#3849);
#3123=STYLED_ITEM('',(#3226),#3850);
#3124=STYLED_ITEM('',(#3227),#3851);
#3125=STYLED_ITEM('',(#3228),#3852);
#3126=STYLED_ITEM('',(#3229),#3853);
#3127=STYLED_ITEM('',(#3230),#3854);
#3128=STYLED_ITEM('',(#3231),#3855);
#3129=STYLED_ITEM('',(#3232),#3856);
#3130=STYLED_ITEM('',(#3233),#3857);
#3131=STYLED_ITEM('',(#3234),#3858);
#3132=STYLED_ITEM('',(#3235),#3859);
#3133=STYLED_ITEM('',(#3236),#3860);
#3134=STYLED_ITEM('',(#3237),#3861);
#3135=STYLED_ITEM('',(#3238),#3862);
#3136=STYLED_ITEM('',(#3239),#3863);
#3137=STYLED_ITEM('',(#3240),#3864);
#3138=STYLED_ITEM('',(#3241),#3865);
#3139=STYLED_ITEM('',(#3242),#3866);
#3140=STYLED_ITEM('',(#3243),#3867);
#3141=STYLED_ITEM('',(#3244),#3868);
#3142=STYLED_ITEM('',(#3245),#3869);
#3143=STYLED_ITEM('',(#3246),#3870);
#3144=STYLED_ITEM('',(#3247),#3871);
#3145=STYLED_ITEM('',(#3248),#3872);
#3146=STYLED_ITEM('',(#3249),#3873);
#3147=STYLED_ITEM('',(#3250),#3874);
#3148=STYLED_ITEM('',(#3251),#3875);
#3149=STYLED_ITEM('',(#3252),#3876);
#3150=STYLED_ITEM('',(#3253),#3877);
#3151=STYLED_ITEM('',(#3254),#3878);
#3152=STYLED_ITEM('',(#3255),#3879);
#3153=STYLED_ITEM('',(#3256),#3880);
#3154=STYLED_ITEM('',(#3257),#3881);
#3155=STYLED_ITEM('',(#3258),#3882);
#3156=STYLED_ITEM('',(#3259),#3883);
#3157=STYLED_ITEM('',(#3260),#3884);
#3158=STYLED_ITEM('',(#3261),#3885);
#3159=STYLED_ITEM('',(#3262),#3886);
#3160=STYLED_ITEM('',(#3263),#3887);
#3161=STYLED_ITEM('',(#3264),#3888);
#3162=STYLED_ITEM('',(#3265),#3889);
#3163=STYLED_ITEM('',(#3266),#3890);
#3164=STYLED_ITEM('',(#3267),#3891);
#3165=STYLED_ITEM('',(#3268),#3892);
#3166=STYLED_ITEM('',(#3269),#3893);
#3167=STYLED_ITEM('',(#3270),#3894);
#3168=STYLED_ITEM('',(#3271),#3895);
#3169=STYLED_ITEM('',(#3272),#3896);
#3170=STYLED_ITEM('',(#3273),#3897);
#3171=STYLED_ITEM('',(#3274),#3898);
#3172=STYLED_ITEM('',(#3275),#3899);
#3173=STYLED_ITEM('',(#3276),#3900);
#3174=STYLED_ITEM('',(#3277),#3901);
#3175=STYLED_ITEM('',(#3278),#3902);
#3176=STYLED_ITEM('',(#3279),#3903);
#3177=STYLED_ITEM('',(#3280),#3904);
#3178=STYLED_ITEM('',(#3281),#3905);
#3179=STYLED_ITEM('',(#3282),#3906);
#3180=STYLED_ITEM('',(#3283),#3907);
#3181=STYLED_ITEM('',(#3284),#4028);
#3182=STYLED_ITEM('',(#3285),#4029);
#3183=STYLED_ITEM('',(#3286),#3954);
#3184=STYLED_ITEM('',(#3287),#3955);
#3185=STYLED_ITEM('',(#3288),#3956);
#3186=STYLED_ITEM('',(#3289),#3957);
#3187=STYLED_ITEM('',(#3290),#3958);
#3188=STYLED_ITEM('',(#3291),#3959);
#3189=STYLED_ITEM('',(#3292),#3960);
#3190=STYLED_ITEM('',(#3293),#3961);
#3191=STYLED_ITEM('',(#3294),#3962);
#3192=STYLED_ITEM('',(#3295),#3963);
#3193=STYLED_ITEM('',(#3296),#3964);
#3194=STYLED_ITEM('',(#3297),#3965);
#3195=STYLED_ITEM('',(#3298),#3966);
#3196=STYLED_ITEM('',(#3299),#3967);
#3197=STYLED_ITEM('',(#3300),#3968);
#3198=STYLED_ITEM('',(#3301),#3969);
#3199=STYLED_ITEM('',(#3302),#3970);
#3200=STYLED_ITEM('',(#3303),#3971);
#3201=STYLED_ITEM('',(#3304),#3972);
#3202=STYLED_ITEM('',(#3305),#3973);
#3203=STYLED_ITEM('',(#3306),#3974);
#3204=STYLED_ITEM('',(#3307),#4031);
#3205=STYLED_ITEM('',(#3308),#4032);
#3206=PRESENTATION_STYLE_ASSIGNMENT((#3309));
#3207=PRESENTATION_STYLE_ASSIGNMENT((#3310));
#3208=PRESENTATION_STYLE_ASSIGNMENT((#3311));
#3209=PRESENTATION_STYLE_ASSIGNMENT((#3312));
#3210=PRESENTATION_STYLE_ASSIGNMENT((#3313));
#3211=PRESENTATION_STYLE_ASSIGNMENT((#3314));
#3212=PRESENTATION_STYLE_ASSIGNMENT((#3315));
#3213=PRESENTATION_STYLE_ASSIGNMENT((#3316));
#3214=PRESENTATION_STYLE_ASSIGNMENT((#3317));
#3215=PRESENTATION_STYLE_ASSIGNMENT((#3318));
#3216=PRESENTATION_STYLE_ASSIGNMENT((#3319));
#3217=PRESENTATION_STYLE_ASSIGNMENT((#3320));
#3218=PRESENTATION_STYLE_ASSIGNMENT((#3321));
#3219=PRESENTATION_STYLE_ASSIGNMENT((#3322));
#3220=PRESENTATION_STYLE_ASSIGNMENT((#3323));
#3221=PRESENTATION_STYLE_ASSIGNMENT((#3324));
#3222=PRESENTATION_STYLE_ASSIGNMENT((#3325));
#3223=PRESENTATION_STYLE_ASSIGNMENT((#3326));
#3224=PRESENTATION_STYLE_ASSIGNMENT((#3327));
#3225=PRESENTATION_STYLE_ASSIGNMENT((#3328));
#3226=PRESENTATION_STYLE_ASSIGNMENT((#3329));
#3227=PRESENTATION_STYLE_ASSIGNMENT((#3330));
#3228=PRESENTATION_STYLE_ASSIGNMENT((#3331));
#3229=PRESENTATION_STYLE_ASSIGNMENT((#3332));
#3230=PRESENTATION_STYLE_ASSIGNMENT((#3333));
#3231=PRESENTATION_STYLE_ASSIGNMENT((#3334));
#3232=PRESENTATION_STYLE_ASSIGNMENT((#3335));
#3233=PRESENTATION_STYLE_ASSIGNMENT((#3336));
#3234=PRESENTATION_STYLE_ASSIGNMENT((#3337));
#3235=PRESENTATION_STYLE_ASSIGNMENT((#3338));
#3236=PRESENTATION_STYLE_ASSIGNMENT((#3339));
#3237=PRESENTATION_STYLE_ASSIGNMENT((#3340));
#3238=PRESENTATION_STYLE_ASSIGNMENT((#3341));
#3239=PRESENTATION_STYLE_ASSIGNMENT((#3342));
#3240=PRESENTATION_STYLE_ASSIGNMENT((#3343));
#3241=PRESENTATION_STYLE_ASSIGNMENT((#3344));
#3242=PRESENTATION_STYLE_ASSIGNMENT((#3345));
#3243=PRESENTATION_STYLE_ASSIGNMENT((#3346));
#3244=PRESENTATION_STYLE_ASSIGNMENT((#3347));
#3245=PRESENTATION_STYLE_ASSIGNMENT((#3348));
#3246=PRESENTATION_STYLE_ASSIGNMENT((#3349));
#3247=PRESENTATION_STYLE_ASSIGNMENT((#3350));
#3248=PRESENTATION_STYLE_ASSIGNMENT((#3351));
#3249=PRESENTATION_STYLE_ASSIGNMENT((#3352));
#3250=PRESENTATION_STYLE_ASSIGNMENT((#3353));
#3251=PRESENTATION_STYLE_ASSIGNMENT((#3354));
#3252=PRESENTATION_STYLE_ASSIGNMENT((#3355));
#3253=PRESENTATION_STYLE_ASSIGNMENT((#3356));
#3254=PRESENTATION_STYLE_ASSIGNMENT((#3357));
#3255=PRESENTATION_STYLE_ASSIGNMENT((#3358));
#3256=PRESENTATION_STYLE_ASSIGNMENT((#3359));
#3257=PRESENTATION_STYLE_ASSIGNMENT((#3360));
#3258=PRESENTATION_STYLE_ASSIGNMENT((#3361));
#3259=PRESENTATION_STYLE_ASSIGNMENT((#3362));
#3260=PRESENTATION_STYLE_ASSIGNMENT((#3363));
#3261=PRESENTATION_STYLE_ASSIGNMENT((#3364));
#3262=PRESENTATION_STYLE_ASSIGNMENT((#3365));
#3263=PRESENTATION_STYLE_ASSIGNMENT((#3366));
#3264=PRESENTATION_STYLE_ASSIGNMENT((#3367));
#3265=PRESENTATION_STYLE_ASSIGNMENT((#3368));
#3266=PRESENTATION_STYLE_ASSIGNMENT((#3369));
#3267=PRESENTATION_STYLE_ASSIGNMENT((#3370));
#3268=PRESENTATION_STYLE_ASSIGNMENT((#3371));
#3269=PRESENTATION_STYLE_ASSIGNMENT((#3372));
#3270=PRESENTATION_STYLE_ASSIGNMENT((#3373));
#3271=PRESENTATION_STYLE_ASSIGNMENT((#3374));
#3272=PRESENTATION_STYLE_ASSIGNMENT((#3375));
#3273=PRESENTATION_STYLE_ASSIGNMENT((#3376));
#3274=PRESENTATION_STYLE_ASSIGNMENT((#3377));
#3275=PRESENTATION_STYLE_ASSIGNMENT((#3378));
#3276=PRESENTATION_STYLE_ASSIGNMENT((#3379));
#3277=PRESENTATION_STYLE_ASSIGNMENT((#3380));
#3278=PRESENTATION_STYLE_ASSIGNMENT((#3381));
#3279=PRESENTATION_STYLE_ASSIGNMENT((#3382));
#3280=PRESENTATION_STYLE_ASSIGNMENT((#3383));
#3281=PRESENTATION_STYLE_ASSIGNMENT((#3384));
#3282=PRESENTATION_STYLE_ASSIGNMENT((#3385));
#3283=PRESENTATION_STYLE_ASSIGNMENT((#3386));
#3284=PRESENTATION_STYLE_ASSIGNMENT((#3387));
#3285=PRESENTATION_STYLE_ASSIGNMENT((#3388));
#3286=PRESENTATION_STYLE_ASSIGNMENT((#3389));
#3287=PRESENTATION_STYLE_ASSIGNMENT((#3390));
#3288=PRESENTATION_STYLE_ASSIGNMENT((#3391));
#3289=PRESENTATION_STYLE_ASSIGNMENT((#3392));
#3290=PRESENTATION_STYLE_ASSIGNMENT((#3393));
#3291=PRESENTATION_STYLE_ASSIGNMENT((#3394));
#3292=PRESENTATION_STYLE_ASSIGNMENT((#3395));
#3293=PRESENTATION_STYLE_ASSIGNMENT((#3396));
#3294=PRESENTATION_STYLE_ASSIGNMENT((#3397));
#3295=PRESENTATION_STYLE_ASSIGNMENT((#3398));
#3296=PRESENTATION_STYLE_ASSIGNMENT((#3399));
#3297=PRESENTATION_STYLE_ASSIGNMENT((#3400));
#3298=PRESENTATION_STYLE_ASSIGNMENT((#3401));
#3299=PRESENTATION_STYLE_ASSIGNMENT((#3402));
#3300=PRESENTATION_STYLE_ASSIGNMENT((#3403));
#3301=PRESENTATION_STYLE_ASSIGNMENT((#3404));
#3302=PRESENTATION_STYLE_ASSIGNMENT((#3405));
#3303=PRESENTATION_STYLE_ASSIGNMENT((#3406));
#3304=PRESENTATION_STYLE_ASSIGNMENT((#3407));
#3305=PRESENTATION_STYLE_ASSIGNMENT((#3408));
#3306=PRESENTATION_STYLE_ASSIGNMENT((#3409));
#3307=PRESENTATION_STYLE_ASSIGNMENT((#3410));
#3308=PRESENTATION_STYLE_ASSIGNMENT((#3411));
#3309=SURFACE_STYLE_USAGE(.BOTH.,#3412);
#3310=SURFACE_STYLE_USAGE(.BOTH.,#3413);
#3311=SURFACE_STYLE_USAGE(.BOTH.,#3414);
#3312=SURFACE_STYLE_USAGE(.BOTH.,#3415);
#3313=SURFACE_STYLE_USAGE(.BOTH.,#3416);
#3314=SURFACE_STYLE_USAGE(.BOTH.,#3417);
#3315=SURFACE_STYLE_USAGE(.BOTH.,#3418);
#3316=SURFACE_STYLE_USAGE(.BOTH.,#3419);
#3317=SURFACE_STYLE_USAGE(.BOTH.,#3420);
#3318=SURFACE_STYLE_USAGE(.BOTH.,#3421);
#3319=SURFACE_STYLE_USAGE(.BOTH.,#3422);
#3320=SURFACE_STYLE_USAGE(.BOTH.,#3423);
#3321=SURFACE_STYLE_USAGE(.BOTH.,#3424);
#3322=SURFACE_STYLE_USAGE(.BOTH.,#3425);
#3323=SURFACE_STYLE_USAGE(.BOTH.,#3426);
#3324=SURFACE_STYLE_USAGE(.BOTH.,#3427);
#3325=SURFACE_STYLE_USAGE(.BOTH.,#3428);
#3326=SURFACE_STYLE_USAGE(.BOTH.,#3429);
#3327=SURFACE_STYLE_USAGE(.BOTH.,#3430);
#3328=SURFACE_STYLE_USAGE(.BOTH.,#3431);
#3329=SURFACE_STYLE_USAGE(.BOTH.,#3432);
#3330=SURFACE_STYLE_USAGE(.BOTH.,#3433);
#3331=SURFACE_STYLE_USAGE(.BOTH.,#3434);
#3332=SURFACE_STYLE_USAGE(.BOTH.,#3435);
#3333=SURFACE_STYLE_USAGE(.BOTH.,#3436);
#3334=SURFACE_STYLE_USAGE(.BOTH.,#3437);
#3335=SURFACE_STYLE_USAGE(.BOTH.,#3438);
#3336=SURFACE_STYLE_USAGE(.BOTH.,#3439);
#3337=SURFACE_STYLE_USAGE(.BOTH.,#3440);
#3338=SURFACE_STYLE_USAGE(.BOTH.,#3441);
#3339=SURFACE_STYLE_USAGE(.BOTH.,#3442);
#3340=SURFACE_STYLE_USAGE(.BOTH.,#3443);
#3341=SURFACE_STYLE_USAGE(.BOTH.,#3444);
#3342=SURFACE_STYLE_USAGE(.BOTH.,#3445);
#3343=SURFACE_STYLE_USAGE(.BOTH.,#3446);
#3344=SURFACE_STYLE_USAGE(.BOTH.,#3447);
#3345=SURFACE_STYLE_USAGE(.BOTH.,#3448);
#3346=SURFACE_STYLE_USAGE(.BOTH.,#3449);
#3347=SURFACE_STYLE_USAGE(.BOTH.,#3450);
#3348=SURFACE_STYLE_USAGE(.BOTH.,#3451);
#3349=SURFACE_STYLE_USAGE(.BOTH.,#3452);
#3350=SURFACE_STYLE_USAGE(.BOTH.,#3453);
#3351=SURFACE_STYLE_USAGE(.BOTH.,#3454);
#3352=SURFACE_STYLE_USAGE(.BOTH.,#3455);
#3353=SURFACE_STYLE_USAGE(.BOTH.,#3456);
#3354=SURFACE_STYLE_USAGE(.BOTH.,#3457);
#3355=SURFACE_STYLE_USAGE(.BOTH.,#3458);
#3356=SURFACE_STYLE_USAGE(.BOTH.,#3459);
#3357=SURFACE_STYLE_USAGE(.BOTH.,#3460);
#3358=SURFACE_STYLE_USAGE(.BOTH.,#3461);
#3359=SURFACE_STYLE_USAGE(.BOTH.,#3462);
#3360=SURFACE_STYLE_USAGE(.BOTH.,#3463);
#3361=SURFACE_STYLE_USAGE(.BOTH.,#3464);
#3362=SURFACE_STYLE_USAGE(.BOTH.,#3465);
#3363=SURFACE_STYLE_USAGE(.BOTH.,#3466);
#3364=SURFACE_STYLE_USAGE(.BOTH.,#3467);
#3365=SURFACE_STYLE_USAGE(.BOTH.,#3468);
#3366=SURFACE_STYLE_USAGE(.BOTH.,#3469);
#3367=SURFACE_STYLE_USAGE(.BOTH.,#3470);
#3368=SURFACE_STYLE_USAGE(.BOTH.,#3471);
#3369=SURFACE_STYLE_USAGE(.BOTH.,#3472);
#3370=SURFACE_STYLE_USAGE(.BOTH.,#3473);
#3371=SURFACE_STYLE_USAGE(.BOTH.,#3474);
#3372=SURFACE_STYLE_USAGE(.BOTH.,#3475);
#3373=SURFACE_STYLE_USAGE(.BOTH.,#3476);
#3374=SURFACE_STYLE_USAGE(.BOTH.,#3477);
#3375=SURFACE_STYLE_USAGE(.BOTH.,#3478);
#3376=SURFACE_STYLE_USAGE(.BOTH.,#3479);
#3377=SURFACE_STYLE_USAGE(.BOTH.,#3480);
#3378=SURFACE_STYLE_USAGE(.BOTH.,#3481);
#3379=SURFACE_STYLE_USAGE(.BOTH.,#3482);
#3380=SURFACE_STYLE_USAGE(.BOTH.,#3483);
#3381=SURFACE_STYLE_USAGE(.BOTH.,#3484);
#3382=SURFACE_STYLE_USAGE(.BOTH.,#3485);
#3383=SURFACE_STYLE_USAGE(.BOTH.,#3486);
#3384=SURFACE_STYLE_USAGE(.BOTH.,#3487);
#3385=SURFACE_STYLE_USAGE(.BOTH.,#3488);
#3386=SURFACE_STYLE_USAGE(.BOTH.,#3489);
#3387=SURFACE_STYLE_USAGE(.BOTH.,#3490);
#3388=SURFACE_STYLE_USAGE(.BOTH.,#3491);
#3389=SURFACE_STYLE_USAGE(.BOTH.,#3492);
#3390=SURFACE_STYLE_USAGE(.BOTH.,#3493);
#3391=SURFACE_STYLE_USAGE(.BOTH.,#3494);
#3392=SURFACE_STYLE_USAGE(.BOTH.,#3495);
#3393=SURFACE_STYLE_USAGE(.BOTH.,#3496);
#3394=SURFACE_STYLE_USAGE(.BOTH.,#3497);
#3395=SURFACE_STYLE_USAGE(.BOTH.,#3498);
#3396=SURFACE_STYLE_USAGE(.BOTH.,#3499);
#3397=SURFACE_STYLE_USAGE(.BOTH.,#3500);
#3398=SURFACE_STYLE_USAGE(.BOTH.,#3501);
#3399=SURFACE_STYLE_USAGE(.BOTH.,#3502);
#3400=SURFACE_STYLE_USAGE(.BOTH.,#3503);
#3401=SURFACE_STYLE_USAGE(.BOTH.,#3504);
#3402=SURFACE_STYLE_USAGE(.BOTH.,#3505);
#3403=SURFACE_STYLE_USAGE(.BOTH.,#3506);
#3404=SURFACE_STYLE_USAGE(.BOTH.,#3507);
#3405=SURFACE_STYLE_USAGE(.BOTH.,#3508);
#3406=SURFACE_STYLE_USAGE(.BOTH.,#3509);
#3407=SURFACE_STYLE_USAGE(.BOTH.,#3510);
#3408=SURFACE_STYLE_USAGE(.BOTH.,#3511);
#3409=SURFACE_STYLE_USAGE(.BOTH.,#3512);
#3410=SURFACE_STYLE_USAGE(.BOTH.,#3513);
#3411=SURFACE_STYLE_USAGE(.BOTH.,#3514);
#3412=SURFACE_SIDE_STYLE('',(#3515));
#3413=SURFACE_SIDE_STYLE('',(#3516));
#3414=SURFACE_SIDE_STYLE('',(#3517));
#3415=SURFACE_SIDE_STYLE('',(#3518));
#3416=SURFACE_SIDE_STYLE('',(#3519));
#3417=SURFACE_SIDE_STYLE('',(#3520));
#3418=SURFACE_SIDE_STYLE('',(#3521));
#3419=SURFACE_SIDE_STYLE('',(#3522));
#3420=SURFACE_SIDE_STYLE('',(#3523));
#3421=SURFACE_SIDE_STYLE('',(#3524));
#3422=SURFACE_SIDE_STYLE('',(#3525));
#3423=SURFACE_SIDE_STYLE('',(#3526));
#3424=SURFACE_SIDE_STYLE('',(#3527));
#3425=SURFACE_SIDE_STYLE('',(#3528));
#3426=SURFACE_SIDE_STYLE('',(#3529));
#3427=SURFACE_SIDE_STYLE('',(#3530));
#3428=SURFACE_SIDE_STYLE('',(#3531));
#3429=SURFACE_SIDE_STYLE('',(#3532));
#3430=SURFACE_SIDE_STYLE('',(#3533));
#3431=SURFACE_SIDE_STYLE('',(#3534));
#3432=SURFACE_SIDE_STYLE('',(#3535));
#3433=SURFACE_SIDE_STYLE('',(#3536));
#3434=SURFACE_SIDE_STYLE('',(#3537));
#3435=SURFACE_SIDE_STYLE('',(#3538));
#3436=SURFACE_SIDE_STYLE('',(#3539));
#3437=SURFACE_SIDE_STYLE('',(#3540));
#3438=SURFACE_SIDE_STYLE('',(#3541));
#3439=SURFACE_SIDE_STYLE('',(#3542));
#3440=SURFACE_SIDE_STYLE('',(#3543));
#3441=SURFACE_SIDE_STYLE('',(#3544));
#3442=SURFACE_SIDE_STYLE('',(#3545));
#3443=SURFACE_SIDE_STYLE('',(#3546));
#3444=SURFACE_SIDE_STYLE('',(#3547));
#3445=SURFACE_SIDE_STYLE('',(#3548));
#3446=SURFACE_SIDE_STYLE('',(#3549));
#3447=SURFACE_SIDE_STYLE('',(#3550));
#3448=SURFACE_SIDE_STYLE('',(#3551));
#3449=SURFACE_SIDE_STYLE('',(#3552));
#3450=SURFACE_SIDE_STYLE('',(#3553));
#3451=SURFACE_SIDE_STYLE('',(#3554));
#3452=SURFACE_SIDE_STYLE('',(#3555));
#3453=SURFACE_SIDE_STYLE('',(#3556));
#3454=SURFACE_SIDE_STYLE('',(#3557));
#3455=SURFACE_SIDE_STYLE('',(#3558));
#3456=SURFACE_SIDE_STYLE('',(#3559));
#3457=SURFACE_SIDE_STYLE('',(#3560));
#3458=SURFACE_SIDE_STYLE('',(#3561));
#3459=SURFACE_SIDE_STYLE('',(#3562));
#3460=SURFACE_SIDE_STYLE('',(#3563));
#3461=SURFACE_SIDE_STYLE('',(#3564));
#3462=SURFACE_SIDE_STYLE('',(#3565));
#3463=SURFACE_SIDE_STYLE('',(#3566));
#3464=SURFACE_SIDE_STYLE('',(#3567));
#3465=SURFACE_SIDE_STYLE('',(#3568));
#3466=SURFACE_SIDE_STYLE('',(#3569));
#3467=SURFACE_SIDE_STYLE('',(#3570));
#3468=SURFACE_SIDE_STYLE('',(#3571));
#3469=SURFACE_SIDE_STYLE('',(#3572));
#3470=SURFACE_SIDE_STYLE('',(#3573));
#3471=SURFACE_SIDE_STYLE('',(#3574));
#3472=SURFACE_SIDE_STYLE('',(#3575));
#3473=SURFACE_SIDE_STYLE('',(#3576));
#3474=SURFACE_SIDE_STYLE('',(#3577));
#3475=SURFACE_SIDE_STYLE('',(#3578));
#3476=SURFACE_SIDE_STYLE('',(#3579));
#3477=SURFACE_SIDE_STYLE('',(#3580));
#3478=SURFACE_SIDE_STYLE('',(#3581));
#3479=SURFACE_SIDE_STYLE('',(#3582));
#3480=SURFACE_SIDE_STYLE('',(#3583));
#3481=SURFACE_SIDE_STYLE('',(#3584));
#3482=SURFACE_SIDE_STYLE('',(#3585));
#3483=SURFACE_SIDE_STYLE('',(#3586));
#3484=SURFACE_SIDE_STYLE('',(#3587));
#3485=SURFACE_SIDE_STYLE('',(#3588));
#3486=SURFACE_SIDE_STYLE('',(#3589));
#3487=SURFACE_SIDE_STYLE('',(#3590));
#3488=SURFACE_SIDE_STYLE('',(#3591));
#3489=SURFACE_SIDE_STYLE('',(#3592));
#3490=SURFACE_SIDE_STYLE('',(#3593));
#3491=SURFACE_SIDE_STYLE('',(#3594));
#3492=SURFACE_SIDE_STYLE('',(#3595));
#3493=SURFACE_SIDE_STYLE('',(#3596));
#3494=SURFACE_SIDE_STYLE('',(#3597));
#3495=SURFACE_SIDE_STYLE('',(#3598));
#3496=SURFACE_SIDE_STYLE('',(#3599));
#3497=SURFACE_SIDE_STYLE('',(#3600));
#3498=SURFACE_SIDE_STYLE('',(#3601));
#3499=SURFACE_SIDE_STYLE('',(#3602));
#3500=SURFACE_SIDE_STYLE('',(#3603));
#3501=SURFACE_SIDE_STYLE('',(#3604));
#3502=SURFACE_SIDE_STYLE('',(#3605));
#3503=SURFACE_SIDE_STYLE('',(#3606));
#3504=SURFACE_SIDE_STYLE('',(#3607));
#3505=SURFACE_SIDE_STYLE('',(#3608));
#3506=SURFACE_SIDE_STYLE('',(#3609));
#3507=SURFACE_SIDE_STYLE('',(#3610));
#3508=SURFACE_SIDE_STYLE('',(#3611));
#3509=SURFACE_SIDE_STYLE('',(#3612));
#3510=SURFACE_SIDE_STYLE('',(#3613));
#3511=SURFACE_SIDE_STYLE('',(#3614));
#3512=SURFACE_SIDE_STYLE('',(#3615));
#3513=SURFACE_SIDE_STYLE('',(#3616));
#3514=SURFACE_SIDE_STYLE('',(#3617));
#3515=SURFACE_STYLE_FILL_AREA(#3618);
#3516=SURFACE_STYLE_FILL_AREA(#3619);
#3517=SURFACE_STYLE_FILL_AREA(#3620);
#3518=SURFACE_STYLE_FILL_AREA(#3621);
#3519=SURFACE_STYLE_FILL_AREA(#3622);
#3520=SURFACE_STYLE_FILL_AREA(#3623);
#3521=SURFACE_STYLE_FILL_AREA(#3624);
#3522=SURFACE_STYLE_FILL_AREA(#3625);
#3523=SURFACE_STYLE_FILL_AREA(#3626);
#3524=SURFACE_STYLE_FILL_AREA(#3627);
#3525=SURFACE_STYLE_FILL_AREA(#3628);
#3526=SURFACE_STYLE_FILL_AREA(#3629);
#3527=SURFACE_STYLE_FILL_AREA(#3630);
#3528=SURFACE_STYLE_FILL_AREA(#3631);
#3529=SURFACE_STYLE_FILL_AREA(#3632);
#3530=SURFACE_STYLE_FILL_AREA(#3633);
#3531=SURFACE_STYLE_FILL_AREA(#3634);
#3532=SURFACE_STYLE_FILL_AREA(#3635);
#3533=SURFACE_STYLE_FILL_AREA(#3636);
#3534=SURFACE_STYLE_FILL_AREA(#3637);
#3535=SURFACE_STYLE_FILL_AREA(#3638);
#3536=SURFACE_STYLE_FILL_AREA(#3639);
#3537=SURFACE_STYLE_FILL_AREA(#3640);
#3538=SURFACE_STYLE_FILL_AREA(#3641);
#3539=SURFACE_STYLE_FILL_AREA(#3642);
#3540=SURFACE_STYLE_FILL_AREA(#3643);
#3541=SURFACE_STYLE_FILL_AREA(#3644);
#3542=SURFACE_STYLE_FILL_AREA(#3645);
#3543=SURFACE_STYLE_FILL_AREA(#3646);
#3544=SURFACE_STYLE_FILL_AREA(#3647);
#3545=SURFACE_STYLE_FILL_AREA(#3648);
#3546=SURFACE_STYLE_FILL_AREA(#3649);
#3547=SURFACE_STYLE_FILL_AREA(#3650);
#3548=SURFACE_STYLE_FILL_AREA(#3651);
#3549=SURFACE_STYLE_FILL_AREA(#3652);
#3550=SURFACE_STYLE_FILL_AREA(#3653);
#3551=SURFACE_STYLE_FILL_AREA(#3654);
#3552=SURFACE_STYLE_FILL_AREA(#3655);
#3553=SURFACE_STYLE_FILL_AREA(#3656);
#3554=SURFACE_STYLE_FILL_AREA(#3657);
#3555=SURFACE_STYLE_FILL_AREA(#3658);
#3556=SURFACE_STYLE_FILL_AREA(#3659);
#3557=SURFACE_STYLE_FILL_AREA(#3660);
#3558=SURFACE_STYLE_FILL_AREA(#3661);
#3559=SURFACE_STYLE_FILL_AREA(#3662);
#3560=SURFACE_STYLE_FILL_AREA(#3663);
#3561=SURFACE_STYLE_FILL_AREA(#3664);
#3562=SURFACE_STYLE_FILL_AREA(#3665);
#3563=SURFACE_STYLE_FILL_AREA(#3666);
#3564=SURFACE_STYLE_FILL_AREA(#3667);
#3565=SURFACE_STYLE_FILL_AREA(#3668);
#3566=SURFACE_STYLE_FILL_AREA(#3669);
#3567=SURFACE_STYLE_FILL_AREA(#3670);
#3568=SURFACE_STYLE_FILL_AREA(#3671);
#3569=SURFACE_STYLE_FILL_AREA(#3672);
#3570=SURFACE_STYLE_FILL_AREA(#3673);
#3571=SURFACE_STYLE_FILL_AREA(#3674);
#3572=SURFACE_STYLE_FILL_AREA(#3675);
#3573=SURFACE_STYLE_FILL_AREA(#3676);
#3574=SURFACE_STYLE_FILL_AREA(#3677);
#3575=SURFACE_STYLE_FILL_AREA(#3678);
#3576=SURFACE_STYLE_FILL_AREA(#3679);
#3577=SURFACE_STYLE_FILL_AREA(#3680);
#3578=SURFACE_STYLE_FILL_AREA(#3681);
#3579=SURFACE_STYLE_FILL_AREA(#3682);
#3580=SURFACE_STYLE_FILL_AREA(#3683);
#3581=SURFACE_STYLE_FILL_AREA(#3684);
#3582=SURFACE_STYLE_FILL_AREA(#3685);
#3583=SURFACE_STYLE_FILL_AREA(#3686);
#3584=SURFACE_STYLE_FILL_AREA(#3687);
#3585=SURFACE_STYLE_FILL_AREA(#3688);
#3586=SURFACE_STYLE_FILL_AREA(#3689);
#3587=SURFACE_STYLE_FILL_AREA(#3690);
#3588=SURFACE_STYLE_FILL_AREA(#3691);
#3589=SURFACE_STYLE_FILL_AREA(#3692);
#3590=SURFACE_STYLE_FILL_AREA(#3693);
#3591=SURFACE_STYLE_FILL_AREA(#3694);
#3592=SURFACE_STYLE_FILL_AREA(#3695);
#3593=SURFACE_STYLE_FILL_AREA(#3696);
#3594=SURFACE_STYLE_FILL_AREA(#3697);
#3595=SURFACE_STYLE_FILL_AREA(#3698);
#3596=SURFACE_STYLE_FILL_AREA(#3699);
#3597=SURFACE_STYLE_FILL_AREA(#3700);
#3598=SURFACE_STYLE_FILL_AREA(#3701);
#3599=SURFACE_STYLE_FILL_AREA(#3702);
#3600=SURFACE_STYLE_FILL_AREA(#3703);
#3601=SURFACE_STYLE_FILL_AREA(#3704);
#3602=SURFACE_STYLE_FILL_AREA(#3705);
#3603=SURFACE_STYLE_FILL_AREA(#3706);
#3604=SURFACE_STYLE_FILL_AREA(#3707);
#3605=SURFACE_STYLE_FILL_AREA(#3708);
#3606=SURFACE_STYLE_FILL_AREA(#3709);
#3607=SURFACE_STYLE_FILL_AREA(#3710);
#3608=SURFACE_STYLE_FILL_AREA(#3711);
#3609=SURFACE_STYLE_FILL_AREA(#3712);
#3610=SURFACE_STYLE_FILL_AREA(#3713);
#3611=SURFACE_STYLE_FILL_AREA(#3714);
#3612=SURFACE_STYLE_FILL_AREA(#3715);
#3613=SURFACE_STYLE_FILL_AREA(#3716);
#3614=SURFACE_STYLE_FILL_AREA(#3717);
#3615=SURFACE_STYLE_FILL_AREA(#3718);
#3616=SURFACE_STYLE_FILL_AREA(#3719);
#3617=SURFACE_STYLE_FILL_AREA(#3720);
#3618=FILL_AREA_STYLE('',(#3721));
#3619=FILL_AREA_STYLE('',(#3722));
#3620=FILL_AREA_STYLE('',(#3723));
#3621=FILL_AREA_STYLE('',(#3724));
#3622=FILL_AREA_STYLE('',(#3725));
#3623=FILL_AREA_STYLE('',(#3726));
#3624=FILL_AREA_STYLE('',(#3727));
#3625=FILL_AREA_STYLE('',(#3728));
#3626=FILL_AREA_STYLE('',(#3729));
#3627=FILL_AREA_STYLE('',(#3730));
#3628=FILL_AREA_STYLE('',(#3731));
#3629=FILL_AREA_STYLE('',(#3732));
#3630=FILL_AREA_STYLE('',(#3733));
#3631=FILL_AREA_STYLE('',(#3734));
#3632=FILL_AREA_STYLE('',(#3735));
#3633=FILL_AREA_STYLE('',(#3736));
#3634=FILL_AREA_STYLE('',(#3737));
#3635=FILL_AREA_STYLE('',(#3738));
#3636=FILL_AREA_STYLE('',(#3739));
#3637=FILL_AREA_STYLE('',(#3740));
#3638=FILL_AREA_STYLE('',(#3741));
#3639=FILL_AREA_STYLE('',(#3742));
#3640=FILL_AREA_STYLE('',(#3743));
#3641=FILL_AREA_STYLE('',(#3744));
#3642=FILL_AREA_STYLE('',(#3745));
#3643=FILL_AREA_STYLE('',(#3746));
#3644=FILL_AREA_STYLE('',(#3747));
#3645=FILL_AREA_STYLE('',(#3748));
#3646=FILL_AREA_STYLE('',(#3749));
#3647=FILL_AREA_STYLE('',(#3750));
#3648=FILL_AREA_STYLE('',(#3751));
#3649=FILL_AREA_STYLE('',(#3752));
#3650=FILL_AREA_STYLE('',(#3753));
#3651=FILL_AREA_STYLE('',(#3754));
#3652=FILL_AREA_STYLE('',(#3755));
#3653=FILL_AREA_STYLE('',(#3756));
#3654=FILL_AREA_STYLE('',(#3757));
#3655=FILL_AREA_STYLE('',(#3758));
#3656=FILL_AREA_STYLE('',(#3759));
#3657=FILL_AREA_STYLE('',(#3760));
#3658=FILL_AREA_STYLE('',(#3761));
#3659=FILL_AREA_STYLE('',(#3762));
#3660=FILL_AREA_STYLE('',(#3763));
#3661=FILL_AREA_STYLE('',(#3764));
#3662=FILL_AREA_STYLE('',(#3765));
#3663=FILL_AREA_STYLE('',(#3766));
#3664=FILL_AREA_STYLE('',(#3767));
#3665=FILL_AREA_STYLE('',(#3768));
#3666=FILL_AREA_STYLE('',(#3769));
#3667=FILL_AREA_STYLE('',(#3770));
#3668=FILL_AREA_STYLE('',(#3771));
#3669=FILL_AREA_STYLE('',(#3772));
#3670=FILL_AREA_STYLE('',(#3773));
#3671=FILL_AREA_STYLE('',(#3774));
#3672=FILL_AREA_STYLE('',(#3775));
#3673=FILL_AREA_STYLE('',(#3776));
#3674=FILL_AREA_STYLE('',(#3777));
#3675=FILL_AREA_STYLE('',(#3778));
#3676=FILL_AREA_STYLE('',(#3779));
#3677=FILL_AREA_STYLE('',(#3780));
#3678=FILL_AREA_STYLE('',(#3781));
#3679=FILL_AREA_STYLE('',(#3782));
#3680=FILL_AREA_STYLE('',(#3783));
#3681=FILL_AREA_STYLE('',(#3784));
#3682=FILL_AREA_STYLE('',(#3785));
#3683=FILL_AREA_STYLE('',(#3786));
#3684=FILL_AREA_STYLE('',(#3787));
#3685=FILL_AREA_STYLE('',(#3788));
#3686=FILL_AREA_STYLE('',(#3789));
#3687=FILL_AREA_STYLE('',(#3790));
#3688=FILL_AREA_STYLE('',(#3791));
#3689=FILL_AREA_STYLE('',(#3792));
#3690=FILL_AREA_STYLE('',(#3793));
#3691=FILL_AREA_STYLE('',(#3794));
#3692=FILL_AREA_STYLE('',(#3795));
#3693=FILL_AREA_STYLE('',(#3796));
#3694=FILL_AREA_STYLE('',(#3797));
#3695=FILL_AREA_STYLE('',(#3798));
#3696=FILL_AREA_STYLE('',(#3799));
#3697=FILL_AREA_STYLE('',(#3800));
#3698=FILL_AREA_STYLE('',(#3801));
#3699=FILL_AREA_STYLE('',(#3802));
#3700=FILL_AREA_STYLE('',(#3803));
#3701=FILL_AREA_STYLE('',(#3804));
#3702=FILL_AREA_STYLE('',(#3805));
#3703=FILL_AREA_STYLE('',(#3806));
#3704=FILL_AREA_STYLE('',(#3807));
#3705=FILL_AREA_STYLE('',(#3808));
#3706=FILL_AREA_STYLE('',(#3809));
#3707=FILL_AREA_STYLE('',(#3810));
#3708=FILL_AREA_STYLE('',(#3811));
#3709=FILL_AREA_STYLE('',(#3812));
#3710=FILL_AREA_STYLE('',(#3813));
#3711=FILL_AREA_STYLE('',(#3814));
#3712=FILL_AREA_STYLE('',(#3815));
#3713=FILL_AREA_STYLE('',(#3816));
#3714=FILL_AREA_STYLE('',(#3817));
#3715=FILL_AREA_STYLE('',(#3818));
#3716=FILL_AREA_STYLE('',(#3819));
#3717=FILL_AREA_STYLE('',(#3820));
#3718=FILL_AREA_STYLE('',(#3821));
#3719=FILL_AREA_STYLE('',(#3822));
#3720=FILL_AREA_STYLE('',(#3823));
#3721=FILL_AREA_STYLE_COLOUR('',#3824);
#3722=FILL_AREA_STYLE_COLOUR('',#3824);
#3723=FILL_AREA_STYLE_COLOUR('',#3824);
#3724=FILL_AREA_STYLE_COLOUR('',#3824);
#3725=FILL_AREA_STYLE_COLOUR('',#3824);
#3726=FILL_AREA_STYLE_COLOUR('',#3824);
#3727=FILL_AREA_STYLE_COLOUR('',#3824);
#3728=FILL_AREA_STYLE_COLOUR('',#3824);
#3729=FILL_AREA_STYLE_COLOUR('',#3824);
#3730=FILL_AREA_STYLE_COLOUR('',#3824);
#3731=FILL_AREA_STYLE_COLOUR('',#3825);
#3732=FILL_AREA_STYLE_COLOUR('',#3825);
#3733=FILL_AREA_STYLE_COLOUR('',#3824);
#3734=FILL_AREA_STYLE_COLOUR('',#3824);
#3735=FILL_AREA_STYLE_COLOUR('',#3824);
#3736=FILL_AREA_STYLE_COLOUR('',#3824);
#3737=FILL_AREA_STYLE_COLOUR('',#3824);
#3738=FILL_AREA_STYLE_COLOUR('',#3824);
#3739=FILL_AREA_STYLE_COLOUR('',#3824);
#3740=FILL_AREA_STYLE_COLOUR('',#3824);
#3741=FILL_AREA_STYLE_COLOUR('',#3824);
#3742=FILL_AREA_STYLE_COLOUR('',#3824);
#3743=FILL_AREA_STYLE_COLOUR('',#3824);
#3744=FILL_AREA_STYLE_COLOUR('',#3824);
#3745=FILL_AREA_STYLE_COLOUR('',#3824);
#3746=FILL_AREA_STYLE_COLOUR('',#3824);
#3747=FILL_AREA_STYLE_COLOUR('',#3824);
#3748=FILL_AREA_STYLE_COLOUR('',#3824);
#3749=FILL_AREA_STYLE_COLOUR('',#3824);
#3750=FILL_AREA_STYLE_COLOUR('',#3824);
#3751=FILL_AREA_STYLE_COLOUR('',#3824);
#3752=FILL_AREA_STYLE_COLOUR('',#3824);
#3753=FILL_AREA_STYLE_COLOUR('',#3824);
#3754=FILL_AREA_STYLE_COLOUR('',#3824);
#3755=FILL_AREA_STYLE_COLOUR('',#3824);
#3756=FILL_AREA_STYLE_COLOUR('',#3824);
#3757=FILL_AREA_STYLE_COLOUR('',#3825);
#3758=FILL_AREA_STYLE_COLOUR('',#3824);
#3759=FILL_AREA_STYLE_COLOUR('',#3824);
#3760=FILL_AREA_STYLE_COLOUR('',#3824);
#3761=FILL_AREA_STYLE_COLOUR('',#3824);
#3762=FILL_AREA_STYLE_COLOUR('',#3824);
#3763=FILL_AREA_STYLE_COLOUR('',#3824);
#3764=FILL_AREA_STYLE_COLOUR('',#3824);
#3765=FILL_AREA_STYLE_COLOUR('',#3824);
#3766=FILL_AREA_STYLE_COLOUR('',#3824);
#3767=FILL_AREA_STYLE_COLOUR('',#3824);
#3768=FILL_AREA_STYLE_COLOUR('',#3824);
#3769=FILL_AREA_STYLE_COLOUR('',#3824);
#3770=FILL_AREA_STYLE_COLOUR('',#3824);
#3771=FILL_AREA_STYLE_COLOUR('',#3824);
#3772=FILL_AREA_STYLE_COLOUR('',#3824);
#3773=FILL_AREA_STYLE_COLOUR('',#3824);
#3774=FILL_AREA_STYLE_COLOUR('',#3824);
#3775=FILL_AREA_STYLE_COLOUR('',#3824);
#3776=FILL_AREA_STYLE_COLOUR('',#3824);
#3777=FILL_AREA_STYLE_COLOUR('',#3824);
#3778=FILL_AREA_STYLE_COLOUR('',#3824);
#3779=FILL_AREA_STYLE_COLOUR('',#3824);
#3780=FILL_AREA_STYLE_COLOUR('',#3824);
#3781=FILL_AREA_STYLE_COLOUR('',#3824);
#3782=FILL_AREA_STYLE_COLOUR('',#3824);
#3783=FILL_AREA_STYLE_COLOUR('',#3824);
#3784=FILL_AREA_STYLE_COLOUR('',#3824);
#3785=FILL_AREA_STYLE_COLOUR('',#3824);
#3786=FILL_AREA_STYLE_COLOUR('',#3824);
#3787=FILL_AREA_STYLE_COLOUR('',#3824);
#3788=FILL_AREA_STYLE_COLOUR('',#3824);
#3789=FILL_AREA_STYLE_COLOUR('',#3824);
#3790=FILL_AREA_STYLE_COLOUR('',#3824);
#3791=FILL_AREA_STYLE_COLOUR('',#3824);
#3792=FILL_AREA_STYLE_COLOUR('',#3824);
#3793=FILL_AREA_STYLE_COLOUR('',#3824);
#3794=FILL_AREA_STYLE_COLOUR('',#3824);
#3795=FILL_AREA_STYLE_COLOUR('',#3824);
#3796=FILL_AREA_STYLE_COLOUR('',#3824);
#3797=FILL_AREA_STYLE_COLOUR('',#3824);
#3798=FILL_AREA_STYLE_COLOUR('',#3824);
#3799=FILL_AREA_STYLE_COLOUR('',#3824);
#3800=FILL_AREA_STYLE_COLOUR('',#3826);
#3801=FILL_AREA_STYLE_COLOUR('',#3827);
#3802=FILL_AREA_STYLE_COLOUR('',#3828);
#3803=FILL_AREA_STYLE_COLOUR('',#3828);
#3804=FILL_AREA_STYLE_COLOUR('',#3827);
#3805=FILL_AREA_STYLE_COLOUR('',#3827);
#3806=FILL_AREA_STYLE_COLOUR('',#3827);
#3807=FILL_AREA_STYLE_COLOUR('',#3827);
#3808=FILL_AREA_STYLE_COLOUR('',#3827);
#3809=FILL_AREA_STYLE_COLOUR('',#3827);
#3810=FILL_AREA_STYLE_COLOUR('',#3827);
#3811=FILL_AREA_STYLE_COLOUR('',#3827);
#3812=FILL_AREA_STYLE_COLOUR('',#3827);
#3813=FILL_AREA_STYLE_COLOUR('',#3827);
#3814=FILL_AREA_STYLE_COLOUR('',#3827);
#3815=FILL_AREA_STYLE_COLOUR('',#3827);
#3816=FILL_AREA_STYLE_COLOUR('',#3827);
#3817=FILL_AREA_STYLE_COLOUR('',#3827);
#3818=FILL_AREA_STYLE_COLOUR('',#3827);
#3819=FILL_AREA_STYLE_COLOUR('',#3827);
#3820=FILL_AREA_STYLE_COLOUR('',#3827);
#3821=FILL_AREA_STYLE_COLOUR('',#3827);
#3822=FILL_AREA_STYLE_COLOUR('',#18);
#3823=FILL_AREA_STYLE_COLOUR('',#3829);
#3824=COLOUR_RGB('',0.600000023841858,0.666666686534882,0.800000011920929);
#3825=COLOUR_RGB('',0.533333361148834,0.533333361148834,0.533333361148834);
#3826=COLOUR_RGB('',0.600000023841858,0.600000023841858,0.600000023841858);
#3827=COLOUR_RGB('',0.600000023841858,0.600000023841858,0.733333349227905);
#3828=COLOUR_RGB('',1.,0.600000023841858,0.600000023841858);
#3829=COLOUR_RGB('',0.933333337306976,0.933333337306976,0.933333337306976);
#3830=ADVANCED_FACE('',(#2755),#3072,.F.);
#3831=ADVANCED_FACE('',(#2756),#164,.F.);
#3832=ADVANCED_FACE('',(#2757),#3073,.F.);
#3833=ADVANCED_FACE('',(#2758),#165,.F.);
#3834=ADVANCED_FACE('',(#2759),#3074,.F.);
#3835=ADVANCED_FACE('',(#2760),#166,.F.);
#3836=ADVANCED_FACE('',(#2761),#3075,.F.);
#3837=ADVANCED_FACE('',(#2762),#167,.F.);
#3838=ADVANCED_FACE('',(#2763),#3076,.F.);
#3839=ADVANCED_FACE('',(#2764),#168,.F.);
#3840=ADVANCED_FACE('',(#2765),#3077,.F.);
#3841=ADVANCED_FACE('',(#2766),#169,.F.);
#3842=ADVANCED_FACE('',(#2767),#3078,.F.);
#3843=ADVANCED_FACE('',(#2768),#170,.F.);
#3844=ADVANCED_FACE('',(#2769),#3079,.F.);
#3845=ADVANCED_FACE('',(#2770),#171,.F.);
#3846=ADVANCED_FACE('',(#2771),#3080,.F.);
#3847=ADVANCED_FACE('',(#2772),#172,.F.);
#3848=ADVANCED_FACE('',(#2773),#3081,.F.);
#3849=ADVANCED_FACE('',(#2774),#173,.F.);
#3850=ADVANCED_FACE('',(#2775),#3082,.F.);
#3851=ADVANCED_FACE('',(#2776),#174,.F.);
#3852=ADVANCED_FACE('',(#2777),#3083,.F.);
#3853=ADVANCED_FACE('',(#2778),#175,.F.);
#3854=ADVANCED_FACE('',(#2779),#3084,.F.);
#3855=ADVANCED_FACE('',(#2780),#3085,.F.);
#3856=ADVANCED_FACE('',(#2781),#3086,.F.);
#3857=ADVANCED_FACE('',(#2782),#176,.F.);
#3858=ADVANCED_FACE('',(#2783),#177,.F.);
#3859=ADVANCED_FACE('',(#2784),#3087,.F.);
#3860=ADVANCED_FACE('',(#2785),#3088,.F.);
#3861=ADVANCED_FACE('',(#2786),#178,.F.);
#3862=ADVANCED_FACE('',(#2787),#3089,.F.);
#3863=ADVANCED_FACE('',(#2788),#179,.F.);
#3864=ADVANCED_FACE('',(#2789),#3090,.F.);
#3865=ADVANCED_FACE('',(#2790),#180,.F.);
#3866=ADVANCED_FACE('',(#2791),#3091,.F.);
#3867=ADVANCED_FACE('',(#2792),#181,.F.);
#3868=ADVANCED_FACE('',(#2793),#182,.F.);
#3869=ADVANCED_FACE('',(#2794),#183,.F.);
#3870=ADVANCED_FACE('',(#2795),#98,.F.);
#3871=ADVANCED_FACE('',(#2796),#184,.F.);
#3872=ADVANCED_FACE('',(#2797),#185,.F.);
#3873=ADVANCED_FACE('',(#2798),#186,.F.);
#3874=ADVANCED_FACE('',(#2799),#187,.F.);
#3875=ADVANCED_FACE('',(#2800),#188,.F.);
#3876=ADVANCED_FACE('',(#2801),#189,.F.);
#3877=ADVANCED_FACE('',(#2802),#190,.F.);
#3878=ADVANCED_FACE('',(#2803),#191,.F.);
#3879=ADVANCED_FACE('',(#2804),#192,.F.);
#3880=ADVANCED_FACE('',(#2805),#99,.F.);
#3881=ADVANCED_FACE('',(#2806),#193,.F.);
#3882=ADVANCED_FACE('',(#2807),#100,.T.);
#3883=ADVANCED_FACE('',(#2808),#101,.F.);
#3884=ADVANCED_FACE('',(#2809),#194,.F.);
#3885=ADVANCED_FACE('',(#2810,#2811,#2812,#2813,#2814,#2815,#2816,#2817,
#2818,#2819,#2820,#2821,#2822),#102,.T.);
#3886=ADVANCED_FACE('',(#2823),#195,.F.);
#3887=ADVANCED_FACE('',(#2824),#196,.F.);
#3888=ADVANCED_FACE('',(#2825),#103,.F.);
#3889=ADVANCED_FACE('',(#2826),#197,.F.);
#3890=ADVANCED_FACE('',(#2827),#104,.T.);
#3891=ADVANCED_FACE('',(#2828,#2829,#2830),#105,.T.);
#3892=ADVANCED_FACE('',(#2831),#198,.F.);
#3893=ADVANCED_FACE('',(#2832,#2833,#2834,#2835),#106,.F.);
#3894=ADVANCED_FACE('',(#2836,#2837,#2838,#2839),#107,.T.);
#3895=ADVANCED_FACE('',(#2840),#199,.F.);
#3896=ADVANCED_FACE('',(#2841),#200,.F.);
#3897=ADVANCED_FACE('',(#2842,#2843,#2844,#2845,#2846,#2847,#2848,#2849,
#2850,#2851,#2852,#2853,#2854,#2855,#2856,#2857,#2858,#2859,#2860,#2861,
#2862,#2863,#2864,#2865,#2866),#108,.F.);
#3898=ADVANCED_FACE('',(#2867),#201,.F.);
#3899=ADVANCED_FACE('',(#2868),#202,.F.);
#3900=ADVANCED_FACE('',(#2869),#203,.F.);
#3901=ADVANCED_FACE('',(#2870),#204,.F.);
#3902=ADVANCED_FACE('',(#2871),#205,.F.);
#3903=ADVANCED_FACE('',(#2872),#109,.T.);
#3904=ADVANCED_FACE('',(#2873),#206,.F.);
#3905=ADVANCED_FACE('',(#2874,#2875,#2876,#2877,#2878,#2879,#2880,#2881,
#2882,#2883,#2884,#2885,#2886),#110,.F.);
#3906=ADVANCED_FACE('',(#2887,#2888,#2889),#111,.F.);
#3907=ADVANCED_FACE('',(#2890),#207,.F.);
#3908=ADVANCED_FACE('',(#2891),#3092,.F.);
#3909=ADVANCED_FACE('',(#2892),#208,.F.);
#3910=ADVANCED_FACE('',(#2893),#3093,.F.);
#3911=ADVANCED_FACE('',(#2894),#209,.F.);
#3912=ADVANCED_FACE('',(#2895),#3094,.F.);
#3913=ADVANCED_FACE('',(#2896),#210,.F.);
#3914=ADVANCED_FACE('',(#2897),#211,.F.);
#3915=ADVANCED_FACE('',(#2898,#2899,#2900),#112,.F.);
#3916=ADVANCED_FACE('',(#2901),#212,.F.);
#3917=ADVANCED_FACE('',(#2902),#213,.F.);
#3918=ADVANCED_FACE('',(#2903,#2904),#113,.T.);
#3919=ADVANCED_FACE('',(#2905),#214,.F.);
#3920=ADVANCED_FACE('',(#2906,#2907),#114,.T.);
#3921=ADVANCED_FACE('',(#2908,#2909,#2910),#115,.F.);
#3922=ADVANCED_FACE('',(#2911,#2912),#116,.T.);
#3923=ADVANCED_FACE('',(#2913,#2914),#117,.T.);
#3924=ADVANCED_FACE('',(#2915,#2916,#2917),#118,.T.);
#3925=ADVANCED_FACE('',(#2918),#215,.F.);
#3926=ADVANCED_FACE('',(#2919),#3095,.F.);
#3927=ADVANCED_FACE('',(#2920,#2921),#216,.F.);
#3928=ADVANCED_FACE('',(#2922,#2923),#119,.T.);
#3929=ADVANCED_FACE('',(#2924),#217,.F.);
#3930=ADVANCED_FACE('',(#2925,#2926),#218,.F.);
#3931=ADVANCED_FACE('',(#2927,#2928),#120,.T.);
#3932=ADVANCED_FACE('',(#2929),#219,.F.);
#3933=ADVANCED_FACE('',(#2930,#2931,#2932),#121,.T.);
#3934=ADVANCED_FACE('',(#2933,#2934,#2935,#2936,#2937),#122,.F.);
#3935=ADVANCED_FACE('',(#2938,#2939),#123,.T.);
#3936=ADVANCED_FACE('',(#2940),#220,.F.);
#3937=ADVANCED_FACE('',(#2941,#2942,#2943,#2944,#2945),#124,.T.);
#3938=ADVANCED_FACE('',(#2946),#125,.T.);
#3939=ADVANCED_FACE('',(#2947),#126,.T.);
#3940=ADVANCED_FACE('',(#2948),#127,.T.);
#3941=ADVANCED_FACE('',(#2949),#221,.F.);
#3942=ADVANCED_FACE('',(#2950,#2951),#128,.T.);
#3943=ADVANCED_FACE('',(#2952),#222,.F.);
#3944=ADVANCED_FACE('',(#2953),#223,.F.);
#3945=ADVANCED_FACE('',(#2954,#2955),#129,.T.);
#3946=ADVANCED_FACE('',(#2956),#224,.F.);
#3947=ADVANCED_FACE('',(#2957),#225,.F.);
#3948=ADVANCED_FACE('',(#2958,#2959),#130,.T.);
#3949=ADVANCED_FACE('',(#2960),#226,.F.);
#3950=ADVANCED_FACE('',(#2961),#227,.F.);
#3951=ADVANCED_FACE('',(#2962),#131,.T.);
#3952=ADVANCED_FACE('',(#2963),#132,.T.);
#3953=ADVANCED_FACE('',(#2964),#133,.T.);
#3954=ADVANCED_FACE('',(#2965),#134,.T.);
#3955=ADVANCED_FACE('',(#2966),#3096,.T.);
#3956=ADVANCED_FACE('',(#2967),#228,.T.);
#3957=ADVANCED_FACE('',(#2968),#229,.T.);
#3958=ADVANCED_FACE('',(#2969),#135,.T.);
#3959=ADVANCED_FACE('',(#2970),#136,.T.);
#3960=ADVANCED_FACE('',(#2971),#137,.T.);
#3961=ADVANCED_FACE('',(#2972),#138,.T.);
#3962=ADVANCED_FACE('',(#2973),#139,.T.);
#3963=ADVANCED_FACE('',(#2974),#140,.F.);
#3964=ADVANCED_FACE('',(#2975),#141,.T.);
#3965=ADVANCED_FACE('',(#2976),#3097,.F.);
#3966=ADVANCED_FACE('',(#2977),#3098,.F.);
#3967=ADVANCED_FACE('',(#2978),#3099,.F.);
#3968=ADVANCED_FACE('',(#2979),#3100,.F.);
#3969=ADVANCED_FACE('',(#2980),#3101,.F.);
#3970=ADVANCED_FACE('',(#2981),#230,.T.);
#3971=ADVANCED_FACE('',(#2982,#2983),#142,.T.);
#3972=ADVANCED_FACE('',(#2984),#3102,.F.);
#3973=ADVANCED_FACE('',(#2985,#2986),#143,.F.);
#3974=ADVANCED_FACE('',(#2987),#19,.T.);
#3975=ADVANCED_FACE('',(#2988,#2989),#144,.F.);
#3976=ADVANCED_FACE('',(#2990,#2991),#145,.T.);
#3977=ADVANCED_FACE('',(#2992),#231,.F.);
#3978=ADVANCED_FACE('',(#2993),#232,.T.);
#3979=ADVANCED_FACE('',(#2994),#233,.F.);
#3980=ADVANCED_FACE('',(#2995),#234,.F.);
#3981=ADVANCED_FACE('',(#2996),#235,.F.);
#3982=ADVANCED_FACE('',(#2997),#236,.F.);
#3983=ADVANCED_FACE('',(#2998),#237,.F.);
#3984=ADVANCED_FACE('',(#2999),#238,.F.);
#3985=ADVANCED_FACE('',(#3000),#239,.F.);
#3986=ADVANCED_FACE('',(#3001),#240,.F.);
#3987=ADVANCED_FACE('',(#3002),#241,.F.);
#3988=ADVANCED_FACE('',(#3003),#242,.F.);
#3989=ADVANCED_FACE('',(#3004),#243,.F.);
#3990=ADVANCED_FACE('',(#3005,#3006),#146,.T.);
#3991=ADVANCED_FACE('',(#3007,#3008),#147,.T.);
#3992=ADVANCED_FACE('',(#3009,#3010),#148,.T.);
#3993=ADVANCED_FACE('',(#3011,#3012),#149,.T.);
#3994=ADVANCED_FACE('',(#3013,#3014),#150,.T.);
#3995=ADVANCED_FACE('',(#3015,#3016),#151,.T.);
#3996=ADVANCED_FACE('',(#3017,#3018),#152,.T.);
#3997=ADVANCED_FACE('',(#3019,#3020),#153,.T.);
#3998=ADVANCED_FACE('',(#3021,#3022),#154,.T.);
#3999=ADVANCED_FACE('',(#3023,#3024),#155,.T.);
#4000=ADVANCED_FACE('',(#3025,#3026),#156,.T.);
#4001=ADVANCED_FACE('',(#3027,#3028,#3029,#3030,#3031,#3032,#3033,#3034,
#3035,#3036,#3037,#3038,#3039),#157,.F.);
#4002=ADVANCED_FACE('',(#3040),#158,.T.);
#4003=ADVANCED_FACE('',(#3041),#244,.F.);
#4004=ADVANCED_FACE('',(#3042),#159,.T.);
#4005=ADVANCED_FACE('',(#3043),#160,.F.);
#4006=ADVANCED_FACE('',(#3044),#161,.T.);
#4007=ADVANCED_FACE('',(#3045),#245,.F.);
#4008=ADVANCED_FACE('',(#3046),#246,.F.);
#4009=ADVANCED_FACE('',(#3047),#247,.F.);
#4010=ADVANCED_FACE('',(#3048),#248,.F.);
#4011=ADVANCED_FACE('',(#3049),#249,.F.);
#4012=ADVANCED_FACE('',(#3050),#250,.F.);
#4013=ADVANCED_FACE('',(#3051),#251,.F.);
#4014=ADVANCED_FACE('',(#3052),#252,.F.);
#4015=ADVANCED_FACE('',(#3053),#253,.F.);
#4016=ADVANCED_FACE('',(#3054),#254,.F.);
#4017=ADVANCED_FACE('',(#3055),#255,.F.);
#4018=ADVANCED_FACE('',(#3056,#3057,#3058,#3059,#3060,#3061,#3062,#3063,
#3064,#3065,#3066,#3067,#3068),#162,.T.);
#4019=ADVANCED_FACE('',(#3069,#3070),#163,.T.);
#4020=ADVANCED_FACE('',(#3071),#256,.F.);
#4021=CLOSED_SHELL('',(#3830,#3831,#3832,#3833,#3834,#3835,#3836,#3837,
#3838,#3839,#3840,#3841,#3842,#3843,#3844,#3845,#3846,#3847,#3848,#3849,
#3850,#3851,#3852,#3853,#3854,#3855,#3856,#3857,#3858,#3859,#3860,#3861,
#3862,#3863,#3864,#3865,#3866,#3867,#3868,#3869,#3870,#3871,#3872,#3873,
#3874,#3875,#3876,#3877,#3878,#3879,#3880,#3881,#3882,#3883,#3884,#3885,
#3886,#3887,#3888,#3889,#3890,#3891,#3892,#3893,#3894,#3895,#3896,#3897,
#3898,#3899,#3900,#3901,#3902,#3903,#3904,#3905,#3906,#3907));
#4022=CLOSED_SHELL('',(#3908,#3909,#3910,#3911,#3912,#3913,#3914,#3915,
#3916,#3917,#3918,#3919,#3920,#3921,#3922,#3923,#3924,#3925,#3926,#3927,
#3928,#3929,#3930,#3931,#3932,#3933));
#4023=CLOSED_SHELL('',(#3934,#3935,#3936,#3937,#3938,#3939,#3940,#3941,
#3942,#3943,#3944,#3945,#3946,#3947,#3948,#3949,#3950,#3951,#3952,#3953));
#4024=CLOSED_SHELL('',(#3954,#3955,#3956,#3957,#3958,#3959,#3960,#3961,
#3962,#3963,#3964,#3965,#3966,#3967,#3968,#3969,#3970,#3971,#3972,#3973,
#3974));
#4025=CLOSED_SHELL('',(#3975,#3976,#3977,#3978));
#4026=CLOSED_SHELL('',(#3979,#3980,#3981,#3982,#3983,#3984,#3985,#3986,
#3987,#3988,#3989,#3990,#3991,#3992,#3993,#3994,#3995,#3996,#3997,#3998,
#3999,#4000,#4001,#4002,#4003,#4004,#4005,#4006,#4007,#4008,#4009,#4010,
#4011,#4012,#4013,#4014,#4015,#4016,#4017,#4018,#4019,#4020));
#4027=MANIFOLD_SOLID_BREP('Volumenk√∂rper1',#4021);
#4028=MANIFOLD_SOLID_BREP('Volumenk√∂rper1',#4022);
#4029=MANIFOLD_SOLID_BREP('Volumenk√∂rper1',#4023);
#4030=MANIFOLD_SOLID_BREP('Volumenk√∂rper1',#4024);
#4031=MANIFOLD_SOLID_BREP('Volumenk√∂rper1',#4025);
#4032=MANIFOLD_SOLID_BREP('Volumenk√∂rper1',#4026);
#4033=SHAPE_DEFINITION_REPRESENTATION(#6837,#4041);
#4034=SHAPE_DEFINITION_REPRESENTATION(#6836,#4042);
#4035=SHAPE_DEFINITION_REPRESENTATION(#6839,#4043);
#4036=SHAPE_DEFINITION_REPRESENTATION(#6842,#4044);
#4037=SHAPE_DEFINITION_REPRESENTATION(#6841,#4045);
#4038=SHAPE_DEFINITION_REPRESENTATION(#6844,#4046);
#4039=SHAPE_DEFINITION_REPRESENTATION(#6848,#4047);
#4040=SHAPE_DEFINITION_REPRESENTATION(#6855,#4048);
#4041=SHAPE_REPRESENTATION('Magnetschiene-0164.1-04-01-010_.1',(#4049),
#6818);
#4042=SHAPE_REPRESENTATION('Magnetschiene_rechts',(#4049,#4226,#4279,#4370,
#4461,#4462),#6817);
#4043=SHAPE_REPRESENTATION('Erg‰nzungsst¸ck-0164.1-04-01-009_',(#4049),
#6819);
#4044=SHAPE_REPRESENTATION('Sensorleiste-0164.1-04-01-017_',(#4049),#6821);
#4045=SHAPE_REPRESENTATION('Sensorleiste',(#4049,#4316,#4354,#4355,#4356,
#4365,#4366,#4367,#4368,#4369),#6820);
#4046=SHAPE_REPRESENTATION('Zylinderschraube_DIN_912_-_M6_x_16_-_.4',(#4049),
#6822);
#4047=SHAPE_REPRESENTATION('Schnorr_Zahnscheibe-S6_x_10_x_0.7_.99.2',(#4049),
#6823);
#4048=SHAPE_REPRESENTATION('Einlegeleiste-0164.1-04-01-008_.1',(#4049),
#6824);
#4049=AXIS2_PLACEMENT_3D('',#5499,#4463,#4464);
#4050=AXIS2_PLACEMENT_3D('',#5500,#4465,#4466);
#4051=AXIS2_PLACEMENT_3D('',#5504,#4468,#4469);
#4052=AXIS2_PLACEMENT_3D('',#5505,#4470,#4471);
#4053=AXIS2_PLACEMENT_3D('',#5508,#4473,#4474);
#4054=AXIS2_PLACEMENT_3D('',#5509,#4475,#4476);
#4055=AXIS2_PLACEMENT_3D('',#5510,#4477,#4478);
#4056=AXIS2_PLACEMENT_3D('',#5513,#4479,#4480);
#4057=AXIS2_PLACEMENT_3D('',#5516,#4482,#4483);
#4058=AXIS2_PLACEMENT_3D('',#5517,#4484,#4485);
#4059=AXIS2_PLACEMENT_3D('',#5519,#4487,#4488);
#4060=AXIS2_PLACEMENT_3D('',#5523,#4490,#4491);
#4061=AXIS2_PLACEMENT_3D('',#5524,#4492,#4493);
#4062=AXIS2_PLACEMENT_3D('',#5527,#4495,#4496);
#4063=AXIS2_PLACEMENT_3D('',#5528,#4497,#4498);
#4064=AXIS2_PLACEMENT_3D('',#5529,#4499,#4500);
#4065=AXIS2_PLACEMENT_3D('',#5532,#4501,#4502);
#4066=AXIS2_PLACEMENT_3D('',#5535,#4504,#4505);
#4067=AXIS2_PLACEMENT_3D('',#5536,#4506,#4507);
#4068=AXIS2_PLACEMENT_3D('',#5538,#4509,#4510);
#4069=AXIS2_PLACEMENT_3D('',#5542,#4512,#4513);
#4070=AXIS2_PLACEMENT_3D('',#5543,#4514,#4515);
#4071=AXIS2_PLACEMENT_3D('',#5546,#4517,#4518);
#4072=AXIS2_PLACEMENT_3D('',#5547,#4519,#4520);
#4073=AXIS2_PLACEMENT_3D('',#5548,#4521,#4522);
#4074=AXIS2_PLACEMENT_3D('',#5551,#4523,#4524);
#4075=AXIS2_PLACEMENT_3D('',#5554,#4526,#4527);
#4076=AXIS2_PLACEMENT_3D('',#5555,#4528,#4529);
#4077=AXIS2_PLACEMENT_3D('',#5557,#4531,#4532);
#4078=AXIS2_PLACEMENT_3D('',#5561,#4534,#4535);
#4079=AXIS2_PLACEMENT_3D('',#5562,#4536,#4537);
#4080=AXIS2_PLACEMENT_3D('',#5565,#4539,#4540);
#4081=AXIS2_PLACEMENT_3D('',#5566,#4541,#4542);
#4082=AXIS2_PLACEMENT_3D('',#5567,#4543,#4544);
#4083=AXIS2_PLACEMENT_3D('',#5572,#4546,#4547);
#4084=AXIS2_PLACEMENT_3D('',#5573,#4548,#4549);
#4085=AXIS2_PLACEMENT_3D('',#5574,#4550,#4551);
#4086=AXIS2_PLACEMENT_3D('',#5576,#4553,#4554);
#4087=AXIS2_PLACEMENT_3D('',#5580,#4556,#4557);
#4088=AXIS2_PLACEMENT_3D('',#5581,#4558,#4559);
#4089=AXIS2_PLACEMENT_3D('',#5584,#4561,#4562);
#4090=AXIS2_PLACEMENT_3D('',#5585,#4563,#4564);
#4091=AXIS2_PLACEMENT_3D('',#5586,#4565,#4566);
#4092=AXIS2_PLACEMENT_3D('',#5591,#4568,#4569);
#4093=AXIS2_PLACEMENT_3D('',#5592,#4570,#4571);
#4094=AXIS2_PLACEMENT_3D('',#5593,#4572,#4573);
#4095=AXIS2_PLACEMENT_3D('',#5595,#4575,#4576);
#4096=AXIS2_PLACEMENT_3D('',#5599,#4578,#4579);
#4097=AXIS2_PLACEMENT_3D('',#5600,#4580,#4581);
#4098=AXIS2_PLACEMENT_3D('',#5603,#4583,#4584);
#4099=AXIS2_PLACEMENT_3D('',#5604,#4585,#4586);
#4100=AXIS2_PLACEMENT_3D('',#5605,#4587,#4588);
#4101=AXIS2_PLACEMENT_3D('',#5610,#4590,#4591);
#4102=AXIS2_PLACEMENT_3D('',#5611,#4592,#4593);
#4103=AXIS2_PLACEMENT_3D('',#5612,#4594,#4595);
#4104=AXIS2_PLACEMENT_3D('',#5614,#4597,#4598);
#4105=AXIS2_PLACEMENT_3D('',#5615,#4599,#4600);
#4106=AXIS2_PLACEMENT_3D('',#5620,#4602,#4603);
#4107=AXIS2_PLACEMENT_3D('',#5621,#4604,#4605);
#4108=AXIS2_PLACEMENT_3D('',#5622,#4606,#4607);
#4109=AXIS2_PLACEMENT_3D('',#5626,#4609,#4610);
#4110=AXIS2_PLACEMENT_3D('',#5627,#4611,#4612);
#4111=AXIS2_PLACEMENT_3D('',#5631,#4614,#4615);
#4112=AXIS2_PLACEMENT_3D('',#5632,#4616,#4617);
#4113=AXIS2_PLACEMENT_3D('',#5633,#4618,#4619);
#4114=AXIS2_PLACEMENT_3D('',#5637,#4621,#4622);
#4115=AXIS2_PLACEMENT_3D('',#5639,#4623,#4624);
#4116=AXIS2_PLACEMENT_3D('',#5640,#4625,#4626);
#4117=AXIS2_PLACEMENT_3D('',#5641,#4627,#4628);
#4118=AXIS2_PLACEMENT_3D('',#5645,#4630,#4631);
#4119=AXIS2_PLACEMENT_3D('',#5646,#4632,#4633);
#4120=AXIS2_PLACEMENT_3D('',#5647,#4634,#4635);
#4121=AXIS2_PLACEMENT_3D('',#5652,#4637,#4638);
#4122=AXIS2_PLACEMENT_3D('',#5653,#4639,#4640);
#4123=AXIS2_PLACEMENT_3D('',#5654,#4641,#4642);
#4124=AXIS2_PLACEMENT_3D('',#5657,#4644,#4645);
#4125=AXIS2_PLACEMENT_3D('',#5658,#4646,#4647);
#4126=AXIS2_PLACEMENT_3D('',#5660,#4649,#4650);
#4127=AXIS2_PLACEMENT_3D('',#5663,#4652,#4653);
#4128=AXIS2_PLACEMENT_3D('',#5664,#4654,#4655);
#4129=AXIS2_PLACEMENT_3D('',#5668,#4657,#4658);
#4130=AXIS2_PLACEMENT_3D('',#5669,#4659,#4660);
#4131=AXIS2_PLACEMENT_3D('',#5672,#4662,#4663);
#4132=AXIS2_PLACEMENT_3D('',#5673,#4664,#4665);
#4133=AXIS2_PLACEMENT_3D('',#5676,#4667,#4668);
#4134=AXIS2_PLACEMENT_3D('',#5677,#4669,#4670);
#4135=AXIS2_PLACEMENT_3D('',#5682,#4672,#4673);
#4136=AXIS2_PLACEMENT_3D('',#5683,#4674,#4675);
#4137=AXIS2_PLACEMENT_3D('',#5684,#4676,#4677);
#4138=AXIS2_PLACEMENT_3D('',#5686,#4679,#4680);
#4139=AXIS2_PLACEMENT_3D('',#5687,#4681,#4682);
#4140=AXIS2_PLACEMENT_3D('',#5691,#4684,#4685);
#4141=AXIS2_PLACEMENT_3D('',#5692,#4686,#4687);
#4142=AXIS2_PLACEMENT_3D('',#5693,#4688,#4689);
#4143=AXIS2_PLACEMENT_3D('',#5697,#4691,#4692);
#4144=AXIS2_PLACEMENT_3D('',#5698,#4693,#4694);
#4145=AXIS2_PLACEMENT_3D('',#5707,#4699,#4700);
#4146=AXIS2_PLACEMENT_3D('',#5708,#4701,#4702);
#4147=AXIS2_PLACEMENT_3D('',#5712,#4704,#4705);
#4148=AXIS2_PLACEMENT_3D('',#5713,#4706,#4707);
#4149=AXIS2_PLACEMENT_3D('',#5714,#4708,#4709);
#4150=AXIS2_PLACEMENT_3D('',#5718,#4711,#4712);
#4151=AXIS2_PLACEMENT_3D('',#5719,#4713,#4714);
#4152=AXIS2_PLACEMENT_3D('',#5720,#4715,#4716);
#4153=AXIS2_PLACEMENT_3D('',#5724,#4718,#4719);
#4154=AXIS2_PLACEMENT_3D('',#5725,#4720,#4721);
#4155=AXIS2_PLACEMENT_3D('',#5726,#4722,#4723);
#4156=AXIS2_PLACEMENT_3D('',#5730,#4725,#4726);
#4157=AXIS2_PLACEMENT_3D('',#5731,#4727,#4728);
#4158=AXIS2_PLACEMENT_3D('',#5732,#4729,#4730);
#4159=AXIS2_PLACEMENT_3D('',#5736,#4732,#4733);
#4160=AXIS2_PLACEMENT_3D('',#5737,#4734,#4735);
#4161=AXIS2_PLACEMENT_3D('',#5738,#4736,#4737);
#4162=AXIS2_PLACEMENT_3D('',#5742,#4739,#4740);
#4163=AXIS2_PLACEMENT_3D('',#5743,#4741,#4742);
#4164=AXIS2_PLACEMENT_3D('',#5744,#4743,#4744);
#4165=AXIS2_PLACEMENT_3D('',#5748,#4746,#4747);
#4166=AXIS2_PLACEMENT_3D('',#5749,#4748,#4749);
#4167=AXIS2_PLACEMENT_3D('',#5750,#4750,#4751);
#4168=AXIS2_PLACEMENT_3D('',#5754,#4753,#4754);
#4169=AXIS2_PLACEMENT_3D('',#5755,#4755,#4756);
#4170=AXIS2_PLACEMENT_3D('',#5757,#4758,#4759);
#4171=AXIS2_PLACEMENT_3D('',#5766,#4764,#4765);
#4172=AXIS2_PLACEMENT_3D('',#5767,#4766,#4767);
#4173=AXIS2_PLACEMENT_3D('',#5771,#4769,#4770);
#4174=AXIS2_PLACEMENT_3D('',#5772,#4771,#4772);
#4175=AXIS2_PLACEMENT_3D('',#5778,#4776,#4777);
#4176=AXIS2_PLACEMENT_3D('',#5784,#4781,#4782);
#4177=AXIS2_PLACEMENT_3D('',#5786,#4784,#4785);
#4178=AXIS2_PLACEMENT_3D('',#5787,#4786,#4787);
#4179=AXIS2_PLACEMENT_3D('',#5789,#4788,#4789);
#4180=AXIS2_PLACEMENT_3D('',#5791,#4790,#4791);
#4181=AXIS2_PLACEMENT_3D('',#5793,#4792,#4793);
#4182=AXIS2_PLACEMENT_3D('',#5795,#4794,#4795);
#4183=AXIS2_PLACEMENT_3D('',#5797,#4796,#4797);
#4184=AXIS2_PLACEMENT_3D('',#5799,#4798,#4799);
#4185=AXIS2_PLACEMENT_3D('',#5801,#4800,#4801);
#4186=AXIS2_PLACEMENT_3D('',#5803,#4802,#4803);
#4187=AXIS2_PLACEMENT_3D('',#5805,#4804,#4805);
#4188=AXIS2_PLACEMENT_3D('',#5807,#4806,#4807);
#4189=AXIS2_PLACEMENT_3D('',#5814,#4811,#4812);
#4190=AXIS2_PLACEMENT_3D('',#5815,#4813,#4814);
#4191=AXIS2_PLACEMENT_3D('',#5818,#4816,#4817);
#4192=AXIS2_PLACEMENT_3D('',#5819,#4818,#4819);
#4193=AXIS2_PLACEMENT_3D('',#5823,#4821,#4822);
#4194=AXIS2_PLACEMENT_3D('',#5824,#4823,#4824);
#4195=AXIS2_PLACEMENT_3D('',#5830,#4828,#4829);
#4196=AXIS2_PLACEMENT_3D('',#5831,#4830,#4831);
#4197=AXIS2_PLACEMENT_3D('',#5834,#4833,#4834);
#4198=AXIS2_PLACEMENT_3D('',#5843,#4839,#4840);
#4199=AXIS2_PLACEMENT_3D('',#5851,#4846,#4847);
#4200=AXIS2_PLACEMENT_3D('',#5852,#4848,#4849);
#4201=AXIS2_PLACEMENT_3D('',#5855,#4851,#4852);
#4202=AXIS2_PLACEMENT_3D('',#5859,#4855,#4856);
#4203=AXIS2_PLACEMENT_3D('',#5863,#4859,#4860);
#4204=AXIS2_PLACEMENT_3D('',#5864,#4861,#4862);
#4205=AXIS2_PLACEMENT_3D('',#5867,#4864,#4865);
#4206=AXIS2_PLACEMENT_3D('',#5868,#4866,#4867);
#4207=AXIS2_PLACEMENT_3D('',#5871,#4869,#4870);
#4208=AXIS2_PLACEMENT_3D('',#5872,#4871,#4872);
#4209=AXIS2_PLACEMENT_3D('',#5874,#4873,#4874);
#4210=AXIS2_PLACEMENT_3D('',#5876,#4875,#4876);
#4211=AXIS2_PLACEMENT_3D('',#5878,#4877,#4878);
#4212=AXIS2_PLACEMENT_3D('',#5880,#4879,#4880);
#4213=AXIS2_PLACEMENT_3D('',#5882,#4881,#4882);
#4214=AXIS2_PLACEMENT_3D('',#5884,#4883,#4884);
#4215=AXIS2_PLACEMENT_3D('',#5887,#4886,#4887);
#4216=AXIS2_PLACEMENT_3D('',#5889,#4889,#4890);
#4217=AXIS2_PLACEMENT_3D('',#5891,#4892,#4893);
#4218=AXIS2_PLACEMENT_3D('',#5893,#4895,#4896);
#4219=AXIS2_PLACEMENT_3D('',#5895,#4898,#4899);
#4220=AXIS2_PLACEMENT_3D('',#5897,#4901,#4902);
#4221=AXIS2_PLACEMENT_3D('',#5899,#4904,#4905);
#4222=AXIS2_PLACEMENT_3D('',#5902,#4907,#4908);
#4223=AXIS2_PLACEMENT_3D('',#5903,#4909,#4910);
#4224=AXIS2_PLACEMENT_3D('',#5905,#4912,#4913);
#4225=AXIS2_PLACEMENT_3D('',#5906,#4914,#4915);
#4226=AXIS2_PLACEMENT_3D('',#5908,#4917,#4918);
#4227=AXIS2_PLACEMENT_3D('',#5909,#4919,#4920);
#4228=AXIS2_PLACEMENT_3D('',#5930,#4922,#4923);
#4229=AXIS2_PLACEMENT_3D('',#5931,#4924,#4925);
#4230=AXIS2_PLACEMENT_3D('',#5934,#4927,#4928);
#4231=AXIS2_PLACEMENT_3D('',#5935,#4929,#4930);
#4232=AXIS2_PLACEMENT_3D('',#5936,#4931,#4932);
#4233=AXIS2_PLACEMENT_3D('',#5939,#4933,#4934);
#4234=AXIS2_PLACEMENT_3D('',#5942,#4936,#4937);
#4235=AXIS2_PLACEMENT_3D('',#5943,#4938,#4939);
#4236=AXIS2_PLACEMENT_3D('',#5945,#4941,#4942);
#4237=AXIS2_PLACEMENT_3D('',#5946,#4943,#4944);
#4238=AXIS2_PLACEMENT_3D('',#5951,#4946,#4947);
#4239=AXIS2_PLACEMENT_3D('',#5952,#4948,#4949);
#4240=AXIS2_PLACEMENT_3D('',#5953,#4950,#4951);
#4241=AXIS2_PLACEMENT_3D('',#5954,#4952,#4953);
#4242=AXIS2_PLACEMENT_3D('',#5957,#4955,#4956);
#4243=AXIS2_PLACEMENT_3D('',#5958,#4957,#4958);
#4244=AXIS2_PLACEMENT_3D('',#5962,#4960,#4961);
#4245=AXIS2_PLACEMENT_3D('',#5963,#4962,#4963);
#4246=AXIS2_PLACEMENT_3D('',#5964,#4964,#4965);
#4247=AXIS2_PLACEMENT_3D('',#5966,#4966,#4967);
#4248=AXIS2_PLACEMENT_3D('',#5976,#4972,#4973);
#4249=AXIS2_PLACEMENT_3D('',#5977,#4974,#4975);
#4250=AXIS2_PLACEMENT_3D('',#5981,#4977,#4978);
#4251=AXIS2_PLACEMENT_3D('',#5982,#4979,#4980);
#4252=AXIS2_PLACEMENT_3D('',#5985,#4982,#4983);
#4253=AXIS2_PLACEMENT_3D('',#5986,#4984,#4985);
#4254=AXIS2_PLACEMENT_3D('',#5992,#4989,#4990);
#4255=AXIS2_PLACEMENT_3D('',#5995,#4992,#4993);
#4256=AXIS2_PLACEMENT_3D('',#5996,#4994,#4995);
#4257=AXIS2_PLACEMENT_3D('',#6002,#4999,#5000);
#4258=AXIS2_PLACEMENT_3D('',#6003,#5001,#5002);
#4259=AXIS2_PLACEMENT_3D('',#6005,#5003,#5004);
#4260=AXIS2_PLACEMENT_3D('',#6008,#5006,#5007);
#4261=AXIS2_PLACEMENT_3D('',#6009,#5008,#5009);
#4262=AXIS2_PLACEMENT_3D('',#6010,#5010,#5011);
#4263=AXIS2_PLACEMENT_3D('',#6012,#5013,#5014);
#4264=AXIS2_PLACEMENT_3D('',#6013,#5015,#5016);
#4265=AXIS2_PLACEMENT_3D('',#6016,#5018,#5019);
#4266=AXIS2_PLACEMENT_3D('',#6036,#5021,#5022);
#4267=AXIS2_PLACEMENT_3D('',#6039,#5024,#5025);
#4268=AXIS2_PLACEMENT_3D('',#6040,#5026,#5027);
#4269=AXIS2_PLACEMENT_3D('',#6041,#5028,#5029);
#4270=AXIS2_PLACEMENT_3D('',#6043,#5030,#5031);
#4271=AXIS2_PLACEMENT_3D('',#6046,#5033,#5034);
#4272=AXIS2_PLACEMENT_3D('',#6047,#5035,#5036);
#4273=AXIS2_PLACEMENT_3D('',#6050,#5038,#5039);
#4274=AXIS2_PLACEMENT_3D('',#6051,#5040,#5041);
#4275=AXIS2_PLACEMENT_3D('',#6052,#5042,#5043);
#4276=AXIS2_PLACEMENT_3D('',#6054,#5044,#5045);
#4277=AXIS2_PLACEMENT_3D('',#6057,#5047,#5048);
#4278=AXIS2_PLACEMENT_3D('',#6058,#5049,#5050);
#4279=AXIS2_PLACEMENT_3D('',#6059,#5051,#5052);
#4280=AXIS2_PLACEMENT_3D('',#6060,#5053,#5054);
#4281=AXIS2_PLACEMENT_3D('',#6061,#5055,#5056);
#4282=AXIS2_PLACEMENT_3D('',#6063,#5057,#5058);
#4283=AXIS2_PLACEMENT_3D('',#6065,#5059,#5060);
#4284=AXIS2_PLACEMENT_3D('',#6067,#5061,#5062);
#4285=AXIS2_PLACEMENT_3D('',#6077,#5067,#5068);
#4286=AXIS2_PLACEMENT_3D('',#6078,#5069,#5070);
#4287=AXIS2_PLACEMENT_3D('',#6080,#5071,#5072);
#4288=AXIS2_PLACEMENT_3D('',#6082,#5073,#5074);
#4289=AXIS2_PLACEMENT_3D('',#6085,#5076,#5077);
#4290=AXIS2_PLACEMENT_3D('',#6086,#5078,#5079);
#4291=AXIS2_PLACEMENT_3D('',#6087,#5080,#5081);
#4292=AXIS2_PLACEMENT_3D('',#6089,#5082,#5083);
#4293=AXIS2_PLACEMENT_3D('',#6091,#5084,#5085);
#4294=AXIS2_PLACEMENT_3D('',#6101,#5090,#5091);
#4295=AXIS2_PLACEMENT_3D('',#6110,#5096,#5097);
#4296=AXIS2_PLACEMENT_3D('',#6114,#5101,#5102);
#4297=AXIS2_PLACEMENT_3D('',#6116,#5104,#5105);
#4298=AXIS2_PLACEMENT_3D('',#6119,#5107,#5108);
#4299=AXIS2_PLACEMENT_3D('',#6120,#5109,#5110);
#4300=AXIS2_PLACEMENT_3D('',#6121,#5111,#5112);
#4301=AXIS2_PLACEMENT_3D('',#6123,#5113,#5114);
#4302=AXIS2_PLACEMENT_3D('',#6125,#5115,#5116);
#4303=AXIS2_PLACEMENT_3D('',#6127,#5118,#5119);
#4304=AXIS2_PLACEMENT_3D('',#6130,#5121,#5122);
#4305=AXIS2_PLACEMENT_3D('',#6131,#5123,#5124);
#4306=AXIS2_PLACEMENT_3D('',#6132,#5125,#5126);
#4307=AXIS2_PLACEMENT_3D('',#6134,#5127,#5128);
#4308=AXIS2_PLACEMENT_3D('',#6136,#5130,#5131);
#4309=AXIS2_PLACEMENT_3D('',#6138,#5133,#5134);
#4310=AXIS2_PLACEMENT_3D('',#6139,#5135,#5136);
#4311=AXIS2_PLACEMENT_3D('',#6141,#5137,#5138);
#4312=AXIS2_PLACEMENT_3D('',#6143,#5140,#5141);
#4313=AXIS2_PLACEMENT_3D('',#6145,#5143,#5144);
#4314=AXIS2_PLACEMENT_3D('',#6148,#5147,#5148);
#4315=AXIS2_PLACEMENT_3D('',#6149,#5149,#5150);
#4316=AXIS2_PLACEMENT_3D('',#6150,#5151,#5152);
#4317=AXIS2_PLACEMENT_3D('',#6151,#5153,#5154);
#4318=AXIS2_PLACEMENT_3D('',#6152,#5155,#5156);
#4319=AXIS2_PLACEMENT_3D('',#6154,#5157,#5158);
#4320=AXIS2_PLACEMENT_3D('',#6155,#5159,#5160);
#4321=AXIS2_PLACEMENT_3D('',#6158,#5161,#5162);
#4322=AXIS2_PLACEMENT_3D('',#6160,#5164,#5165);
#4323=AXIS2_PLACEMENT_3D('',#6163,#5167,#5168);
#4324=AXIS2_PLACEMENT_3D('',#6164,#5169,#5170);
#4325=AXIS2_PLACEMENT_3D('',#6167,#5172,#5173);
#4326=AXIS2_PLACEMENT_3D('',#6168,#5174,#5175);
#4327=AXIS2_PLACEMENT_3D('',#6240,#5179,#5180);
#4328=AXIS2_PLACEMENT_3D('',#6309,#5183,#5184);
#4329=AXIS2_PLACEMENT_3D('',#6381,#5188,#5189);
#4330=AXIS2_PLACEMENT_3D('',#6450,#5192,#5193);
#4331=AXIS2_PLACEMENT_3D('',#6516,#5195,#5196);
#4332=AXIS2_PLACEMENT_3D('',#6518,#5198,#5199);
#4333=AXIS2_PLACEMENT_3D('',#6583,#5200,#5201);
#4334=AXIS2_PLACEMENT_3D('',#6584,#5202,#5203);
#4335=AXIS2_PLACEMENT_3D('',#6585,#5204,#5205);
#4336=AXIS2_PLACEMENT_3D('',#6586,#5206,#5207);
#4337=AXIS2_PLACEMENT_3D('',#6587,#5208,#5209);
#4338=AXIS2_PLACEMENT_3D('',#6588,#5210,#5211);
#4339=AXIS2_PLACEMENT_3D('',#6589,#5212,#5213);
#4340=AXIS2_PLACEMENT_3D('',#6590,#5214,#5215);
#4341=AXIS2_PLACEMENT_3D('',#6591,#5216,#5217);
#4342=AXIS2_PLACEMENT_3D('',#6592,#5218,#5219);
#4343=AXIS2_PLACEMENT_3D('',#6593,#5220,#5221);
#4344=AXIS2_PLACEMENT_3D('',#6594,#5222,#5223);
#4345=AXIS2_PLACEMENT_3D('',#6598,#5225,#5226);
#4346=AXIS2_PLACEMENT_3D('',#6600,#5227,#5228);
#4347=AXIS2_PLACEMENT_3D('',#6601,#5229,#5230);
#4348=AXIS2_PLACEMENT_3D('',#6602,#5231,#5232);
#4349=AXIS2_PLACEMENT_3D('',#6603,#5233,#5234);
#4350=AXIS2_PLACEMENT_3D('',#6604,#5235,#5236);
#4351=AXIS2_PLACEMENT_3D('',#6605,#5237,#5238);
#4352=AXIS2_PLACEMENT_3D('',#6607,#5239,#5240);
#4353=AXIS2_PLACEMENT_3D('',#6608,#5241,#5242);
#4354=AXIS2_PLACEMENT_3D('',#6609,#5243,#5244);
#4355=AXIS2_PLACEMENT_3D('',#6610,#5245,#5246);
#4356=AXIS2_PLACEMENT_3D('',#6611,#5247,#5248);
#4357=AXIS2_PLACEMENT_3D('',#6612,#5249,#5250);
#4358=AXIS2_PLACEMENT_3D('',#6613,#5251,#5252);
#4359=AXIS2_PLACEMENT_3D('',#6615,#5253,#5254);
#4360=AXIS2_PLACEMENT_3D('',#6617,#5255,#5256);
#4361=AXIS2_PLACEMENT_3D('',#6618,#5257,#5258);
#4362=AXIS2_PLACEMENT_3D('',#6620,#5259,#5260);
#4363=AXIS2_PLACEMENT_3D('',#6622,#5261,#5262);
#4364=AXIS2_PLACEMENT_3D('',#6624,#5264,#5265);
#4365=AXIS2_PLACEMENT_3D('',#6626,#5267,#5268);
#4366=AXIS2_PLACEMENT_3D('',#6627,#5269,#5270);
#4367=AXIS2_PLACEMENT_3D('',#6628,#5271,#5272);
#4368=AXIS2_PLACEMENT_3D('',#6629,#5273,#5274);
#4369=AXIS2_PLACEMENT_3D('',#6630,#5275,#5276);
#4370=AXIS2_PLACEMENT_3D('',#6631,#5277,#5278);
#4371=AXIS2_PLACEMENT_3D('',#6632,#5279,#5280);
#4372=AXIS2_PLACEMENT_3D('',#6633,#5281,#5282);
#4373=AXIS2_PLACEMENT_3D('',#6637,#5284,#5285);
#4374=AXIS2_PLACEMENT_3D('',#6638,#5286,#5287);
#4375=AXIS2_PLACEMENT_3D('',#6639,#5288,#5289);
#4376=AXIS2_PLACEMENT_3D('',#6643,#5291,#5292);
#4377=AXIS2_PLACEMENT_3D('',#6644,#5293,#5294);
#4378=AXIS2_PLACEMENT_3D('',#6645,#5295,#5296);
#4379=AXIS2_PLACEMENT_3D('',#6649,#5298,#5299);
#4380=AXIS2_PLACEMENT_3D('',#6650,#5300,#5301);
#4381=AXIS2_PLACEMENT_3D('',#6651,#5302,#5303);
#4382=AXIS2_PLACEMENT_3D('',#6655,#5305,#5306);
#4383=AXIS2_PLACEMENT_3D('',#6656,#5307,#5308);
#4384=AXIS2_PLACEMENT_3D('',#6657,#5309,#5310);
#4385=AXIS2_PLACEMENT_3D('',#6661,#5312,#5313);
#4386=AXIS2_PLACEMENT_3D('',#6662,#5314,#5315);
#4387=AXIS2_PLACEMENT_3D('',#6663,#5316,#5317);
#4388=AXIS2_PLACEMENT_3D('',#6667,#5319,#5320);
#4389=AXIS2_PLACEMENT_3D('',#6668,#5321,#5322);
#4390=AXIS2_PLACEMENT_3D('',#6669,#5323,#5324);
#4391=AXIS2_PLACEMENT_3D('',#6673,#5326,#5327);
#4392=AXIS2_PLACEMENT_3D('',#6674,#5328,#5329);
#4393=AXIS2_PLACEMENT_3D('',#6675,#5330,#5331);
#4394=AXIS2_PLACEMENT_3D('',#6679,#5333,#5334);
#4395=AXIS2_PLACEMENT_3D('',#6680,#5335,#5336);
#4396=AXIS2_PLACEMENT_3D('',#6681,#5337,#5338);
#4397=AXIS2_PLACEMENT_3D('',#6685,#5340,#5341);
#4398=AXIS2_PLACEMENT_3D('',#6686,#5342,#5343);
#4399=AXIS2_PLACEMENT_3D('',#6687,#5344,#5345);
#4400=AXIS2_PLACEMENT_3D('',#6691,#5347,#5348);
#4401=AXIS2_PLACEMENT_3D('',#6692,#5349,#5350);
#4402=AXIS2_PLACEMENT_3D('',#6693,#5351,#5352);
#4403=AXIS2_PLACEMENT_3D('',#6697,#5354,#5355);
#4404=AXIS2_PLACEMENT_3D('',#6698,#5356,#5357);
#4405=AXIS2_PLACEMENT_3D('',#6699,#5358,#5359);
#4406=AXIS2_PLACEMENT_3D('',#6701,#5360,#5361);
#4407=AXIS2_PLACEMENT_3D('',#6702,#5362,#5363);
#4408=AXIS2_PLACEMENT_3D('',#6704,#5364,#5365);
#4409=AXIS2_PLACEMENT_3D('',#6705,#5366,#5367);
#4410=AXIS2_PLACEMENT_3D('',#6707,#5368,#5369);
#4411=AXIS2_PLACEMENT_3D('',#6708,#5370,#5371);
#4412=AXIS2_PLACEMENT_3D('',#6710,#5372,#5373);
#4413=AXIS2_PLACEMENT_3D('',#6711,#5374,#5375);
#4414=AXIS2_PLACEMENT_3D('',#6713,#5376,#5377);
#4415=AXIS2_PLACEMENT_3D('',#6714,#5378,#5379);
#4416=AXIS2_PLACEMENT_3D('',#6716,#5380,#5381);
#4417=AXIS2_PLACEMENT_3D('',#6717,#5382,#5383);
#4418=AXIS2_PLACEMENT_3D('',#6719,#5384,#5385);
#4419=AXIS2_PLACEMENT_3D('',#6720,#5386,#5387);
#4420=AXIS2_PLACEMENT_3D('',#6722,#5388,#5389);
#4421=AXIS2_PLACEMENT_3D('',#6723,#5390,#5391);
#4422=AXIS2_PLACEMENT_3D('',#6725,#5392,#5393);
#4423=AXIS2_PLACEMENT_3D('',#6726,#5394,#5395);
#4424=AXIS2_PLACEMENT_3D('',#6728,#5396,#5397);
#4425=AXIS2_PLACEMENT_3D('',#6729,#5398,#5399);
#4426=AXIS2_PLACEMENT_3D('',#6731,#5400,#5401);
#4427=AXIS2_PLACEMENT_3D('',#6732,#5402,#5403);
#4428=AXIS2_PLACEMENT_3D('',#6742,#5408,#5409);
#4429=AXIS2_PLACEMENT_3D('',#6748,#5413,#5414);
#4430=AXIS2_PLACEMENT_3D('',#6751,#5416,#5417);
#4431=AXIS2_PLACEMENT_3D('',#6752,#5418,#5419);
#4432=AXIS2_PLACEMENT_3D('',#6756,#5422,#5423);
#4433=AXIS2_PLACEMENT_3D('',#6760,#5426,#5427);
#4434=AXIS2_PLACEMENT_3D('',#6762,#5429,#5430);
#4435=AXIS2_PLACEMENT_3D('',#6765,#5432,#5433);
#4436=AXIS2_PLACEMENT_3D('',#6766,#5434,#5435);
#4437=AXIS2_PLACEMENT_3D('',#6769,#5437,#5438);
#4438=AXIS2_PLACEMENT_3D('',#6770,#5439,#5440);
#4439=AXIS2_PLACEMENT_3D('',#6773,#5442,#5443);
#4440=AXIS2_PLACEMENT_3D('',#6774,#5444,#5445);
#4441=AXIS2_PLACEMENT_3D('',#6777,#5447,#5448);
#4442=AXIS2_PLACEMENT_3D('',#6778,#5449,#5450);
#4443=AXIS2_PLACEMENT_3D('',#6781,#5452,#5453);
#4444=AXIS2_PLACEMENT_3D('',#6782,#5454,#5455);
#4445=AXIS2_PLACEMENT_3D('',#6785,#5457,#5458);
#4446=AXIS2_PLACEMENT_3D('',#6786,#5459,#5460);
#4447=AXIS2_PLACEMENT_3D('',#6789,#5462,#5463);
#4448=AXIS2_PLACEMENT_3D('',#6790,#5464,#5465);
#4449=AXIS2_PLACEMENT_3D('',#6793,#5467,#5468);
#4450=AXIS2_PLACEMENT_3D('',#6794,#5469,#5470);
#4451=AXIS2_PLACEMENT_3D('',#6797,#5472,#5473);
#4452=AXIS2_PLACEMENT_3D('',#6798,#5474,#5475);
#4453=AXIS2_PLACEMENT_3D('',#6801,#5477,#5478);
#4454=AXIS2_PLACEMENT_3D('',#6802,#5479,#5480);
#4455=AXIS2_PLACEMENT_3D('',#6805,#5482,#5483);
#4456=AXIS2_PLACEMENT_3D('',#6806,#5484,#5485);
#4457=AXIS2_PLACEMENT_3D('',#6807,#5486,#5487);
#4458=AXIS2_PLACEMENT_3D('',#6809,#5488,#5489);
#4459=AXIS2_PLACEMENT_3D('',#6810,#5490,#5491);
#4460=AXIS2_PLACEMENT_3D('',#6812,#5492,#5493);
#4461=AXIS2_PLACEMENT_3D('',#6814,#5495,#5496);
#4462=AXIS2_PLACEMENT_3D('',#6815,#5497,#5498);
#4463=DIRECTION('',(0.,0.,1.));
#4464=DIRECTION('',(1.,0.,0.));
#4465=DIRECTION('',(1.,0.,0.));
#4466=DIRECTION('',(0.,-8.49439749333216E-16,-1.));
#4467=DIRECTION('',(0.499999999999998,6.29578878034361E-16,0.86602540378444));
#4468=DIRECTION('',(-1.,2.9209124135582E-31,1.23259516440783E-31));
#4469=DIRECTION('',(-1.23259516440797E-31,-4.63241748379817E-14,-1.));
#4470=DIRECTION('',(1.,-2.9209124135582E-31,-1.23259516440783E-31));
#4471=DIRECTION('',(-1.23259516440783E-31,-8.49439749333216E-16,-1.));
#4472=DIRECTION('',(1.,-2.9209124135582E-31,-1.23259516440783E-31));
#4473=DIRECTION('',(1.,-2.9209124135582E-31,-1.23259516440783E-31));
#4474=DIRECTION('',(-1.23259516440783E-31,-8.49439749333216E-16,-1.));
#4475=DIRECTION('',(1.,0.,0.));
#4476=DIRECTION('',(0.,-1.,0.));
#4477=DIRECTION('',(1.,0.,0.));
#4478=DIRECTION('',(0.,-1.,0.));
#4479=DIRECTION('',(1.,0.,0.));
#4480=DIRECTION('',(0.,-1.,0.));
#4481=DIRECTION('',(0.707106781186538,0.707106781186557,8.65956056235505E-17));
#4482=DIRECTION('',(1.,0.,0.));
#4483=DIRECTION('',(0.,-1.,0.));
#4484=DIRECTION('',(1.,-2.9209124135582E-31,-1.23259516440783E-31));
#4485=DIRECTION('',(-1.23259516440783E-31,-8.49439749333216E-16,-1.));
#4486=DIRECTION('',(1.,-2.9209124135582E-31,-1.23259516440783E-31));
#4487=DIRECTION('',(1.,0.,0.));
#4488=DIRECTION('',(0.,-8.49439749333216E-16,-1.));
#4489=DIRECTION('',(0.499999999999998,6.29578878034361E-16,0.86602540378444));
#4490=DIRECTION('',(-1.,2.9209124135582E-31,1.23259516440783E-31));
#4491=DIRECTION('',(-1.23259516440793E-31,-3.4955491065818E-14,-1.));
#4492=DIRECTION('',(1.,-2.9209124135582E-31,-1.23259516440783E-31));
#4493=DIRECTION('',(-1.23259516440783E-31,-8.49439749333216E-16,-1.));
#4494=DIRECTION('',(1.,-2.9209124135582E-31,-1.23259516440783E-31));
#4495=DIRECTION('',(1.,-2.9209124135582E-31,-1.23259516440783E-31));
#4496=DIRECTION('',(-1.23259516440783E-31,-8.49439749333216E-16,-1.));
#4497=DIRECTION('',(1.,0.,0.));
#4498=DIRECTION('',(0.,-1.,0.));
#4499=DIRECTION('',(1.,0.,0.));
#4500=DIRECTION('',(0.,-1.,0.));
#4501=DIRECTION('',(1.,0.,0.));
#4502=DIRECTION('',(0.,-1.,0.));
#4503=DIRECTION('',(0.707106781186575,0.70710678118652,8.65956056235459E-17));
#4504=DIRECTION('',(1.,0.,0.));
#4505=DIRECTION('',(0.,-1.,0.));
#4506=DIRECTION('',(1.,-2.9209124135582E-31,-1.23259516440783E-31));
#4507=DIRECTION('',(-1.23259516440783E-31,-8.49439749333216E-16,-1.));
#4508=DIRECTION('',(1.,-2.9209124135582E-31,-1.23259516440783E-31));
#4509=DIRECTION('',(1.,0.,0.));
#4510=DIRECTION('',(0.,-8.49439749333216E-16,-1.));
#4511=DIRECTION('',(0.499999999999998,6.29578878034361E-16,0.86602540378444));
#4512=DIRECTION('',(-1.,2.9209124135582E-31,1.23259516440783E-31));
#4513=DIRECTION('',(-1.23259516440793E-31,-3.4955491065818E-14,-1.));
#4514=DIRECTION('',(1.,-2.9209124135582E-31,-1.23259516440783E-31));
#4515=DIRECTION('',(-1.23259516440783E-31,-8.49439749333216E-16,-1.));
#4516=DIRECTION('',(1.,-2.9209124135582E-31,-1.23259516440783E-31));
#4517=DIRECTION('',(1.,-2.9209124135582E-31,-1.23259516440783E-31));
#4518=DIRECTION('',(-1.23259516440783E-31,-8.49439749333216E-16,-1.));
#4519=DIRECTION('',(1.,0.,0.));
#4520=DIRECTION('',(0.,-1.,0.));
#4521=DIRECTION('',(1.,0.,0.));
#4522=DIRECTION('',(0.,-1.,0.));
#4523=DIRECTION('',(1.,0.,0.));
#4524=DIRECTION('',(0.,-1.,0.));
#4525=DIRECTION('',(0.707106781186575,0.70710678118652,8.65956056235459E-17));
#4526=DIRECTION('',(1.,0.,0.));
#4527=DIRECTION('',(0.,-1.,0.));
#4528=DIRECTION('',(1.,-2.9209124135582E-31,-1.23259516440783E-31));
#4529=DIRECTION('',(-1.23259516440783E-31,-8.49439749333216E-16,-1.));
#4530=DIRECTION('',(1.,-2.9209124135582E-31,-1.23259516440783E-31));
#4531=DIRECTION('',(-1.,0.,0.));
#4532=DIRECTION('',(0.,1.17756934401284E-16,1.));
#4533=DIRECTION('',(-0.499999999999998,-2.08038020535781E-16,-0.86602540378444));
#4534=DIRECTION('',(1.,-4.56684252574365E-32,0.));
#4535=DIRECTION('',(-1.55219188161593E-45,-3.39882943820835E-14,1.));
#4536=DIRECTION('',(-1.,4.56684252574365E-32,0.));
#4537=DIRECTION('',(5.37777375724989E-48,1.17756934401284E-16,1.));
#4538=DIRECTION('',(-1.,4.56684252574365E-32,0.));
#4539=DIRECTION('',(-1.,4.56684252574365E-32,0.));
#4540=DIRECTION('',(5.37777375724989E-48,1.17756934401284E-16,1.));
#4541=DIRECTION('',(-1.,0.,0.));
#4542=DIRECTION('',(0.,1.,0.));
#4543=DIRECTION('',(-1.,0.,0.));
#4544=DIRECTION('',(0.,1.,0.));
#4545=DIRECTION('',(-0.707106781186575,-0.70710678118652,8.65956056235459E-17));
#4546=DIRECTION('',(-1.,0.,0.));
#4547=DIRECTION('',(0.,1.,0.));
#4548=DIRECTION('',(-1.,0.,0.));
#4549=DIRECTION('',(0.,1.,0.));
#4550=DIRECTION('',(-1.,4.56684252574365E-32,0.));
#4551=DIRECTION('',(5.37777375724989E-48,1.17756934401284E-16,1.));
#4552=DIRECTION('',(-1.,4.56684252574365E-32,0.));
#4553=DIRECTION('',(-1.,0.,0.));
#4554=DIRECTION('',(0.,1.17756934401284E-16,1.));
#4555=DIRECTION('',(-0.499999999999998,-2.08038020535781E-16,-0.86602540378444));
#4556=DIRECTION('',(1.,-4.56684252574365E-32,0.));
#4557=DIRECTION('',(-1.55219188161593E-45,-3.39882943820835E-14,1.));
#4558=DIRECTION('',(-1.,4.56684252574365E-32,0.));
#4559=DIRECTION('',(5.37777375724989E-48,1.17756934401284E-16,1.));
#4560=DIRECTION('',(-1.,4.56684252574365E-32,0.));
#4561=DIRECTION('',(-1.,4.56684252574365E-32,0.));
#4562=DIRECTION('',(5.37777375724989E-48,1.17756934401284E-16,1.));
#4563=DIRECTION('',(-1.,0.,0.));
#4564=DIRECTION('',(0.,1.,0.));
#4565=DIRECTION('',(-1.,0.,0.));
#4566=DIRECTION('',(0.,1.,0.));
#4567=DIRECTION('',(-0.707106781186575,-0.70710678118652,8.65956056235459E-17));
#4568=DIRECTION('',(-1.,0.,0.));
#4569=DIRECTION('',(0.,1.,0.));
#4570=DIRECTION('',(-1.,0.,0.));
#4571=DIRECTION('',(0.,1.,0.));
#4572=DIRECTION('',(-1.,4.56684252574365E-32,0.));
#4573=DIRECTION('',(5.37777375724989E-48,1.17756934401284E-16,1.));
#4574=DIRECTION('',(-1.,4.56684252574365E-32,0.));
#4575=DIRECTION('',(-1.,0.,0.));
#4576=DIRECTION('',(0.,1.17756934401284E-16,1.));
#4577=DIRECTION('',(-0.499999999999998,-2.08038020535781E-16,-0.86602540378444));
#4578=DIRECTION('',(1.,-4.56684252574365E-32,0.));
#4579=DIRECTION('',(-5.13812111367143E-46,-1.12509268377603E-14,1.));
#4580=DIRECTION('',(-1.,4.56684252574365E-32,0.));
#4581=DIRECTION('',(5.37777375724989E-48,1.17756934401284E-16,1.));
#4582=DIRECTION('',(-1.,4.56684252574365E-32,0.));
#4583=DIRECTION('',(-1.,4.56684252574365E-32,0.));
#4584=DIRECTION('',(5.37777375724989E-48,1.17756934401284E-16,1.));
#4585=DIRECTION('',(-1.,0.,0.));
#4586=DIRECTION('',(0.,1.,0.));
#4587=DIRECTION('',(-1.,0.,0.));
#4588=DIRECTION('',(0.,1.,0.));
#4589=DIRECTION('',(-0.707106781186538,-0.707106781186557,8.65956056235505E-17));
#4590=DIRECTION('',(-1.,0.,0.));
#4591=DIRECTION('',(0.,1.,0.));
#4592=DIRECTION('',(-1.,0.,0.));
#4593=DIRECTION('',(0.,1.,0.));
#4594=DIRECTION('',(-1.,4.56684252574365E-32,0.));
#4595=DIRECTION('',(5.37777375724989E-48,1.17756934401284E-16,1.));
#4596=DIRECTION('',(-1.,4.56684252574365E-32,0.));
#4597=DIRECTION('',(0.,0.,-1.));
#4598=DIRECTION('',(-1.,0.,0.));
#4599=DIRECTION('',(0.,0.,-1.));
#4600=DIRECTION('',(-1.,0.,0.));
#4601=DIRECTION('',(0.86602540378444,-1.06057523872491E-16,-0.499999999999998));
#4602=DIRECTION('',(0.,0.,-1.));
#4603=DIRECTION('',(-1.,0.,0.));
#4604=DIRECTION('',(0.,0.,-1.));
#4605=DIRECTION('',(-1.,0.,0.));
#4606=DIRECTION('',(0.,0.,1.));
#4607=DIRECTION('',(-0.707106781186549,0.707106781186546,0.));
#4608=DIRECTION('',(0.606108810937832,-0.60610881093783,0.515038074910058));
#4609=DIRECTION('',(-1.4791141972894E-31,4.93038065763132E-32,-1.));
#4610=DIRECTION('',(-0.707106781186546,-0.707106781186549,6.97261119368419E-32));
#4611=DIRECTION('',(0.,0.,-1.));
#4612=DIRECTION('',(0.707106781186549,-0.707106781186546,0.));
#4613=DIRECTION('',(-0.606108810937832,0.606108810937829,-0.515038074910058));
#4614=DIRECTION('',(1.23259516440783E-32,-1.23259516440783E-32,1.));
#4615=DIRECTION('',(-0.707106781186558,-0.707106781186537,2.58638095466202E-46));
#4616=DIRECTION('',(1.4791141972894E-31,-4.93038065763132E-32,1.));
#4617=DIRECTION('',(-0.707106781186549,0.707106781186546,1.39452223873684E-31));
#4618=DIRECTION('',(1.4791141972894E-31,-4.93038065763132E-32,1.));
#4619=DIRECTION('',(-0.707106781186549,0.707106781186546,1.39452223873684E-31));
#4620=DIRECTION('',(1.4791141972894E-31,-4.93038065763132E-32,1.));
#4621=DIRECTION('',(0.,0.,1.));
#4622=DIRECTION('',(1.,0.,0.));
#4623=DIRECTION('',(0.,0.,1.));
#4624=DIRECTION('',(1.,0.,0.));
#4625=DIRECTION('',(-1.23259516440783E-32,1.23259516440783E-32,-1.));
#4626=DIRECTION('',(0.707106781186549,-0.707106781186546,-1.74315279842105E-32));
#4627=DIRECTION('',(1.23259516440783E-32,-1.23259516440783E-32,1.));
#4628=DIRECTION('',(-0.707106781186526,-0.707106781186569,-5.29592290716508E-46));
#4629=DIRECTION('',(-1.23259516440783E-32,1.23259516440783E-32,-1.));
#4630=DIRECTION('',(-1.23259516440783E-32,1.23259516440783E-32,-1.));
#4631=DIRECTION('',(0.707106781186549,-0.707106781186546,-1.74315279842105E-32));
#4632=DIRECTION('',(0.,0.,1.));
#4633=DIRECTION('',(1.,0.,0.));
#4634=DIRECTION('',(0.,0.,1.));
#4635=DIRECTION('',(1.,0.,0.));
#4636=DIRECTION('',(-0.866025403784435,-1.0605752387249E-16,0.500000000000007));
#4637=DIRECTION('',(0.,0.,1.));
#4638=DIRECTION('',(1.,0.,0.));
#4639=DIRECTION('',(0.,0.,1.));
#4640=DIRECTION('',(1.,0.,0.));
#4641=DIRECTION('',(0.,0.,1.));
#4642=DIRECTION('',(1.,0.,0.));
#4643=DIRECTION('',(-0.86602540378444,-1.06057523872491E-16,0.499999999999998));
#4644=DIRECTION('',(0.,0.,1.));
#4645=DIRECTION('',(1.,0.,0.));
#4646=DIRECTION('',(1.4791141972894E-31,-4.93038065763132E-32,1.));
#4647=DIRECTION('',(-0.707106781186549,0.707106781186546,1.39452223873684E-31));
#4648=DIRECTION('',(1.4791141972894E-31,-4.93038065763132E-32,1.));
#4649=DIRECTION('',(0.,0.,-1.));
#4650=DIRECTION('',(0.707106781186549,-0.707106781186546,0.));
#4651=DIRECTION('',(-0.606108810937832,0.606108810937829,-0.515038074910058));
#4652=DIRECTION('',(1.4791141972894E-31,-4.93038065763132E-32,1.));
#4653=DIRECTION('',(-0.707106781186549,0.707106781186546,1.39452223873684E-31));
#4654=DIRECTION('',(-1.4791141972894E-31,4.93038065763132E-32,-1.));
#4655=DIRECTION('',(-0.707106781186543,-0.707106781186552,6.97261119368413E-32));
#4656=DIRECTION('',(1.4791141972894E-31,-4.93038065763132E-32,1.));
#4657=DIRECTION('',(1.4791141972894E-31,-4.93038065763132E-32,1.));
#4658=DIRECTION('',(-0.707106781186549,0.707106781186546,1.39452223873684E-31));
#4659=DIRECTION('',(0.,0.,1.));
#4660=DIRECTION('',(-0.707106781186549,0.707106781186546,0.));
#4661=DIRECTION('',(0.606108810937832,-0.60610881093783,0.515038074910058));
#4662=DIRECTION('',(-1.23259516440783E-32,1.23259516440783E-32,-1.));
#4663=DIRECTION('',(0.707106781186549,-0.707106781186546,-1.74315279842105E-32));
#4664=DIRECTION('',(-1.23259516440783E-32,1.23259516440783E-32,-1.));
#4665=DIRECTION('',(0.707106781186549,-0.707106781186546,-1.74315279842105E-32));
#4666=DIRECTION('',(-1.23259516440783E-32,1.23259516440783E-32,-1.));
#4667=DIRECTION('',(0.,0.,-1.));
#4668=DIRECTION('',(-1.,0.,0.));
#4669=DIRECTION('',(0.,0.,-1.));
#4670=DIRECTION('',(-1.,0.,0.));
#4671=DIRECTION('',(0.86602540378444,-1.06057523872491E-16,-0.499999999999998));
#4672=DIRECTION('',(0.,0.,-1.));
#4673=DIRECTION('',(-1.,0.,0.));
#4674=DIRECTION('',(0.,0.,-1.));
#4675=DIRECTION('',(-1.,0.,0.));
#4676=DIRECTION('',(-1.23259516440783E-32,1.23259516440783E-32,-1.));
#4677=DIRECTION('',(0.707106781186549,-0.707106781186546,-1.74315279842105E-32));
#4678=DIRECTION('',(-1.23259516440783E-32,1.23259516440783E-32,-1.));
#4679=DIRECTION('',(-7.54227598250786E-16,1.,0.));
#4680=DIRECTION('',(-1.,-7.54227598250786E-16,0.));
#4681=DIRECTION('',(-7.54227598250786E-16,1.,0.));
#4682=DIRECTION('',(-1.,-7.54227598250786E-16,0.));
#4683=DIRECTION('',(-7.54227598250786E-16,1.,0.));
#4684=DIRECTION('',(-7.54227598250786E-16,1.,0.));
#4685=DIRECTION('',(-1.,-7.54227598250786E-16,0.));
#4686=DIRECTION('',(-7.54227598250786E-16,1.,0.));
#4687=DIRECTION('',(-1.,-7.54227598250786E-16,0.));
#4688=DIRECTION('',(-7.54227598250786E-16,1.,0.));
#4689=DIRECTION('',(-1.,-7.54227598250786E-16,0.));
#4690=DIRECTION('',(-7.54227598250786E-16,1.,0.));
#4691=DIRECTION('',(-7.54227598250786E-16,1.,0.));
#4692=DIRECTION('',(-1.,-7.54227598250786E-16,0.));
#4693=DIRECTION('',(0.,-1.,0.));
#4694=DIRECTION('',(0.,0.,-1.));
#4695=DIRECTION('',(0.,0.,-1.));
#4696=DIRECTION('',(1.,0.,0.));
#4697=DIRECTION('',(0.,0.,-1.));
#4698=DIRECTION('',(1.,0.,0.));
#4699=DIRECTION('',(-7.54227598250786E-16,1.,0.));
#4700=DIRECTION('',(-1.,-7.54227598250786E-16,0.));
#4701=DIRECTION('',(-7.54227598250786E-16,1.,0.));
#4702=DIRECTION('',(-1.,-7.54227598250786E-16,0.));
#4703=DIRECTION('',(-7.54227598250786E-16,1.,0.));
#4704=DIRECTION('',(-7.54227598250786E-16,1.,0.));
#4705=DIRECTION('',(-1.,-7.54227598250786E-16,0.));
#4706=DIRECTION('',(-7.54227598250786E-16,1.,0.));
#4707=DIRECTION('',(-1.,-7.54227598250786E-16,0.));
#4708=DIRECTION('',(-7.54227598250786E-16,1.,0.));
#4709=DIRECTION('',(-1.,-7.54227598250786E-16,0.));
#4710=DIRECTION('',(-7.54227598250786E-16,1.,0.));
#4711=DIRECTION('',(-7.54227598250786E-16,1.,0.));
#4712=DIRECTION('',(-1.,-7.54227598250786E-16,0.));
#4713=DIRECTION('',(-7.54227598250786E-16,1.,0.));
#4714=DIRECTION('',(-1.,-7.54227598250786E-16,0.));
#4715=DIRECTION('',(-7.54227598250786E-16,1.,0.));
#4716=DIRECTION('',(-1.,-7.54227598250786E-16,0.));
#4717=DIRECTION('',(-7.54227598250786E-16,1.,0.));
#4718=DIRECTION('',(-7.54227598250786E-16,1.,0.));
#4719=DIRECTION('',(-1.,-7.54227598250786E-16,0.));
#4720=DIRECTION('',(-7.54227598250786E-16,1.,0.));
#4721=DIRECTION('',(-1.,-7.54227598250786E-16,0.));
#4722=DIRECTION('',(-7.54227598250786E-16,1.,0.));
#4723=DIRECTION('',(-1.,-7.54227598250786E-16,0.));
#4724=DIRECTION('',(-7.54227598250786E-16,1.,0.));
#4725=DIRECTION('',(-7.54227598250786E-16,1.,0.));
#4726=DIRECTION('',(-1.,-7.54227598250786E-16,0.));
#4727=DIRECTION('',(-7.54227598250786E-16,1.,0.));
#4728=DIRECTION('',(-1.,-7.54227598250786E-16,0.));
#4729=DIRECTION('',(-7.54227598250786E-16,1.,0.));
#4730=DIRECTION('',(-1.,-7.54227598250786E-16,0.));
#4731=DIRECTION('',(-7.54227598250786E-16,1.,0.));
#4732=DIRECTION('',(-7.54227598250786E-16,1.,0.));
#4733=DIRECTION('',(-1.,-7.54227598250786E-16,0.));
#4734=DIRECTION('',(-7.54227598250786E-16,1.,0.));
#4735=DIRECTION('',(-1.,-7.54227598250786E-16,0.));
#4736=DIRECTION('',(-7.54227598250786E-16,1.,0.));
#4737=DIRECTION('',(-1.,-7.54227598250786E-16,0.));
#4738=DIRECTION('',(-7.54227598250786E-16,1.,0.));
#4739=DIRECTION('',(-7.54227598250786E-16,1.,0.));
#4740=DIRECTION('',(-1.,-7.54227598250786E-16,0.));
#4741=DIRECTION('',(-7.54227598250786E-16,1.,0.));
#4742=DIRECTION('',(-1.,-7.54227598250786E-16,0.));
#4743=DIRECTION('',(-7.54227598250786E-16,1.,0.));
#4744=DIRECTION('',(-1.,-7.54227598250786E-16,0.));
#4745=DIRECTION('',(-7.54227598250786E-16,1.,0.));
#4746=DIRECTION('',(-7.54227598250786E-16,1.,0.));
#4747=DIRECTION('',(-1.,-7.54227598250786E-16,0.));
#4748=DIRECTION('',(-7.54227598250786E-16,1.,0.));
#4749=DIRECTION('',(-1.,-7.54227598250786E-16,0.));
#4750=DIRECTION('',(-7.54227598250786E-16,1.,0.));
#4751=DIRECTION('',(-1.,-7.54227598250786E-16,0.));
#4752=DIRECTION('',(-7.54227598250786E-16,1.,0.));
#4753=DIRECTION('',(-7.54227598250786E-16,1.,0.));
#4754=DIRECTION('',(-1.,-7.54227598250786E-16,0.));
#4755=DIRECTION('',(-1.23259516440783E-32,1.23259516440783E-32,-1.));
#4756=DIRECTION('',(0.707106781186549,-0.707106781186546,-1.74315279842105E-32));
#4757=DIRECTION('',(-1.23259516440783E-32,1.23259516440783E-32,-1.));
#4758=DIRECTION('',(2.10269512239613E-16,-1.,0.));
#4759=DIRECTION('',(1.,2.10269512239613E-16,0.));
#4760=DIRECTION('',(0.,0.,-1.));
#4761=DIRECTION('',(1.,2.10269512239613E-16,0.));
#4762=DIRECTION('',(0.,0.,-1.));
#4763=DIRECTION('',(1.,2.10269512239613E-16,0.));
#4764=DIRECTION('',(-7.54227598250786E-16,1.,0.));
#4765=DIRECTION('',(-1.,-7.54227598250786E-16,0.));
#4766=DIRECTION('',(-7.54227598250786E-16,1.,0.));
#4767=DIRECTION('',(-1.,-7.54227598250786E-16,0.));
#4768=DIRECTION('',(-7.54227598250786E-16,1.,0.));
#4769=DIRECTION('',(-7.54227598250786E-16,1.,0.));
#4770=DIRECTION('',(-1.,-7.54227598250786E-16,0.));
#4771=DIRECTION('',(-1.,0.,0.));
#4772=DIRECTION('',(0.,0.,1.));
#4773=DIRECTION('',(0.,0.,-1.));
#4774=DIRECTION('',(0.,-1.,0.));
#4775=DIRECTION('',(0.,-1.,0.));
#4776=DIRECTION('',(-1.,0.,0.));
#4777=DIRECTION('',(0.,0.,1.));
#4778=DIRECTION('',(0.,-1.,0.));
#4779=DIRECTION('',(0.,0.,-1.));
#4780=DIRECTION('',(0.,-1.,0.));
#4781=DIRECTION('',(1.4791141972894E-31,-4.93038065763132E-32,1.));
#4782=DIRECTION('',(-0.707106781186549,0.707106781186546,1.39452223873684E-31));
#4783=DIRECTION('',(1.4791141972894E-31,-4.93038065763132E-32,1.));
#4784=DIRECTION('',(-7.54227598250786E-16,1.,0.));
#4785=DIRECTION('',(-1.,-7.54227598250786E-16,0.));
#4786=DIRECTION('',(-7.54227598250786E-16,1.,0.));
#4787=DIRECTION('',(-1.,-7.54227598250786E-16,0.));
#4788=DIRECTION('',(-7.54227598250786E-16,1.,0.));
#4789=DIRECTION('',(-1.,-7.54227598250786E-16,0.));
#4790=DIRECTION('',(-7.54227598250786E-16,1.,0.));
#4791=DIRECTION('',(-1.,-7.54227598250786E-16,0.));
#4792=DIRECTION('',(-7.54227598250786E-16,1.,0.));
#4793=DIRECTION('',(-1.,-7.54227598250786E-16,0.));
#4794=DIRECTION('',(-7.54227598250786E-16,1.,0.));
#4795=DIRECTION('',(-1.,-7.54227598250786E-16,0.));
#4796=DIRECTION('',(-7.54227598250786E-16,1.,0.));
#4797=DIRECTION('',(-1.,-7.54227598250786E-16,0.));
#4798=DIRECTION('',(-7.54227598250786E-16,1.,0.));
#4799=DIRECTION('',(-1.,-7.54227598250786E-16,0.));
#4800=DIRECTION('',(-7.54227598250786E-16,1.,0.));
#4801=DIRECTION('',(-1.,-7.54227598250786E-16,0.));
#4802=DIRECTION('',(-7.54227598250786E-16,1.,0.));
#4803=DIRECTION('',(-1.,-7.54227598250786E-16,0.));
#4804=DIRECTION('',(-7.54227598250786E-16,1.,0.));
#4805=DIRECTION('',(-1.,-7.54227598250786E-16,0.));
#4806=DIRECTION('',(-7.54227598250786E-16,1.,0.));
#4807=DIRECTION('',(-1.,-7.54227598250786E-16,0.));
#4808=DIRECTION('',(0.,0.,-1.));
#4809=DIRECTION('',(-1.,-7.54227598250786E-16,0.));
#4810=DIRECTION('',(-1.,-7.54227598250786E-16,0.));
#4811=DIRECTION('',(-7.54227598250786E-16,1.,0.));
#4812=DIRECTION('',(-1.,-7.54227598250786E-16,0.));
#4813=DIRECTION('',(-7.54227598250786E-16,1.,0.));
#4814=DIRECTION('',(-1.,-7.54227598250786E-16,0.));
#4815=DIRECTION('',(-7.54227598250786E-16,1.,0.));
#4816=DIRECTION('',(-7.54227598250786E-16,1.,0.));
#4817=DIRECTION('',(-1.,-7.54227598250786E-16,0.));
#4818=DIRECTION('',(-7.54227598250786E-16,1.,0.));
#4819=DIRECTION('',(-1.,-7.54227598250786E-16,0.));
#4820=DIRECTION('',(-7.54227598250786E-16,1.,0.));
#4821=DIRECTION('',(-7.54227598250786E-16,1.,0.));
#4822=DIRECTION('',(-1.,-7.54227598250786E-16,0.));
#4823=DIRECTION('',(1.,0.,0.));
#4824=DIRECTION('',(0.,0.,-1.));
#4825=DIRECTION('',(0.,0.,-1.));
#4826=DIRECTION('',(0.,1.,0.));
#4827=DIRECTION('',(0.,1.,0.));
#4828=DIRECTION('',(-7.54227598250786E-16,1.,0.));
#4829=DIRECTION('',(-1.,-7.54227598250786E-16,0.));
#4830=DIRECTION('',(-7.54227598250786E-16,1.,0.));
#4831=DIRECTION('',(-1.,-7.54227598250786E-16,0.));
#4832=DIRECTION('',(-7.54227598250786E-16,1.,0.));
#4833=DIRECTION('',(2.10269512239613E-16,1.,0.));
#4834=DIRECTION('',(-1.,2.10269512239613E-16,0.));
#4835=DIRECTION('',(0.,0.,1.));
#4836=DIRECTION('',(-1.,2.10269512239613E-16,0.));
#4837=DIRECTION('',(0.,0.,-1.));
#4838=DIRECTION('',(-1.,2.10269512239613E-16,0.));
#4839=DIRECTION('',(0.,0.,-1.));
#4840=DIRECTION('',(-1.,0.,0.));
#4841=DIRECTION('',(-1.,0.,0.));
#4842=DIRECTION('',(0.,1.,0.));
#4843=DIRECTION('',(0.,1.,0.));
#4844=DIRECTION('',(1.,-7.54227598250786E-16,0.));
#4845=DIRECTION('',(0.,-1.,0.));
#4846=DIRECTION('',(-7.54227598250786E-16,1.,0.));
#4847=DIRECTION('',(-1.,-7.54227598250786E-16,0.));
#4848=DIRECTION('',(-7.54227598250786E-16,1.,0.));
#4849=DIRECTION('',(-1.,-7.54227598250786E-16,0.));
#4850=DIRECTION('',(-7.54227598250786E-16,1.,0.));
#4851=DIRECTION('',(-1.,0.,0.));
#4852=DIRECTION('',(0.,0.,1.));
#4853=DIRECTION('',(0.,-1.,0.));
#4854=DIRECTION('',(0.,0.,-1.));
#4855=DIRECTION('',(-1.,0.,0.));
#4856=DIRECTION('',(0.,0.,1.));
#4857=DIRECTION('',(0.,0.,1.));
#4858=DIRECTION('',(0.,1.,0.));
#4859=DIRECTION('',(-7.54227598250786E-16,1.,0.));
#4860=DIRECTION('',(-1.,-7.54227598250786E-16,0.));
#4861=DIRECTION('',(-7.54227598250786E-16,1.,0.));
#4862=DIRECTION('',(-1.,-7.54227598250786E-16,0.));
#4863=DIRECTION('',(-7.54227598250786E-16,1.,0.));
#4864=DIRECTION('',(-7.54227598250786E-16,1.,0.));
#4865=DIRECTION('',(-1.,-7.54227598250786E-16,0.));
#4866=DIRECTION('',(-7.54227598250786E-16,1.,0.));
#4867=DIRECTION('',(-1.,-7.54227598250786E-16,0.));
#4868=DIRECTION('',(-7.54227598250786E-16,1.,0.));
#4869=DIRECTION('',(0.,1.,0.));
#4870=DIRECTION('',(0.,0.,1.));
#4871=DIRECTION('',(-7.54227598250786E-16,1.,0.));
#4872=DIRECTION('',(-1.,-7.54227598250786E-16,0.));
#4873=DIRECTION('',(-7.54227598250786E-16,1.,0.));
#4874=DIRECTION('',(-1.,-7.54227598250786E-16,0.));
#4875=DIRECTION('',(-7.54227598250786E-16,1.,0.));
#4876=DIRECTION('',(-1.,-7.54227598250786E-16,0.));
#4877=DIRECTION('',(-7.54227598250786E-16,1.,0.));
#4878=DIRECTION('',(-1.,-7.54227598250786E-16,0.));
#4879=DIRECTION('',(-7.54227598250786E-16,1.,0.));
#4880=DIRECTION('',(-1.,-7.54227598250786E-16,0.));
#4881=DIRECTION('',(-7.54227598250786E-16,1.,0.));
#4882=DIRECTION('',(-1.,-7.54227598250786E-16,0.));
#4883=DIRECTION('',(-7.54227598250786E-16,1.,0.));
#4884=DIRECTION('',(-1.,-7.54227598250786E-16,0.));
#4885=DIRECTION('',(-1.,0.,0.));
#4886=DIRECTION('',(-7.54227598250786E-16,1.,0.));
#4887=DIRECTION('',(-1.,-7.54227598250786E-16,0.));
#4888=DIRECTION('',(-7.54227598250786E-16,1.,0.));
#4889=DIRECTION('',(-7.54227598250786E-16,1.,0.));
#4890=DIRECTION('',(-1.,-7.54227598250786E-16,0.));
#4891=DIRECTION('',(-7.54227598250786E-16,1.,0.));
#4892=DIRECTION('',(-7.54227598250786E-16,1.,0.));
#4893=DIRECTION('',(-1.,-7.54227598250786E-16,0.));
#4894=DIRECTION('',(-7.54227598250786E-16,1.,0.));
#4895=DIRECTION('',(-7.54227598250786E-16,1.,0.));
#4896=DIRECTION('',(-1.,-7.54227598250786E-16,0.));
#4897=DIRECTION('',(-7.54227598250786E-16,1.,0.));
#4898=DIRECTION('',(-7.54227598250786E-16,1.,0.));
#4899=DIRECTION('',(-1.,-7.54227598250786E-16,0.));
#4900=DIRECTION('',(-7.54227598250786E-16,1.,0.));
#4901=DIRECTION('',(1.,0.,0.));
#4902=DIRECTION('',(0.,0.,-1.));
#4903=DIRECTION('',(0.,1.,0.));
#4904=DIRECTION('',(-7.54227598250786E-16,1.,0.));
#4905=DIRECTION('',(-1.,-7.54227598250786E-16,0.));
#4906=DIRECTION('',(-7.54227598250786E-16,1.,0.));
#4907=DIRECTION('',(-7.54227598250786E-16,1.,0.));
#4908=DIRECTION('',(-1.,-7.54227598250786E-16,0.));
#4909=DIRECTION('',(-7.54227598250786E-16,-1.,0.));
#4910=DIRECTION('',(1.,-7.54227598250786E-16,0.));
#4911=DIRECTION('',(1.,-7.54227598250786E-16,0.));
#4912=DIRECTION('',(0.,0.,-1.));
#4913=DIRECTION('',(-1.,0.,0.));
#4914=DIRECTION('',(-7.54227598250786E-16,1.,0.));
#4915=DIRECTION('',(-1.,-7.54227598250786E-16,0.));
#4916=DIRECTION('',(-7.54227598250786E-16,1.,0.));
#4917=DIRECTION('',(0.,0.,1.));
#4918=DIRECTION('',(1.,0.,0.));
#4919=DIRECTION('',(1.,0.,0.));
#4920=DIRECTION('',(0.,-1.17756934401284E-16,-1.));
#4921=DIRECTION('',(0.499999999999998,-4.07702720920107E-18,0.86602540378444));
#4922=DIRECTION('',(-1.,4.04922999830496E-32,0.));
#4923=DIRECTION('',(-9.25456556542493E-46,-2.28551244787255E-14,-1.));
#4924=DIRECTION('',(1.,-4.04922999830496E-32,0.));
#4925=DIRECTION('',(-4.76824911286109E-48,-1.17756934401284E-16,-1.));
#4926=DIRECTION('',(1.,-4.04922999830496E-32,0.));
#4927=DIRECTION('',(1.,-4.04922999830495E-32,0.));
#4928=DIRECTION('',(-4.76824911286107E-48,-1.17756934401284E-16,-1.));
#4929=DIRECTION('',(1.,0.,0.));
#4930=DIRECTION('',(0.,-1.,0.));
#4931=DIRECTION('',(1.,0.,0.));
#4932=DIRECTION('',(0.,-1.,0.));
#4933=DIRECTION('',(1.,0.,0.));
#4934=DIRECTION('',(0.,-1.,0.));
#4935=DIRECTION('',(0.707106781186548,0.707106781186547,8.65956056235493E-17));
#4936=DIRECTION('',(1.,0.,0.));
#4937=DIRECTION('',(0.,-1.,0.));
#4938=DIRECTION('',(1.,-4.04922999830496E-32,0.));
#4939=DIRECTION('',(-4.76824911286109E-48,-1.17756934401284E-16,-1.));
#4940=DIRECTION('',(1.,-4.04922999830496E-32,0.));
#4941=DIRECTION('',(-1.,0.,0.));
#4942=DIRECTION('',(0.,1.,0.));
#4943=DIRECTION('',(-1.,0.,0.));
#4944=DIRECTION('',(0.,1.,0.));
#4945=DIRECTION('',(-0.707106781186548,-0.707106781186547,8.65956056235493E-17));
#4946=DIRECTION('',(-1.,0.,0.));
#4947=DIRECTION('',(0.,1.,0.));
#4948=DIRECTION('',(-1.,0.,0.));
#4949=DIRECTION('',(0.,1.,0.));
#4950=DIRECTION('',(-1.,1.28130074311155E-31,9.86076131526265E-32));
#4951=DIRECTION('',(9.86076131526265E-32,2.74766180269661E-16,1.));
#4952=DIRECTION('',(-1.,1.28130074311155E-31,9.86076131526265E-32));
#4953=DIRECTION('',(9.86076131526265E-32,2.74766180269661E-16,1.));
#4954=DIRECTION('',(-1.,1.28130074311155E-31,9.86076131526265E-32));
#4955=DIRECTION('',(-7.9757401194336E-17,1.,0.));
#4956=DIRECTION('',(-1.,-7.9757401194336E-17,0.));
#4957=DIRECTION('',(-7.9757401194336E-17,1.,0.));
#4958=DIRECTION('',(-1.,-7.9757401194336E-17,0.));
#4959=DIRECTION('',(-7.9757401194336E-17,1.,0.));
#4960=DIRECTION('',(-7.9757401194336E-17,1.,0.));
#4961=DIRECTION('',(-1.,-7.9757401194336E-17,0.));
#4962=DIRECTION('',(0.,1.,0.));
#4963=DIRECTION('',(0.,0.,1.));
#4964=DIRECTION('',(-7.9757401194336E-17,1.,0.));
#4965=DIRECTION('',(-1.,-7.9757401194336E-17,0.));
#4966=DIRECTION('',(-7.9757401194336E-17,1.,0.));
#4967=DIRECTION('',(-1.,-7.9757401194336E-17,0.));
#4968=DIRECTION('',(0.,0.,-1.));
#4969=DIRECTION('',(1.,0.,0.));
#4970=DIRECTION('',(0.,0.,-1.));
#4971=DIRECTION('',(1.,0.,0.));
#4972=DIRECTION('',(-7.9757401194336E-17,1.,0.));
#4973=DIRECTION('',(-1.,-7.9757401194336E-17,0.));
#4974=DIRECTION('',(-7.9757401194336E-17,1.,0.));
#4975=DIRECTION('',(-1.,-7.9757401194336E-17,0.));
#4976=DIRECTION('',(-7.9757401194336E-17,1.,0.));
#4977=DIRECTION('',(-7.9757401194336E-17,1.,0.));
#4978=DIRECTION('',(-1.,-7.9757401194336E-17,0.));
#4979=DIRECTION('',(-7.9757401194336E-17,1.,0.));
#4980=DIRECTION('',(-1.,-7.9757401194336E-17,0.));
#4981=DIRECTION('',(-7.9757401194336E-17,1.,0.));
#4982=DIRECTION('',(-7.9757401194336E-17,1.,0.));
#4983=DIRECTION('',(-1.,-7.9757401194336E-17,0.));
#4984=DIRECTION('',(1.,0.,0.));
#4985=DIRECTION('',(0.,0.,-1.));
#4986=DIRECTION('',(0.,1.,0.));
#4987=DIRECTION('',(0.,0.,-1.));
#4988=DIRECTION('',(0.,1.,0.));
#4989=DIRECTION('',(-7.9757401194336E-17,1.,0.));
#4990=DIRECTION('',(-1.,-7.9757401194336E-17,0.));
#4991=DIRECTION('',(-7.9757401194336E-17,1.,0.));
#4992=DIRECTION('',(-7.9757401194336E-17,1.,0.));
#4993=DIRECTION('',(-1.,-7.9757401194336E-17,0.));
#4994=DIRECTION('',(-1.,0.,0.));
#4995=DIRECTION('',(0.,0.,1.));
#4996=DIRECTION('',(0.,1.,0.));
#4997=DIRECTION('',(0.,0.,1.));
#4998=DIRECTION('',(0.,1.,0.));
#4999=DIRECTION('',(0.,0.,1.));
#5000=DIRECTION('',(1.,0.,0.));
#5001=DIRECTION('',(5.54667823983524E-32,1.84889274661175E-32,1.));
#5002=DIRECTION('',(-0.707106781186548,-0.707106781186547,5.22945839526315E-32));
#5003=DIRECTION('',(5.54667823983524E-32,1.84889274661175E-32,1.));
#5004=DIRECTION('',(-0.707106781186548,-0.707106781186547,5.22945839526315E-32));
#5005=DIRECTION('',(1.,-7.97574011943359E-17,0.));
#5006=DIRECTION('',(-7.9757401194336E-17,1.,0.));
#5007=DIRECTION('',(-1.,-7.9757401194336E-17,0.));
#5008=DIRECTION('',(-7.9757401194336E-17,1.,0.));
#5009=DIRECTION('',(-1.,-7.9757401194336E-17,0.));
#5010=DIRECTION('',(7.97574011943359E-17,1.,0.));
#5011=DIRECTION('',(-1.,7.97574011943359E-17,0.));
#5012=DIRECTION('',(1.,-7.97574011943359E-17,0.));
#5013=DIRECTION('',(-1.,1.28130074311155E-31,9.86076131526265E-32));
#5014=DIRECTION('',(9.86076131526265E-32,2.74766180269661E-16,1.));
#5015=DIRECTION('',(1.,-1.28130074311155E-31,-9.86076131526265E-32));
#5016=DIRECTION('',(9.86076131526222E-32,-3.38312851362183E-14,1.));
#5017=DIRECTION('',(-1.,1.28130074311155E-31,9.86076131526265E-32));
#5018=DIRECTION('',(-1.,0.,0.));
#5019=DIRECTION('',(0.,2.74766180269661E-16,1.));
#5020=DIRECTION('',(-0.500000000000007,-3.4401201608683E-16,-0.866025403784435));
#5021=DIRECTION('',(5.54667823983524E-32,1.84889274661175E-32,1.));
#5022=DIRECTION('',(-0.707106781186548,-0.707106781186547,5.22945839526315E-32));
#5023=DIRECTION('',(5.54667823983524E-32,1.84889274661175E-32,1.));
#5024=DIRECTION('',(-5.54667823983524E-32,-1.84889274661175E-32,-1.));
#5025=DIRECTION('',(0.707106781186563,-0.707106781186532,-2.61472919763169E-32));
#5026=DIRECTION('',(-1.04589167905263E-31,-3.48630559684208E-32,1.));
#5027=DIRECTION('',(-0.707106781186548,-0.707106781186547,-9.86076131526264E-32));
#5028=DIRECTION('',(-5.54667823983524E-32,-1.84889274661175E-32,-1.));
#5029=DIRECTION('',(0.707106781186556,-0.707106781186539,-2.61472919763164E-32));
#5030=DIRECTION('',(5.54667823983524E-32,1.84889274661175E-32,1.));
#5031=DIRECTION('',(-0.707106781186548,-0.707106781186547,5.22945839526315E-32));
#5032=DIRECTION('',(5.54667823983524E-32,1.84889274661175E-32,1.));
#5033=DIRECTION('',(5.54667823983524E-32,1.84889274661175E-32,1.));
#5034=DIRECTION('',(-0.707106781186548,-0.707106781186547,5.22945839526315E-32));
#5035=DIRECTION('',(5.54667823983524E-32,1.84889274661175E-32,1.));
#5036=DIRECTION('',(-0.707106781186548,-0.707106781186547,5.22945839526315E-32));
#5037=DIRECTION('',(5.54667823983524E-32,1.84889274661175E-32,1.));
#5038=DIRECTION('',(-5.54667823983524E-32,-1.84889274661175E-32,-1.));
#5039=DIRECTION('',(0.707106781186514,-0.707106781186581,-2.61472919763132E-32));
#5040=DIRECTION('',(-1.04589167905263E-31,-3.48630559684208E-32,1.));
#5041=DIRECTION('',(-0.707106781186548,-0.707106781186547,-9.86076131526264E-32));
#5042=DIRECTION('',(-5.54667823983524E-32,-1.84889274661175E-32,-1.));
#5043=DIRECTION('',(0.707106781186528,-0.707106781186567,-2.61472919763143E-32));
#5044=DIRECTION('',(5.54667823983524E-32,1.84889274661175E-32,1.));
#5045=DIRECTION('',(-0.707106781186548,-0.707106781186547,5.22945839526315E-32));
#5046=DIRECTION('',(5.54667823983524E-32,1.84889274661175E-32,1.));
#5047=DIRECTION('',(5.54667823983524E-32,1.84889274661175E-32,1.));
#5048=DIRECTION('',(-0.707106781186548,-0.707106781186547,5.22945839526315E-32));
#5049=DIRECTION('',(0.,0.,1.));
#5050=DIRECTION('',(1.,0.,0.));
#5051=DIRECTION('',(-8.02489614502541E-17,-1.3957414540416E-16,1.));
#5052=DIRECTION('',(1.,-8.32667268468868E-17,8.02489614502541E-17));
#5053=DIRECTION('',(-0.707106781186548,-0.707106781186547,3.4386340124194E-16));
#5054=DIRECTION('',(0.707106781186547,-0.707106781186548,0.));
#5055=DIRECTION('',(-0.707106781186548,-0.707106781186547,3.4386340124194E-16));
#5056=DIRECTION('',(0.707106781186547,-0.707106781186548,0.));
#5057=DIRECTION('',(-0.707106781186548,-0.707106781186547,3.4386340124194E-16));
#5058=DIRECTION('',(0.707106781186547,-0.707106781186548,0.));
#5059=DIRECTION('',(-0.707106781186548,-0.707106781186547,3.4386340124194E-16));
#5060=DIRECTION('',(0.707106781186547,-0.707106781186548,0.));
#5061=DIRECTION('',(-0.707106781186548,-0.707106781186547,3.4386340124194E-16));
#5062=DIRECTION('',(0.707106781186547,-0.707106781186548,0.));
#5063=DIRECTION('',(-0.707106781186547,0.707106781186548,-2.46519032881566E-32));
#5064=DIRECTION('',(2.43148142820047E-16,2.43148142820046E-16,1.));
#5065=DIRECTION('',(0.707106781186547,-0.707106781186548,2.46519032881566E-32));
#5066=DIRECTION('',(-2.43148142820047E-16,-2.43148142820046E-16,-1.));
#5067=DIRECTION('',(-0.707106781186548,-0.707106781186547,3.4386340124194E-16));
#5068=DIRECTION('',(0.707106781186547,-0.707106781186548,0.));
#5069=DIRECTION('',(-0.707106781186548,-0.707106781186547,3.4386340124194E-16));
#5070=DIRECTION('',(0.707106781186547,-0.707106781186548,0.));
#5071=DIRECTION('',(-0.707106781186548,-0.707106781186547,3.4386340124194E-16));
#5072=DIRECTION('',(0.707106781186547,-0.707106781186548,0.));
#5073=DIRECTION('',(-0.707106781186548,-0.707106781186547,3.4386340124194E-16));
#5074=DIRECTION('',(0.707106781186547,-0.707106781186548,0.));
#5075=DIRECTION('',(-0.707106781186548,-0.707106781186547,3.4386340124194E-16));
#5076=DIRECTION('',(-0.707106781186548,-0.707106781186547,3.4386340124194E-16));
#5077=DIRECTION('',(0.707106781186547,-0.707106781186548,0.));
#5078=DIRECTION('',(-0.707106781186548,-0.707106781186547,3.4386340124194E-16));
#5079=DIRECTION('',(0.707106781186547,-0.707106781186548,0.));
#5080=DIRECTION('',(-0.707106781186548,-0.707106781186547,3.4386340124194E-16));
#5081=DIRECTION('',(0.707106781186547,-0.707106781186548,0.));
#5082=DIRECTION('',(-0.707106781186548,-0.707106781186547,3.4386340124194E-16));
#5083=DIRECTION('',(0.707106781186547,-0.707106781186548,0.));
#5084=DIRECTION('',(-0.707106781186548,-0.707106781186547,3.4386340124194E-16));
#5085=DIRECTION('',(0.707106781186547,-0.707106781186548,0.));
#5086=DIRECTION('',(-2.43148142820047E-16,-2.43148142820046E-16,-1.));
#5087=DIRECTION('',(0.707106781186547,-0.707106781186548,2.46519032881566E-32));
#5088=DIRECTION('',(2.43148142820047E-16,2.43148142820046E-16,1.));
#5089=DIRECTION('',(-0.707106781186547,0.707106781186548,-2.46519032881566E-32));
#5090=DIRECTION('',(-0.707106781186548,-0.707106781186547,3.4386340124194E-16));
#5091=DIRECTION('',(0.707106781186547,-0.707106781186548,0.));
#5092=DIRECTION('',(2.43148142820047E-16,2.43148142820046E-16,1.));
#5093=DIRECTION('',(-0.707106781186547,0.707106781186548,-2.46519032881566E-32));
#5094=DIRECTION('',(-2.43148142820047E-16,-2.43148142820046E-16,-1.));
#5095=DIRECTION('',(0.707106781186547,-0.707106781186548,2.46519032881566E-32));
#5096=DIRECTION('',(-2.43148142820047E-16,-2.43148142820046E-16,-1.));
#5097=DIRECTION('',(-0.707106781186548,-0.707106781186547,3.4386340124194E-16));
#5098=DIRECTION('',(-0.707106781186548,-0.707106781186547,3.4386340124194E-16));
#5099=DIRECTION('',(-0.707106781186548,-0.707106781186547,3.4386340124194E-16));
#5100=DIRECTION('',(-0.707106781186548,-0.707106781186547,3.4386340124194E-16));
#5101=DIRECTION('',(0.707106781186547,-0.707106781186548,2.46519032881566E-32));
#5102=DIRECTION('',(-2.43148142820047E-16,-2.43148142820046E-16,-1.));
#5103=DIRECTION('',(-0.707106781186548,-0.707106781186547,3.4386340124194E-16));
#5104=DIRECTION('',(-0.707106781186548,-0.707106781186547,3.4386340124194E-16));
#5105=DIRECTION('',(0.707106781186547,-0.707106781186548,0.));
#5106=DIRECTION('',(-0.707106781186548,-0.707106781186547,3.4386340124194E-16));
#5107=DIRECTION('',(-0.707106781186548,-0.707106781186547,3.4386340124194E-16));
#5108=DIRECTION('',(0.707106781186547,-0.707106781186548,0.));
#5109=DIRECTION('',(-0.707106781186548,-0.707106781186547,3.4386340124194E-16));
#5110=DIRECTION('',(0.707106781186547,-0.707106781186548,0.));
#5111=DIRECTION('',(-0.707106781186548,-0.707106781186547,3.4386340124194E-16));
#5112=DIRECTION('',(0.707106781186547,-0.707106781186548,0.));
#5113=DIRECTION('',(-0.707106781186548,-0.707106781186547,3.4386340124194E-16));
#5114=DIRECTION('',(0.707106781186547,-0.707106781186548,0.));
#5115=DIRECTION('',(-0.707106781186548,-0.707106781186547,3.4386340124194E-16));
#5116=DIRECTION('',(0.707106781186547,-0.707106781186548,0.));
#5117=DIRECTION('',(-0.707106781186548,-0.707106781186547,3.4386340124194E-16));
#5118=DIRECTION('',(-0.707106781186548,-0.707106781186547,3.4386340124194E-16));
#5119=DIRECTION('',(0.707106781186547,-0.707106781186548,0.));
#5120=DIRECTION('',(-0.707106781186548,-0.707106781186547,3.4386340124194E-16));
#5121=DIRECTION('',(-0.707106781186548,-0.707106781186547,3.4386340124194E-16));
#5122=DIRECTION('',(0.707106781186547,-0.707106781186548,0.));
#5123=DIRECTION('',(-0.707106781186548,-0.707106781186547,3.4386340124194E-16));
#5124=DIRECTION('',(0.707106781186547,-0.707106781186548,0.));
#5125=DIRECTION('',(-0.707106781186548,-0.707106781186547,3.4386340124194E-16));
#5126=DIRECTION('',(0.707106781186547,-0.707106781186548,0.));
#5127=DIRECTION('',(-0.707106781186548,-0.707106781186547,3.4386340124194E-16));
#5128=DIRECTION('',(0.707106781186547,-0.707106781186548,0.));
#5129=DIRECTION('',(-0.707106781186548,-0.707106781186547,3.4386340124194E-16));
#5130=DIRECTION('',(-0.707106781186548,-0.707106781186547,3.4386340124194E-16));
#5131=DIRECTION('',(0.707106781186547,-0.707106781186548,0.));
#5132=DIRECTION('',(-0.707106781186548,-0.707106781186547,3.4386340124194E-16));
#5133=DIRECTION('',(-0.707106781186548,-0.707106781186547,3.4386340124194E-16));
#5134=DIRECTION('',(0.707106781186547,-0.707106781186548,0.));
#5135=DIRECTION('',(-0.707106781186548,-0.707106781186547,3.4386340124194E-16));
#5136=DIRECTION('',(0.707106781186547,-0.707106781186548,0.));
#5137=DIRECTION('',(-0.707106781186548,-0.707106781186547,3.4386340124194E-16));
#5138=DIRECTION('',(0.707106781186547,-0.707106781186548,0.));
#5139=DIRECTION('',(-0.707106781186548,-0.707106781186547,3.4386340124194E-16));
#5140=DIRECTION('',(-0.707106781186548,-0.707106781186547,3.4386340124194E-16));
#5141=DIRECTION('',(0.707106781186547,-0.707106781186548,0.));
#5142=DIRECTION('',(-0.707106781186548,-0.707106781186547,3.4386340124194E-16));
#5143=DIRECTION('',(2.43148142820047E-16,2.43148142820046E-16,1.));
#5144=DIRECTION('',(0.707106781186548,0.707106781186547,-3.4386340124194E-16));
#5145=DIRECTION('',(-0.707106781186548,-0.707106781186547,3.4386340124194E-16));
#5146=DIRECTION('',(-0.707106781186548,-0.707106781186547,3.4386340124194E-16));
#5147=DIRECTION('',(0.707106781186547,-0.707106781186548,2.46519032881566E-32));
#5148=DIRECTION('',(-2.43148142820047E-16,-2.43148142820046E-16,-1.));
#5149=DIRECTION('',(-0.707106781186547,0.707106781186548,-2.46519032881566E-32));
#5150=DIRECTION('',(2.43148142820047E-16,2.43148142820046E-16,1.));
#5151=DIRECTION('',(0.,0.,1.));
#5152=DIRECTION('',(1.,0.,0.));
#5153=DIRECTION('',(1.,0.,0.));
#5154=DIRECTION('',(0.,-1.,0.));
#5155=DIRECTION('',(1.,0.,0.));
#5156=DIRECTION('',(0.,-1.,0.));
#5157=DIRECTION('',(-1.,0.,0.));
#5158=DIRECTION('',(0.,1.,0.));
#5159=DIRECTION('',(1.,0.,0.));
#5160=DIRECTION('',(0.,1.,0.));
#5161=DIRECTION('',(1.,0.,0.));
#5162=DIRECTION('',(0.,1.,0.));
#5163=DIRECTION('',(0.707106781186547,0.707106781186548,-8.65956056235494E-17));
#5164=DIRECTION('',(1.,0.,0.));
#5165=DIRECTION('',(0.,-1.,0.));
#5166=DIRECTION('',(-1.,0.,0.));
#5167=DIRECTION('',(1.,0.,0.));
#5168=DIRECTION('',(0.,-1.,0.));
#5169=DIRECTION('',(1.,0.,0.));
#5170=DIRECTION('',(0.,-1.,0.));
#5171=DIRECTION('',(-1.,0.,0.));
#5172=DIRECTION('',(1.,0.,0.));
#5173=DIRECTION('',(0.,-1.,0.));
#5174=DIRECTION('',(-3.06151588455594E-17,-0.866025403784439,0.5));
#5175=DIRECTION('',(-5.30270106023007E-17,0.5,0.866025403784439));
#5176=DIRECTION('',(-1.,0.,-6.12303176911189E-17));
#5177=DIRECTION('',(-1.,0.,-6.12303176911189E-17));
#5178=DIRECTION('',(-5.30270106023007E-17,0.5,0.866025403784439));
#5179=DIRECTION('',(3.06151588455594E-17,-0.866025403784439,-0.5));
#5180=DIRECTION('',(-5.30270106023007E-17,-0.5,0.866025403784439));
#5181=DIRECTION('',(-1.,0.,-6.12303176911189E-17));
#5182=DIRECTION('',(-5.30270106023007E-17,-0.5,0.866025403784439));
#5183=DIRECTION('',(-3.06151588455594E-17,0.866025403784439,0.5));
#5184=DIRECTION('',(5.30270106023007E-17,0.5,-0.866025403784439));
#5185=DIRECTION('',(-1.,0.,-6.12303176911189E-17));
#5186=DIRECTION('',(-1.,0.,-6.12303176911189E-17));
#5187=DIRECTION('',(5.30270106023007E-17,0.5,-0.866025403784439));
#5188=DIRECTION('',(3.06151588455594E-17,0.866025403784439,-0.5));
#5189=DIRECTION('',(5.30270106023007E-17,-0.5,-0.866025403784439));
#5190=DIRECTION('',(-1.,0.,-6.12303176911189E-17));
#5191=DIRECTION('',(5.30270106023007E-17,-0.5,-0.866025403784439));
#5192=DIRECTION('',(6.12303176911189E-17,1.53837012149583E-16,-1.));
#5193=DIRECTION('',(9.41948912657146E-33,-1.,-1.53837012149583E-16));
#5194=DIRECTION('',(9.41948912657146E-33,-1.,-1.53837012149583E-16));
#5195=DIRECTION('',(1.,0.,6.12303176911189E-17));
#5196=DIRECTION('',(6.12303176911189E-17,0.,-1.));
#5197=DIRECTION('',(0.,1.,0.));
#5198=DIRECTION('',(-6.12303176911189E-17,0.,1.));
#5199=DIRECTION('',(0.,1.,0.));
#5200=DIRECTION('',(-1.,0.,0.));
#5201=DIRECTION('',(0.,1.,0.));
#5202=DIRECTION('',(1.,0.,0.));
#5203=DIRECTION('',(0.,1.,0.));
#5204=DIRECTION('',(-1.,0.,0.));
#5205=DIRECTION('',(0.,1.,0.));
#5206=DIRECTION('',(1.,0.,0.));
#5207=DIRECTION('',(0.,1.,0.));
#5208=DIRECTION('',(-1.,0.,0.));
#5209=DIRECTION('',(0.,1.,0.));
#5210=DIRECTION('',(1.,0.,0.));
#5211=DIRECTION('',(0.,1.,0.));
#5212=DIRECTION('',(-1.,0.,0.));
#5213=DIRECTION('',(0.,1.,0.));
#5214=DIRECTION('',(1.,0.,0.));
#5215=DIRECTION('',(0.,1.,0.));
#5216=DIRECTION('',(-1.,0.,0.));
#5217=DIRECTION('',(0.,1.,0.));
#5218=DIRECTION('',(1.,0.,0.));
#5219=DIRECTION('',(0.,1.,0.));
#5220=DIRECTION('',(1.,0.,0.));
#5221=DIRECTION('',(0.,-1.,0.));
#5222=DIRECTION('',(1.,0.,0.));
#5223=DIRECTION('',(0.,1.,0.));
#5224=DIRECTION('',(-1.,0.,0.));
#5225=DIRECTION('',(1.,0.,0.));
#5226=DIRECTION('',(0.,1.,0.));
#5227=DIRECTION('',(1.,0.,0.));
#5228=DIRECTION('',(0.,1.,0.));
#5229=DIRECTION('',(1.,0.,0.));
#5230=DIRECTION('',(0.,-1.,0.));
#5231=DIRECTION('',(-1.,0.,0.));
#5232=DIRECTION('',(0.,1.,0.));
#5233=DIRECTION('',(1.,0.,0.));
#5234=DIRECTION('',(0.,1.,0.));
#5235=DIRECTION('',(1.,0.,0.));
#5236=DIRECTION('',(0.,-1.,0.));
#5237=DIRECTION('',(1.,0.,0.));
#5238=DIRECTION('',(0.,1.,0.));
#5239=DIRECTION('',(1.,0.,0.));
#5240=DIRECTION('',(0.,1.,0.));
#5241=DIRECTION('',(0.,1.22464679914735E-16,-1.));
#5242=DIRECTION('',(0.,-1.,-1.22464679914735E-16));
#5243=DIRECTION('',(0.63641799026487,-0.636417990264871,0.435825978269363));
#5244=DIRECTION('',(0.707106781186548,0.707106781186547,-2.77555756156289E-16));
#5245=DIRECTION('',(0.63641799026487,-0.636417990264871,0.435825978269363));
#5246=DIRECTION('',(0.707106781186548,0.707106781186547,-2.77555756156289E-16));
#5247=DIRECTION('',(0.63641799026487,-0.636417990264871,0.435825978269363));
#5248=DIRECTION('',(0.707106781186548,0.707106781186547,-2.77555756156289E-16));
#5249=DIRECTION('',(-3.67381906146748E-16,-5.92213014406437E-15,1.));
#5250=DIRECTION('',(1.,0.,3.67381906146748E-16));
#5251=DIRECTION('',(-3.67381906146748E-16,-5.92213014406437E-15,1.));
#5252=DIRECTION('',(1.,0.,3.67381906146748E-16));
#5253=DIRECTION('',(-3.67381906146748E-16,-5.92213014406437E-15,1.));
#5254=DIRECTION('',(1.,0.,3.67381906146748E-16));
#5255=DIRECTION('',(-3.67381906146748E-16,-5.92213014406437E-15,1.));
#5256=DIRECTION('',(1.,0.,3.67381906146748E-16));
#5257=DIRECTION('',(-3.67381906146748E-16,-5.92213014406437E-15,1.));
#5258=DIRECTION('',(1.,0.,3.67381906146748E-16));
#5259=DIRECTION('',(-3.67381906146748E-16,-5.92213014406437E-15,1.));
#5260=DIRECTION('',(1.,0.,3.67381906146748E-16));
#5261=DIRECTION('',(-3.67381906146748E-16,-5.92213014406437E-15,1.));
#5262=DIRECTION('',(1.,0.,3.67381906146748E-16));
#5263=DIRECTION('',(-3.67381906146748E-16,-5.92213014406437E-15,1.));
#5264=DIRECTION('',(-3.67381906146748E-16,-5.92213014406437E-15,1.));
#5265=DIRECTION('',(1.,0.,3.67381906146748E-16));
#5266=DIRECTION('',(3.67381906146748E-16,5.92213014406437E-15,-1.));
#5267=DIRECTION('',(0.707106781186551,0.707106781186544,-4.08006961549745E-15));
#5268=DIRECTION('',(0.499999999999999,-0.5,0.707106781186549));
#5269=DIRECTION('',(0.707106781186551,0.707106781186544,-4.08006961549745E-15));
#5270=DIRECTION('',(0.499999999999999,-0.5,0.707106781186549));
#5271=DIRECTION('',(0.707106781186551,0.707106781186544,-4.08006961549745E-15));
#5272=DIRECTION('',(0.499999999999999,-0.5,0.707106781186549));
#5273=DIRECTION('',(0.63641799026487,-0.636417990264871,0.435825978269363));
#5274=DIRECTION('',(0.707106781186548,0.707106781186547,-2.77555756156289E-16));
#5275=DIRECTION('',(0.707106781186551,0.707106781186544,-4.08006961549745E-15));
#5276=DIRECTION('',(0.499999999999999,-0.5,0.707106781186549));
#5277=DIRECTION('',(3.4386340124194E-16,1.53229378252547E-16,-1.));
#5278=DIRECTION('',(-0.707106781186548,-0.707106781186547,-3.51497675259421E-16));
#5279=DIRECTION('',(0.,1.,0.));
#5280=DIRECTION('',(0.,0.,1.));
#5281=DIRECTION('',(0.,1.,0.));
#5282=DIRECTION('',(0.,0.,1.));
#5283=DIRECTION('',(0.,1.,0.));
#5284=DIRECTION('',(0.,-1.,0.));
#5285=DIRECTION('',(0.,0.,1.));
#5286=DIRECTION('',(0.,1.,0.));
#5287=DIRECTION('',(0.,0.,1.));
#5288=DIRECTION('',(0.,1.,0.));
#5289=DIRECTION('',(0.,0.,1.));
#5290=DIRECTION('',(0.,1.,0.));
#5291=DIRECTION('',(0.,-1.,0.));
#5292=DIRECTION('',(0.,0.,1.));
#5293=DIRECTION('',(0.,1.,0.));
#5294=DIRECTION('',(0.,0.,1.));
#5295=DIRECTION('',(0.,1.,0.));
#5296=DIRECTION('',(0.,0.,1.));
#5297=DIRECTION('',(0.,1.,0.));
#5298=DIRECTION('',(0.,-1.,0.));
#5299=DIRECTION('',(0.,0.,1.));
#5300=DIRECTION('',(0.,1.,0.));
#5301=DIRECTION('',(0.,0.,1.));
#5302=DIRECTION('',(0.,1.,0.));
#5303=DIRECTION('',(0.,0.,1.));
#5304=DIRECTION('',(0.,1.,0.));
#5305=DIRECTION('',(0.,-1.,0.));
#5306=DIRECTION('',(0.,0.,1.));
#5307=DIRECTION('',(0.,1.,0.));
#5308=DIRECTION('',(0.,0.,1.));
#5309=DIRECTION('',(0.,1.,0.));
#5310=DIRECTION('',(0.,0.,1.));
#5311=DIRECTION('',(0.,1.,0.));
#5312=DIRECTION('',(0.,-1.,0.));
#5313=DIRECTION('',(0.,0.,1.));
#5314=DIRECTION('',(0.,1.,0.));
#5315=DIRECTION('',(0.,0.,1.));
#5316=DIRECTION('',(0.,1.,0.));
#5317=DIRECTION('',(0.,0.,1.));
#5318=DIRECTION('',(0.,1.,0.));
#5319=DIRECTION('',(0.,-1.,0.));
#5320=DIRECTION('',(0.,0.,1.));
#5321=DIRECTION('',(0.,1.,0.));
#5322=DIRECTION('',(0.,0.,1.));
#5323=DIRECTION('',(0.,1.,0.));
#5324=DIRECTION('',(0.,0.,1.));
#5325=DIRECTION('',(0.,1.,0.));
#5326=DIRECTION('',(0.,-1.,0.));
#5327=DIRECTION('',(0.,0.,1.));
#5328=DIRECTION('',(0.,1.,0.));
#5329=DIRECTION('',(0.,0.,1.));
#5330=DIRECTION('',(0.,1.,0.));
#5331=DIRECTION('',(0.,0.,1.));
#5332=DIRECTION('',(0.,1.,0.));
#5333=DIRECTION('',(0.,-1.,0.));
#5334=DIRECTION('',(0.,0.,1.));
#5335=DIRECTION('',(0.,1.,0.));
#5336=DIRECTION('',(0.,0.,1.));
#5337=DIRECTION('',(0.,1.,0.));
#5338=DIRECTION('',(0.,0.,1.));
#5339=DIRECTION('',(0.,1.,0.));
#5340=DIRECTION('',(0.,-1.,0.));
#5341=DIRECTION('',(0.,0.,1.));
#5342=DIRECTION('',(0.,1.,0.));
#5343=DIRECTION('',(0.,0.,1.));
#5344=DIRECTION('',(0.,1.,0.));
#5345=DIRECTION('',(0.,0.,1.));
#5346=DIRECTION('',(0.,1.,0.));
#5347=DIRECTION('',(0.,-1.,0.));
#5348=DIRECTION('',(0.,0.,1.));
#5349=DIRECTION('',(0.,1.,0.));
#5350=DIRECTION('',(0.,0.,1.));
#5351=DIRECTION('',(0.,1.,0.));
#5352=DIRECTION('',(0.,0.,1.));
#5353=DIRECTION('',(0.,1.,0.));
#5354=DIRECTION('',(0.,-1.,0.));
#5355=DIRECTION('',(0.,0.,1.));
#5356=DIRECTION('',(0.,1.,0.));
#5357=DIRECTION('',(0.,0.,1.));
#5358=DIRECTION('',(0.,1.,0.));
#5359=DIRECTION('',(0.,0.,1.));
#5360=DIRECTION('',(0.,1.,0.));
#5361=DIRECTION('',(0.,0.,1.));
#5362=DIRECTION('',(0.,1.,0.));
#5363=DIRECTION('',(0.,0.,1.));
#5364=DIRECTION('',(0.,1.,0.));
#5365=DIRECTION('',(0.,0.,1.));
#5366=DIRECTION('',(0.,1.,0.));
#5367=DIRECTION('',(0.,0.,1.));
#5368=DIRECTION('',(0.,1.,0.));
#5369=DIRECTION('',(0.,0.,1.));
#5370=DIRECTION('',(0.,1.,0.));
#5371=DIRECTION('',(0.,0.,1.));
#5372=DIRECTION('',(0.,1.,0.));
#5373=DIRECTION('',(0.,0.,1.));
#5374=DIRECTION('',(0.,1.,0.));
#5375=DIRECTION('',(0.,0.,1.));
#5376=DIRECTION('',(0.,1.,0.));
#5377=DIRECTION('',(0.,0.,1.));
#5378=DIRECTION('',(0.,1.,0.));
#5379=DIRECTION('',(0.,0.,1.));
#5380=DIRECTION('',(0.,1.,0.));
#5381=DIRECTION('',(0.,0.,1.));
#5382=DIRECTION('',(0.,1.,0.));
#5383=DIRECTION('',(0.,0.,1.));
#5384=DIRECTION('',(0.,1.,0.));
#5385=DIRECTION('',(0.,0.,1.));
#5386=DIRECTION('',(0.,1.,0.));
#5387=DIRECTION('',(0.,0.,1.));
#5388=DIRECTION('',(0.,1.,0.));
#5389=DIRECTION('',(0.,0.,1.));
#5390=DIRECTION('',(0.,1.,0.));
#5391=DIRECTION('',(0.,0.,1.));
#5392=DIRECTION('',(0.,1.,0.));
#5393=DIRECTION('',(0.,0.,1.));
#5394=DIRECTION('',(0.,1.,0.));
#5395=DIRECTION('',(0.,0.,1.));
#5396=DIRECTION('',(0.,1.,0.));
#5397=DIRECTION('',(0.,0.,1.));
#5398=DIRECTION('',(0.,1.,0.));
#5399=DIRECTION('',(0.,0.,1.));
#5400=DIRECTION('',(0.,1.,0.));
#5401=DIRECTION('',(0.,0.,1.));
#5402=DIRECTION('',(0.,1.,0.));
#5403=DIRECTION('',(0.,0.,1.));
#5404=DIRECTION('',(0.,0.,-1.));
#5405=DIRECTION('',(-1.,1.22460635382238E-16,0.));
#5406=DIRECTION('',(0.,0.,-1.));
#5407=DIRECTION('',(1.,0.,0.));
#5408=DIRECTION('',(0.,0.,-1.));
#5409=DIRECTION('',(-1.,0.,0.));
#5410=DIRECTION('',(0.,1.,0.));
#5411=DIRECTION('',(1.,0.,0.));
#5412=DIRECTION('',(0.,-1.,0.));
#5413=DIRECTION('',(0.,1.,0.));
#5414=DIRECTION('',(0.,0.,1.));
#5415=DIRECTION('',(0.,1.,0.));
#5416=DIRECTION('',(0.,1.,0.));
#5417=DIRECTION('',(0.,0.,1.));
#5418=DIRECTION('',(-1.,0.,0.));
#5419=DIRECTION('',(0.,0.,1.));
#5420=DIRECTION('',(0.,1.,0.));
#5421=DIRECTION('',(0.,0.,-1.));
#5422=DIRECTION('',(0.,0.,-1.));
#5423=DIRECTION('',(-1.,0.,0.));
#5424=DIRECTION('',(0.,-1.,0.));
#5425=DIRECTION('',(1.,0.,0.));
#5426=DIRECTION('',(1.,0.,0.));
#5427=DIRECTION('',(0.,0.,-1.));
#5428=DIRECTION('',(0.,0.,-1.));
#5429=DIRECTION('',(0.,1.,0.));
#5430=DIRECTION('',(0.,0.,1.));
#5431=DIRECTION('',(0.,1.,0.));
#5432=DIRECTION('',(0.,1.,0.));
#5433=DIRECTION('',(0.,0.,1.));
#5434=DIRECTION('',(0.,1.,0.));
#5435=DIRECTION('',(0.,0.,1.));
#5436=DIRECTION('',(0.,1.,0.));
#5437=DIRECTION('',(0.,1.,0.));
#5438=DIRECTION('',(0.,0.,1.));
#5439=DIRECTION('',(0.,1.,0.));
#5440=DIRECTION('',(0.,0.,1.));
#5441=DIRECTION('',(0.,1.,0.));
#5442=DIRECTION('',(0.,1.,0.));
#5443=DIRECTION('',(0.,0.,1.));
#5444=DIRECTION('',(0.,1.,0.));
#5445=DIRECTION('',(0.,0.,1.));
#5446=DIRECTION('',(0.,1.,0.));
#5447=DIRECTION('',(0.,1.,0.));
#5448=DIRECTION('',(0.,0.,1.));
#5449=DIRECTION('',(0.,1.,0.));
#5450=DIRECTION('',(0.,0.,1.));
#5451=DIRECTION('',(0.,1.,0.));
#5452=DIRECTION('',(0.,1.,0.));
#5453=DIRECTION('',(0.,0.,1.));
#5454=DIRECTION('',(0.,1.,0.));
#5455=DIRECTION('',(0.,0.,1.));
#5456=DIRECTION('',(0.,1.,0.));
#5457=DIRECTION('',(0.,1.,0.));
#5458=DIRECTION('',(0.,0.,1.));
#5459=DIRECTION('',(0.,1.,0.));
#5460=DIRECTION('',(0.,0.,1.));
#5461=DIRECTION('',(0.,1.,0.));
#5462=DIRECTION('',(0.,1.,0.));
#5463=DIRECTION('',(0.,0.,1.));
#5464=DIRECTION('',(0.,1.,0.));
#5465=DIRECTION('',(0.,0.,1.));
#5466=DIRECTION('',(0.,1.,0.));
#5467=DIRECTION('',(0.,1.,0.));
#5468=DIRECTION('',(0.,0.,1.));
#5469=DIRECTION('',(0.,1.,0.));
#5470=DIRECTION('',(0.,0.,1.));
#5471=DIRECTION('',(0.,1.,0.));
#5472=DIRECTION('',(0.,1.,0.));
#5473=DIRECTION('',(0.,0.,1.));
#5474=DIRECTION('',(0.,1.,0.));
#5475=DIRECTION('',(0.,0.,1.));
#5476=DIRECTION('',(0.,1.,0.));
#5477=DIRECTION('',(0.,1.,0.));
#5478=DIRECTION('',(0.,0.,1.));
#5479=DIRECTION('',(0.,1.,0.));
#5480=DIRECTION('',(0.,0.,1.));
#5481=DIRECTION('',(0.,1.,0.));
#5482=DIRECTION('',(0.,-1.,0.));
#5483=DIRECTION('',(0.,0.,1.));
#5484=DIRECTION('',(0.,1.,0.));
#5485=DIRECTION('',(0.,0.,1.));
#5486=DIRECTION('',(0.,1.,0.));
#5487=DIRECTION('',(0.,0.,1.));
#5488=DIRECTION('',(0.,1.,0.));
#5489=DIRECTION('',(0.,0.,1.));
#5490=DIRECTION('',(0.,1.,0.));
#5491=DIRECTION('',(0.,0.,1.));
#5492=DIRECTION('',(0.,1.,0.));
#5493=DIRECTION('',(0.,0.,1.));
#5494=DIRECTION('',(0.,1.,0.));
#5495=DIRECTION('',(1.6011153553398E-16,1.38851477819774E-31,1.));
#5496=DIRECTION('',(1.,1.43153425362037E-15,-1.6011153553398E-16));
#5497=DIRECTION('',(4.73969979551529E-31,-6.54949400678326E-16,1.));
#5498=DIRECTION('',(1.,7.23674193854735E-16,0.));
#5499=CARTESIAN_POINT('',(0.,0.,0.));
#5500=CARTESIAN_POINT('',(67.0000000000001,20.0000000000002,425.));
#5501=CARTESIAN_POINT('',(67.0000000000001,20.0000000000002,427.5));
#5502=CARTESIAN_POINT('',(65.5566243270261,20.0000000000002,425.));
#5503=CARTESIAN_POINT('',(67.0000000000001,20.0000000000002,427.5));
#5504=CARTESIAN_POINT('',(67.0000000000001,20.0000000000002,425.));
#5505=CARTESIAN_POINT('',(69.5000000000001,20.0000000000002,425.));
#5506=CARTESIAN_POINT('',(69.5000000000001,20.0000000000002,427.5));
#5507=CARTESIAN_POINT('',(72.0000000000002,20.0000000000002,427.5));
#5508=CARTESIAN_POINT('',(72.0000000000002,20.0000000000002,425.));
#5509=CARTESIAN_POINT('',(86.4515172442699,20.0000000000002,425.));
#5510=CARTESIAN_POINT('',(86.4515172442699,20.0000000000002,425.));
#5511=CARTESIAN_POINT('',(86.4515172442699,20.0000000000002,427.5));
#5512=CARTESIAN_POINT('',(86.4515172442699,22.5000000000002,425.));
#5513=CARTESIAN_POINT('',(86.4515172442699,20.0000000000002,425.));
#5514=CARTESIAN_POINT('',(86.4515172442699,22.5000000000002,425.));
#5515=CARTESIAN_POINT('',(87.,23.0484827557304,425.));
#5516=CARTESIAN_POINT('',(87.,20.0000000000002,425.));
#5517=CARTESIAN_POINT('',(79.5000000000002,20.0000000000002,425.));
#5518=CARTESIAN_POINT('',(79.5000000000002,20.0000000000002,427.5));
#5519=CARTESIAN_POINT('',(67.0000000000001,20.,225.000000000001));
#5520=CARTESIAN_POINT('',(67.0000000000001,20.,227.500000000001));
#5521=CARTESIAN_POINT('',(65.556624327026,20.,225.000000000001));
#5522=CARTESIAN_POINT('',(67.0000000000001,20.0000000000001,227.500000000001));
#5523=CARTESIAN_POINT('',(67.0000000000001,20.,225.000000000001));
#5524=CARTESIAN_POINT('',(69.5000000000001,20.,225.000000000001));
#5525=CARTESIAN_POINT('',(69.5000000000001,20.,227.500000000001));
#5526=CARTESIAN_POINT('',(72.0000000000001,20.0000000000001,227.500000000001));
#5527=CARTESIAN_POINT('',(72.0000000000001,20.,225.000000000001));
#5528=CARTESIAN_POINT('',(86.4515172442699,20.,225.000000000001));
#5529=CARTESIAN_POINT('',(86.4515172442699,20.,225.000000000001));
#5530=CARTESIAN_POINT('',(86.4515172442699,20.,227.500000000001));
#5531=CARTESIAN_POINT('',(86.4515172442699,22.5,225.000000000001));
#5532=CARTESIAN_POINT('',(86.4515172442699,20.,225.000000000001));
#5533=CARTESIAN_POINT('',(86.4515172442699,22.5,225.000000000001));
#5534=CARTESIAN_POINT('',(87.,23.0484827557301,225.000000000001));
#5535=CARTESIAN_POINT('',(87.,20.,225.000000000001));
#5536=CARTESIAN_POINT('',(79.5000000000001,20.,225.000000000001));
#5537=CARTESIAN_POINT('',(79.5000000000001,20.,227.500000000001));
#5538=CARTESIAN_POINT('',(67.,19.9999999999999,25.0000000000005));
#5539=CARTESIAN_POINT('',(67.,19.9999999999999,27.5000000000005));
#5540=CARTESIAN_POINT('',(65.5566243270259,19.9999999999999,25.0000000000005));
#5541=CARTESIAN_POINT('',(67.,19.9999999999999,27.5000000000005));
#5542=CARTESIAN_POINT('',(67.,19.9999999999999,25.0000000000005));
#5543=CARTESIAN_POINT('',(69.5,19.9999999999999,25.0000000000005));
#5544=CARTESIAN_POINT('',(69.5,19.9999999999999,27.5000000000005));
#5545=CARTESIAN_POINT('',(72.,19.9999999999999,27.5000000000005));
#5546=CARTESIAN_POINT('',(72.,19.9999999999999,25.0000000000005));
#5547=CARTESIAN_POINT('',(86.4515172442699,19.9999999999999,25.0000000000005));
#5548=CARTESIAN_POINT('',(86.4515172442699,19.9999999999999,25.0000000000005));
#5549=CARTESIAN_POINT('',(86.4515172442699,19.9999999999999,27.5000000000005));
#5550=CARTESIAN_POINT('',(86.4515172442699,22.4999999999999,25.0000000000005));
#5551=CARTESIAN_POINT('',(86.4515172442699,19.9999999999999,25.0000000000005));
#5552=CARTESIAN_POINT('',(86.4515172442699,22.4999999999999,25.0000000000005));
#5553=CARTESIAN_POINT('',(87.,23.04848275573,25.0000000000005));
#5554=CARTESIAN_POINT('',(87.,19.9999999999999,25.0000000000005));
#5555=CARTESIAN_POINT('',(79.5000000000001,19.9999999999999,25.0000000000005));
#5556=CARTESIAN_POINT('',(79.5000000000001,19.9999999999999,27.5000000000005));
#5557=CARTESIAN_POINT('',(-67.0000000000001,19.9999999999999,24.9999999999998));
#5558=CARTESIAN_POINT('',(-67.0000000000001,19.9999999999999,22.4999999999998));
#5559=CARTESIAN_POINT('',(-65.556624327026,19.9999999999999,24.9999999999998));
#5560=CARTESIAN_POINT('',(-67.0000000000001,19.9999999999999,22.4999999999998));
#5561=CARTESIAN_POINT('',(-67.0000000000001,19.9999999999999,24.9999999999998));
#5562=CARTESIAN_POINT('',(-69.5000000000001,19.9999999999999,24.9999999999998));
#5563=CARTESIAN_POINT('',(-69.5000000000001,19.9999999999999,22.4999999999998));
#5564=CARTESIAN_POINT('',(-72.0000000000001,19.9999999999999,22.4999999999995));
#5565=CARTESIAN_POINT('',(-72.0000000000001,19.9999999999999,24.9999999999998));
#5566=CARTESIAN_POINT('',(-86.4515172442699,19.9999999999999,24.9999999999995));
#5567=CARTESIAN_POINT('',(-86.4515172442699,19.9999999999999,24.9999999999995));
#5568=CARTESIAN_POINT('',(-86.4515172442699,17.4999999999999,24.9999999999995));
#5569=CARTESIAN_POINT('',(-86.4515172442699,19.9999999999999,22.4999999999995));
#5570=CARTESIAN_POINT('',(-86.4515172442699,17.4999999999999,24.9999999999995));
#5571=CARTESIAN_POINT('',(-87.,16.9515172442698,24.9999999999995));
#5572=CARTESIAN_POINT('',(-87.,19.9999999999999,24.9999999999995));
#5573=CARTESIAN_POINT('',(-86.4515172442699,19.9999999999999,24.9999999999995));
#5574=CARTESIAN_POINT('',(-79.5000000000001,19.9999999999999,24.9999999999995));
#5575=CARTESIAN_POINT('',(-79.5000000000001,19.9999999999999,22.4999999999995));
#5576=CARTESIAN_POINT('',(-67.0000000000001,20.,225.));
#5577=CARTESIAN_POINT('',(-67.0000000000001,20.,222.5));
#5578=CARTESIAN_POINT('',(-65.556624327026,20.,225.));
#5579=CARTESIAN_POINT('',(-67.0000000000001,20.,222.5));
#5580=CARTESIAN_POINT('',(-67.0000000000001,20.,225.));
#5581=CARTESIAN_POINT('',(-69.5000000000001,20.,225.));
#5582=CARTESIAN_POINT('',(-69.5000000000001,20.,222.5));
#5583=CARTESIAN_POINT('',(-72.0000000000001,19.9999999999999,222.5));
#5584=CARTESIAN_POINT('',(-72.0000000000001,19.9999999999999,225.));
#5585=CARTESIAN_POINT('',(-86.4515172442699,19.9999999999999,225.));
#5586=CARTESIAN_POINT('',(-86.4515172442699,19.9999999999999,225.));
#5587=CARTESIAN_POINT('',(-86.4515172442699,17.4999999999999,225.));
#5588=CARTESIAN_POINT('',(-86.4515172442699,19.9999999999999,222.5));
#5589=CARTESIAN_POINT('',(-86.4515172442699,17.4999999999999,225.));
#5590=CARTESIAN_POINT('',(-87.,16.9515172442698,225.));
#5591=CARTESIAN_POINT('',(-87.,19.9999999999999,225.));
#5592=CARTESIAN_POINT('',(-86.4515172442699,19.9999999999999,225.));
#5593=CARTESIAN_POINT('',(-79.5000000000001,19.9999999999999,225.));
#5594=CARTESIAN_POINT('',(-79.5000000000001,19.9999999999999,222.5));
#5595=CARTESIAN_POINT('',(-67.0000000000001,20.,425.));
#5596=CARTESIAN_POINT('',(-67.0000000000001,20.,422.5));
#5597=CARTESIAN_POINT('',(-65.556624327026,20.,425.));
#5598=CARTESIAN_POINT('',(-67.0000000000001,20.,422.5));
#5599=CARTESIAN_POINT('',(-67.0000000000001,20.,425.));
#5600=CARTESIAN_POINT('',(-69.5000000000001,20.,425.));
#5601=CARTESIAN_POINT('',(-69.5000000000001,20.,422.5));
#5602=CARTESIAN_POINT('',(-72.0000000000001,20.,422.5));
#5603=CARTESIAN_POINT('',(-72.0000000000001,20.,425.));
#5604=CARTESIAN_POINT('',(-87.,20.,425.));
#5605=CARTESIAN_POINT('',(-86.4515172442699,20.,425.));
#5606=CARTESIAN_POINT('',(-86.4515172442699,17.5,425.));
#5607=CARTESIAN_POINT('',(-86.4515172442699,20.,422.5));
#5608=CARTESIAN_POINT('',(-87.,16.9515172442698,425.));
#5609=CARTESIAN_POINT('',(-87.,16.9515172442698,425.));
#5610=CARTESIAN_POINT('',(-87.,20.,425.));
#5611=CARTESIAN_POINT('',(-86.4515172442699,20.,425.));
#5612=CARTESIAN_POINT('',(-79.5000000000001,20.,425.));
#5613=CARTESIAN_POINT('',(-79.5000000000001,20.,422.5));
#5614=CARTESIAN_POINT('',(-62.,19.9999999999999,0.67116968793294));
#5615=CARTESIAN_POINT('',(-62.,19.9999999999999,0.671169687932935));
#5616=CARTESIAN_POINT('',(-58.6,19.9999999999999,0.671169687932935));
#5617=CARTESIAN_POINT('',(-64.4041630560343,22.4041630560342,0.671169687932935));
#5618=CARTESIAN_POINT('',(-58.6,19.9999999999999,0.67116968793294));
#5619=CARTESIAN_POINT('',(-57.4375,19.9999999999999,2.35922392732846E-15));
#5620=CARTESIAN_POINT('',(-62.,19.9999999999999,1.11022302462516E-16));
#5621=CARTESIAN_POINT('',(-62.,19.9999999999999,0.671169687932935));
#5622=CARTESIAN_POINT('',(-62.0000000000003,19.9999999999998,570.));
#5623=CARTESIAN_POINT('',(-59.595836943966,17.5958369439655,570.));
#5624=CARTESIAN_POINT('',(-62.0000000000003,19.9999999999998,567.957073895306));
#5625=CARTESIAN_POINT('',(-59.595836943966,17.5958369439655,570.));
#5626=CARTESIAN_POINT('',(-62.0000000000003,19.9999999999998,570.));
#5627=CARTESIAN_POINT('',(-62.,19.9999999999999,29.9999999999998));
#5628=CARTESIAN_POINT('',(-64.4041630560343,22.4041630560342,29.9999999999998));
#5629=CARTESIAN_POINT('',(-62.,19.9999999999999,32.0429261046935));
#5630=CARTESIAN_POINT('',(-64.4041630560343,22.4041630560342,29.9999999999998));
#5631=CARTESIAN_POINT('',(-62.,19.9999999999999,29.9999999999998));
#5632=CARTESIAN_POINT('',(-62.0000000000003,19.9999999999998,589.));
#5633=CARTESIAN_POINT('',(-62.0000000000003,19.9999999999998,578.));
#5634=CARTESIAN_POINT('',(-59.595836943966,17.5958369439655,578.));
#5635=CARTESIAN_POINT('',(-59.595836943966,17.5958369439655,589.));
#5636=CARTESIAN_POINT('',(-59.595836943966,17.5958369439655,599.328830312067));
#5637=CARTESIAN_POINT('',(-62.0000000000003,19.9999999999998,599.328830312067));
#5638=CARTESIAN_POINT('',(-65.4000000000002,19.9999999999998,599.328830312067));
#5639=CARTESIAN_POINT('',(-62.0000000000003,19.9999999999998,599.328830312067));
#5640=CARTESIAN_POINT('',(61.9999999999999,20.,26.));
#5641=CARTESIAN_POINT('',(61.9999999999999,20.,30.));
#5642=CARTESIAN_POINT('',(59.5958369439656,22.4041630560343,30.));
#5643=CARTESIAN_POINT('',(59.5958369439656,22.4041630560343,26.));
#5644=CARTESIAN_POINT('',(59.5958369439656,22.4041630560343,22.));
#5645=CARTESIAN_POINT('',(61.9999999999999,20.,22.));
#5646=CARTESIAN_POINT('',(61.9999999999998,19.9999999999998,600.));
#5647=CARTESIAN_POINT('',(61.9999999999998,19.9999999999998,599.328830312067));
#5648=CARTESIAN_POINT('',(58.5999999999998,19.9999999999998,599.328830312067));
#5649=CARTESIAN_POINT('',(64.4041630560341,17.5958369439655,599.328830312067));
#5650=CARTESIAN_POINT('',(57.4374999999999,19.9999999999998,600.));
#5651=CARTESIAN_POINT('',(57.4374999999999,19.9999999999998,600.));
#5652=CARTESIAN_POINT('',(61.9999999999998,19.9999999999998,600.));
#5653=CARTESIAN_POINT('',(61.9999999999998,19.9999999999998,599.328830312067));
#5654=CARTESIAN_POINT('',(-62.0000000000003,19.9999999999998,600.));
#5655=CARTESIAN_POINT('',(-66.5625000000002,19.9999999999998,600.));
#5656=CARTESIAN_POINT('',(-66.5625000000002,19.9999999999998,600.));
#5657=CARTESIAN_POINT('',(-62.0000000000003,19.9999999999998,600.));
#5658=CARTESIAN_POINT('',(-62.0000000000003,19.9999999999998,574.));
#5659=CARTESIAN_POINT('',(-59.595836943966,17.5958369439655,574.));
#5660=CARTESIAN_POINT('',(61.9999999999999,20.,30.));
#5661=CARTESIAN_POINT('',(59.5958369439656,22.4041630560343,30.));
#5662=CARTESIAN_POINT('',(61.9999999999999,20.,32.0429261046937));
#5663=CARTESIAN_POINT('',(61.9999999999998,19.9999999999998,574.));
#5664=CARTESIAN_POINT('',(61.9999999999998,19.9999999999998,570.));
#5665=CARTESIAN_POINT('',(64.4041630560341,17.5958369439655,570.));
#5666=CARTESIAN_POINT('',(64.4041630560341,17.5958369439655,574.));
#5667=CARTESIAN_POINT('',(64.4041630560341,17.5958369439655,578.));
#5668=CARTESIAN_POINT('',(61.9999999999998,19.9999999999998,578.));
#5669=CARTESIAN_POINT('',(61.9999999999998,19.9999999999998,570.));
#5670=CARTESIAN_POINT('',(64.4041630560341,17.5958369439655,570.));
#5671=CARTESIAN_POINT('',(61.9999999999998,19.9999999999998,567.957073895306));
#5672=CARTESIAN_POINT('',(-62.,19.9999999999999,10.9999999999998));
#5673=CARTESIAN_POINT('',(-62.,19.9999999999999,21.9999999999998));
#5674=CARTESIAN_POINT('',(-64.4041630560343,22.4041630560342,21.9999999999998));
#5675=CARTESIAN_POINT('',(-64.4041630560343,22.4041630560342,10.9999999999998));
#5676=CARTESIAN_POINT('',(61.9999999999999,20.,0.67116968793294));
#5677=CARTESIAN_POINT('',(61.9999999999999,20.,0.671169687932939));
#5678=CARTESIAN_POINT('',(65.3999999999999,20.,0.67116968793294));
#5679=CARTESIAN_POINT('',(59.5958369439656,22.4041630560343,0.67116968793294));
#5680=CARTESIAN_POINT('',(65.3999999999999,20.,0.67116968793294));
#5681=CARTESIAN_POINT('',(66.5624999999999,20.,1.66533453693773E-15));
#5682=CARTESIAN_POINT('',(61.9999999999999,20.,1.11022302462516E-16));
#5683=CARTESIAN_POINT('',(61.9999999999999,20.,0.671169687932939));
#5684=CARTESIAN_POINT('',(61.9999999999999,20.,11.));
#5685=CARTESIAN_POINT('',(59.5958369439656,22.4041630560343,11.));
#5686=CARTESIAN_POINT('',(42.5,-3.46944695195361E-14,375.));
#5687=CARTESIAN_POINT('',(42.5,0.,375.));
#5688=CARTESIAN_POINT('',(46.75,3.20546729256582E-15,375.));
#5689=CARTESIAN_POINT('',(46.75,-3.14890022269703E-14,375.));
#5690=CARTESIAN_POINT('',(46.75,30.0000000000001,375.));
#5691=CARTESIAN_POINT('',(42.5,30.0000000000001,375.));
#5692=CARTESIAN_POINT('',(42.5,-3.46944695195361E-14,425.));
#5693=CARTESIAN_POINT('',(42.5,0.,425.));
#5694=CARTESIAN_POINT('',(46.75,3.20546729256582E-15,425.));
#5695=CARTESIAN_POINT('',(46.75,-3.14890022269703E-14,425.));
#5696=CARTESIAN_POINT('',(46.75,30.0000000000001,425.));
#5697=CARTESIAN_POINT('',(42.5,30.0000000000001,425.));
#5698=CARTESIAN_POINT('',(31.,40.,600.));
#5699=CARTESIAN_POINT('',(-31.,40.,600.));
#5700=CARTESIAN_POINT('',(-31.,40.,600.));
#5701=CARTESIAN_POINT('',(-31.,40.,0.));
#5702=CARTESIAN_POINT('',(0.,40.,600.));
#5703=CARTESIAN_POINT('',(31.,40.,600.));
#5704=CARTESIAN_POINT('',(31.,40.,600.));
#5705=CARTESIAN_POINT('',(31.,40.,0.));
#5706=CARTESIAN_POINT('',(0.,40.,0.));
#5707=CARTESIAN_POINT('',(42.5,-3.46944695195361E-14,125.));
#5708=CARTESIAN_POINT('',(42.5,0.,125.));
#5709=CARTESIAN_POINT('',(46.75,3.20546729256582E-15,125.));
#5710=CARTESIAN_POINT('',(46.75,-3.14890022269703E-14,125.));
#5711=CARTESIAN_POINT('',(46.75,30.0000000000001,125.));
#5712=CARTESIAN_POINT('',(42.5,30.0000000000001,125.));
#5713=CARTESIAN_POINT('',(42.5,-3.46944695195361E-14,575.));
#5714=CARTESIAN_POINT('',(42.5,0.,575.));
#5715=CARTESIAN_POINT('',(46.75,3.20546729256582E-15,575.));
#5716=CARTESIAN_POINT('',(46.75,-3.14890022269703E-14,575.));
#5717=CARTESIAN_POINT('',(46.75,30.0000000000001,575.));
#5718=CARTESIAN_POINT('',(42.5,30.0000000000001,575.));
#5719=CARTESIAN_POINT('',(42.5,-3.46944695195361E-14,325.));
#5720=CARTESIAN_POINT('',(42.5,0.,325.));
#5721=CARTESIAN_POINT('',(46.75,3.20546729256582E-15,325.));
#5722=CARTESIAN_POINT('',(46.75,-3.14890022269703E-14,325.));
#5723=CARTESIAN_POINT('',(46.75,30.0000000000001,325.));
#5724=CARTESIAN_POINT('',(42.5,30.0000000000001,325.));
#5725=CARTESIAN_POINT('',(42.5,-3.46944695195361E-14,525.));
#5726=CARTESIAN_POINT('',(42.5,0.,525.));
#5727=CARTESIAN_POINT('',(46.75,3.20546729256582E-15,525.));
#5728=CARTESIAN_POINT('',(46.75,-3.14890022269703E-14,525.));
#5729=CARTESIAN_POINT('',(46.75,30.0000000000001,525.));
#5730=CARTESIAN_POINT('',(42.5,30.0000000000001,525.));
#5731=CARTESIAN_POINT('',(42.5,-3.46944695195361E-14,225.));
#5732=CARTESIAN_POINT('',(42.5,0.,225.));
#5733=CARTESIAN_POINT('',(46.75,3.20546729256582E-15,225.));
#5734=CARTESIAN_POINT('',(46.75,-3.14890022269703E-14,225.));
#5735=CARTESIAN_POINT('',(46.75,30.0000000000001,225.));
#5736=CARTESIAN_POINT('',(42.5,30.0000000000001,225.));
#5737=CARTESIAN_POINT('',(42.5,-3.46944695195361E-14,275.));
#5738=CARTESIAN_POINT('',(42.5,0.,275.));
#5739=CARTESIAN_POINT('',(46.75,3.20546729256582E-15,275.));
#5740=CARTESIAN_POINT('',(46.75,-3.14890022269703E-14,275.));
#5741=CARTESIAN_POINT('',(46.75,30.0000000000001,275.));
#5742=CARTESIAN_POINT('',(42.5,30.0000000000001,275.));
#5743=CARTESIAN_POINT('',(42.5,-3.46944695195361E-14,475.));
#5744=CARTESIAN_POINT('',(42.5,0.,475.));
#5745=CARTESIAN_POINT('',(46.75,3.20546729256582E-15,475.));
#5746=CARTESIAN_POINT('',(46.75,-3.14890022269703E-14,475.));
#5747=CARTESIAN_POINT('',(46.75,30.0000000000001,475.));
#5748=CARTESIAN_POINT('',(42.5,30.0000000000001,475.));
#5749=CARTESIAN_POINT('',(42.5,-3.46944695195361E-14,75.));
#5750=CARTESIAN_POINT('',(42.5,0.,75.));
#5751=CARTESIAN_POINT('',(46.75,3.20546729256582E-15,75.));
#5752=CARTESIAN_POINT('',(46.75,-3.14890022269703E-14,75.));
#5753=CARTESIAN_POINT('',(46.75,30.0000000000001,75.));
#5754=CARTESIAN_POINT('',(42.5,30.0000000000001,75.));
#5755=CARTESIAN_POINT('',(-62.,19.9999999999999,25.9999999999998));
#5756=CARTESIAN_POINT('',(-64.4041630560343,22.4041630560342,25.9999999999998));
#5757=CARTESIAN_POINT('',(87.,40.,600.));
#5758=CARTESIAN_POINT('',(54.,40.,600.));
#5759=CARTESIAN_POINT('',(54.,40.,600.));
#5760=CARTESIAN_POINT('',(54.,40.,0.));
#5761=CARTESIAN_POINT('',(0.,40.,600.));
#5762=CARTESIAN_POINT('',(87.,40.,600.));
#5763=CARTESIAN_POINT('',(87.,40.,600.));
#5764=CARTESIAN_POINT('',(87.,40.,0.));
#5765=CARTESIAN_POINT('',(0.,40.,0.));
#5766=CARTESIAN_POINT('',(-42.5,-9.71445146547012E-14,375.));
#5767=CARTESIAN_POINT('',(-42.5,0.,375.));
#5768=CARTESIAN_POINT('',(-38.2500000000001,3.20546729256579E-15,375.));
#5769=CARTESIAN_POINT('',(-38.2500000000001,-9.39390473621354E-14,375.));
#5770=CARTESIAN_POINT('',(-38.2500000000001,30.,375.));
#5771=CARTESIAN_POINT('',(-42.5,30.,375.));
#5772=CARTESIAN_POINT('',(-31.,30.,600.));
#5773=CARTESIAN_POINT('',(-31.,30.,600.));
#5774=CARTESIAN_POINT('',(-31.,30.,600.));
#5775=CARTESIAN_POINT('',(-31.,30.,0.));
#5776=CARTESIAN_POINT('',(-31.,0.,600.));
#5777=CARTESIAN_POINT('',(-31.,0.,0.));
#5778=CARTESIAN_POINT('',(31.,30.,600.));
#5779=CARTESIAN_POINT('',(31.,0.,600.));
#5780=CARTESIAN_POINT('',(31.,30.,600.));
#5781=CARTESIAN_POINT('',(31.,30.,600.));
#5782=CARTESIAN_POINT('',(31.,30.,0.));
#5783=CARTESIAN_POINT('',(31.,0.,0.));
#5784=CARTESIAN_POINT('',(61.9999999999998,19.9999999999998,589.));
#5785=CARTESIAN_POINT('',(64.4041630560341,17.5958369439655,589.));
#5786=CARTESIAN_POINT('',(-54.,30.,600.));
#5787=CARTESIAN_POINT('',(-42.5,30.,75.));
#5788=CARTESIAN_POINT('',(-38.2500000000001,30.,75.));
#5789=CARTESIAN_POINT('',(-42.5,30.,125.));
#5790=CARTESIAN_POINT('',(-38.2500000000001,30.,125.));
#5791=CARTESIAN_POINT('',(-42.5,30.,175.));
#5792=CARTESIAN_POINT('',(-38.2500000000001,30.,175.));
#5793=CARTESIAN_POINT('',(-42.5,30.,225.));
#5794=CARTESIAN_POINT('',(-38.2500000000001,30.,225.));
#5795=CARTESIAN_POINT('',(-42.5,30.,275.));
#5796=CARTESIAN_POINT('',(-38.2500000000001,30.,275.));
#5797=CARTESIAN_POINT('',(-42.5,30.,325.));
#5798=CARTESIAN_POINT('',(-38.2500000000001,30.,325.));
#5799=CARTESIAN_POINT('',(-42.5,30.,425.));
#5800=CARTESIAN_POINT('',(-38.2500000000001,30.,425.));
#5801=CARTESIAN_POINT('',(-42.5,30.,475.));
#5802=CARTESIAN_POINT('',(-38.2500000000001,30.,475.));
#5803=CARTESIAN_POINT('',(-42.5,30.,525.));
#5804=CARTESIAN_POINT('',(-38.2500000000001,30.,525.));
#5805=CARTESIAN_POINT('',(-42.5,30.,575.));
#5806=CARTESIAN_POINT('',(-38.2500000000001,30.,575.));
#5807=CARTESIAN_POINT('',(-42.5,30.,24.9999999999999));
#5808=CARTESIAN_POINT('',(-38.2500000000001,30.,24.9999999999999));
#5809=CARTESIAN_POINT('',(-54.,30.,600.));
#5810=CARTESIAN_POINT('',(-54.,30.,600.));
#5811=CARTESIAN_POINT('',(-54.,30.,0.));
#5812=CARTESIAN_POINT('',(0.,30.,600.));
#5813=CARTESIAN_POINT('',(0.,30.,0.));
#5814=CARTESIAN_POINT('',(-42.5,-9.71445146547012E-14,175.));
#5815=CARTESIAN_POINT('',(-42.5,0.,175.));
#5816=CARTESIAN_POINT('',(-38.2500000000001,3.20546729256579E-15,175.));
#5817=CARTESIAN_POINT('',(-38.2500000000001,-9.39390473621354E-14,175.));
#5818=CARTESIAN_POINT('',(42.5,-3.46944695195361E-14,175.));
#5819=CARTESIAN_POINT('',(42.5,0.,175.));
#5820=CARTESIAN_POINT('',(46.75,3.20546729256582E-15,175.));
#5821=CARTESIAN_POINT('',(46.75,-3.14890022269703E-14,175.));
#5822=CARTESIAN_POINT('',(46.75,30.0000000000001,175.));
#5823=CARTESIAN_POINT('',(42.5,30.0000000000001,175.));
#5824=CARTESIAN_POINT('',(54.,40.,600.));
#5825=CARTESIAN_POINT('',(54.,30.,600.));
#5826=CARTESIAN_POINT('',(54.,30.,600.));
#5827=CARTESIAN_POINT('',(54.,30.,0.));
#5828=CARTESIAN_POINT('',(54.,0.,600.));
#5829=CARTESIAN_POINT('',(54.,0.,0.));
#5830=CARTESIAN_POINT('',(-42.5,-9.71445146547012E-14,24.9999999999999));
#5831=CARTESIAN_POINT('',(-42.5,0.,24.9999999999999));
#5832=CARTESIAN_POINT('',(-38.2500000000001,3.20546729256579E-15,24.9999999999999));
#5833=CARTESIAN_POINT('',(-38.2500000000001,-9.39390473621354E-14,24.9999999999999));
#5834=CARTESIAN_POINT('',(-87.,40.,600.));
#5835=CARTESIAN_POINT('',(-87.,40.,0.));
#5836=CARTESIAN_POINT('',(-87.,40.,0.));
#5837=CARTESIAN_POINT('',(-87.,40.,600.));
#5838=CARTESIAN_POINT('',(0.,40.,600.));
#5839=CARTESIAN_POINT('',(-54.,40.,600.));
#5840=CARTESIAN_POINT('',(-54.,40.,600.));
#5841=CARTESIAN_POINT('',(-54.,40.,0.));
#5842=CARTESIAN_POINT('',(0.,40.,0.));
#5843=CARTESIAN_POINT('',(-54.,40.,0.));
#5844=CARTESIAN_POINT('',(0.,0.,0.));
#5845=CARTESIAN_POINT('',(87.,0.,0.));
#5846=CARTESIAN_POINT('',(-87.,0.,0.));
#5847=CARTESIAN_POINT('',(-87.,0.,0.));
#5848=CARTESIAN_POINT('',(-54.,0.,0.));
#5849=CARTESIAN_POINT('',(0.,30.,0.));
#5850=CARTESIAN_POINT('',(87.,0.,0.));
#5851=CARTESIAN_POINT('',(-42.5,-9.71445146547012E-14,75.));
#5852=CARTESIAN_POINT('',(-42.5,0.,75.));
#5853=CARTESIAN_POINT('',(-38.2500000000001,3.20546729256579E-15,75.));
#5854=CARTESIAN_POINT('',(-38.2500000000001,-9.39390473621354E-14,75.));
#5855=CARTESIAN_POINT('',(87.,0.,600.));
#5856=CARTESIAN_POINT('',(87.,0.,600.));
#5857=CARTESIAN_POINT('',(87.,0.,600.));
#5858=CARTESIAN_POINT('',(87.,0.,0.));
#5859=CARTESIAN_POINT('',(-87.,0.,600.));
#5860=CARTESIAN_POINT('',(-87.,0.,0.));
#5861=CARTESIAN_POINT('',(-87.,0.,600.));
#5862=CARTESIAN_POINT('',(-87.,0.,600.));
#5863=CARTESIAN_POINT('',(-42.5,-9.71445146547012E-14,275.));
#5864=CARTESIAN_POINT('',(-42.5,0.,275.));
#5865=CARTESIAN_POINT('',(-38.2500000000001,3.20546729256579E-15,275.));
#5866=CARTESIAN_POINT('',(-38.2500000000001,-9.39390473621354E-14,275.));
#5867=CARTESIAN_POINT('',(-42.5,-9.71445146547012E-14,575.));
#5868=CARTESIAN_POINT('',(-42.5,0.,575.));
#5869=CARTESIAN_POINT('',(-38.2500000000001,3.20546729256579E-15,575.));
#5870=CARTESIAN_POINT('',(-38.2500000000001,-9.39390473621354E-14,575.));
#5871=CARTESIAN_POINT('',(-87.,0.,600.));
#5872=CARTESIAN_POINT('',(42.5,0.,24.9999999999999));
#5873=CARTESIAN_POINT('',(46.75,3.20546729256582E-15,24.9999999999999));
#5874=CARTESIAN_POINT('',(-42.5,0.,525.));
#5875=CARTESIAN_POINT('',(-38.2500000000001,3.20546729256579E-15,525.));
#5876=CARTESIAN_POINT('',(-42.5,0.,475.));
#5877=CARTESIAN_POINT('',(-38.2500000000001,3.20546729256579E-15,475.));
#5878=CARTESIAN_POINT('',(-42.5,0.,425.));
#5879=CARTESIAN_POINT('',(-38.2500000000001,3.20546729256579E-15,425.));
#5880=CARTESIAN_POINT('',(-42.5,0.,325.));
#5881=CARTESIAN_POINT('',(-38.2500000000001,3.20546729256579E-15,325.));
#5882=CARTESIAN_POINT('',(-42.5,0.,225.));
#5883=CARTESIAN_POINT('',(-38.2500000000001,3.20546729256579E-15,225.));
#5884=CARTESIAN_POINT('',(-42.5,0.,125.));
#5885=CARTESIAN_POINT('',(-38.2500000000001,3.20546729256579E-15,125.));
#5886=CARTESIAN_POINT('',(0.,0.,600.));
#5887=CARTESIAN_POINT('',(-42.5,-9.71445146547012E-14,325.));
#5888=CARTESIAN_POINT('',(-38.2500000000001,-9.39390473621354E-14,325.));
#5889=CARTESIAN_POINT('',(-42.5,-9.71445146547012E-14,125.));
#5890=CARTESIAN_POINT('',(-38.2500000000001,-9.39390473621354E-14,125.));
#5891=CARTESIAN_POINT('',(-42.5,-9.71445146547012E-14,225.));
#5892=CARTESIAN_POINT('',(-38.2500000000001,-9.39390473621354E-14,225.));
#5893=CARTESIAN_POINT('',(-42.5,-9.71445146547012E-14,475.));
#5894=CARTESIAN_POINT('',(-38.2500000000001,-9.39390473621354E-14,475.));
#5895=CARTESIAN_POINT('',(-42.5,-9.71445146547012E-14,525.));
#5896=CARTESIAN_POINT('',(-38.2500000000001,-9.39390473621354E-14,525.));
#5897=CARTESIAN_POINT('',(-54.,40.,600.));
#5898=CARTESIAN_POINT('',(-54.,0.,600.));
#5899=CARTESIAN_POINT('',(42.5,-3.46944695195361E-14,24.9999999999999));
#5900=CARTESIAN_POINT('',(46.75,-3.14890022269703E-14,24.9999999999999));
#5901=CARTESIAN_POINT('',(46.75,30.0000000000001,24.9999999999999));
#5902=CARTESIAN_POINT('',(42.5,30.0000000000001,24.9999999999999));
#5903=CARTESIAN_POINT('',(54.,30.,600.));
#5904=CARTESIAN_POINT('',(0.,30.,600.));
#5905=CARTESIAN_POINT('',(-54.,40.,600.));
#5906=CARTESIAN_POINT('',(-42.5,-9.71445146547012E-14,425.));
#5907=CARTESIAN_POINT('',(-38.2500000000001,-9.39390473621354E-14,425.));
#5908=CARTESIAN_POINT('',(0.,-20.,-300.));
#5909=CARTESIAN_POINT('',(67.0000000000001,20.0000000000004,25.));
#5910=CARTESIAN_POINT('',(66.1316504015691,20.9959743767858,25.));
#5911=CARTESIAN_POINT('',(66.1316774161321,20.9958623109206,25.2958710056944));
#5912=CARTESIAN_POINT('',(66.1831372194016,20.8219750624874,25.8769062068304));
#5913=CARTESIAN_POINT('',(66.25,20.2767109507364,26.2009618943231));
#5914=CARTESIAN_POINT('',(66.25,20.0000000000004,26.2009618943231));
#5915=CARTESIAN_POINT('',(66.1316504015691,20.9959743767858,25.));
#5916=CARTESIAN_POINT('',(66.25,20.0000000000004,26.2009618943231));
#5917=CARTESIAN_POINT('',(66.25,20.0000000000004,26.2009618943231));
#5918=CARTESIAN_POINT('',(66.25,19.790956315684,26.2009618943231));
#5919=CARTESIAN_POINT('',(66.2131704986644,19.367499977653,26.0178994904559));
#5920=CARTESIAN_POINT('',(66.13697039812,19.0230262077918,25.4455093013465));
#5921=CARTESIAN_POINT('',(66.1230556950881,18.9698315138527,24.7800137658438));
#5922=CARTESIAN_POINT('',(66.1844568150878,19.221188428925,24.1503689088612));
#5923=CARTESIAN_POINT('',(66.2610448269641,19.770629690503,23.7425426281937));
#5924=CARTESIAN_POINT('',(66.2406952253327,20.446028568322,23.8394424458646));
#5925=CARTESIAN_POINT('',(66.1586412577736,20.8907354781887,24.3384274658616));
#5926=CARTESIAN_POINT('',(66.1316702052758,20.9958922240771,24.7831042974368));
#5927=CARTESIAN_POINT('',(66.1316504015691,20.9959743767858,25.));
#5928=CARTESIAN_POINT('',(67.0000000000001,20.0000000000004,27.4999999999999));
#5929=CARTESIAN_POINT('',(67.0000000000001,20.0000000000004,27.4999999999999));
#5930=CARTESIAN_POINT('',(67.0000000000001,20.0000000000004,25.));
#5931=CARTESIAN_POINT('',(69.5000000000001,20.0000000000004,25.));
#5932=CARTESIAN_POINT('',(69.5000000000001,20.0000000000004,27.4999999999999));
#5933=CARTESIAN_POINT('',(72.0000000000001,20.0000000000003,27.5000000000001));
#5934=CARTESIAN_POINT('',(72.0000000000001,20.0000000000003,25.0000000000001));
#5935=CARTESIAN_POINT('',(86.4515172442699,20.0000000000003,25.0000000000001));
#5936=CARTESIAN_POINT('',(86.4515172442699,20.0000000000003,25.0000000000001));
#5937=CARTESIAN_POINT('',(86.4515172442699,20.0000000000003,27.5000000000001));
#5938=CARTESIAN_POINT('',(86.4515172442699,22.5000000000003,25.0000000000001));
#5939=CARTESIAN_POINT('',(86.4515172442699,20.0000000000003,25.0000000000001));
#5940=CARTESIAN_POINT('',(86.4515172442699,22.5000000000003,25.0000000000001));
#5941=CARTESIAN_POINT('',(87.,23.0484827557304,25.0000000000001));
#5942=CARTESIAN_POINT('',(87.,20.0000000000003,25.0000000000001));
#5943=CARTESIAN_POINT('',(79.5000000000001,20.0000000000003,25.0000000000001));
#5944=CARTESIAN_POINT('',(79.5000000000001,20.0000000000003,27.5000000000001));
#5945=CARTESIAN_POINT('',(-87.,20.0000000000001,24.9999999999995));
#5946=CARTESIAN_POINT('',(-86.4515172442699,20.0000000000001,24.9999999999995));
#5947=CARTESIAN_POINT('',(-86.4515172442699,17.5000000000004,24.9999999999995));
#5948=CARTESIAN_POINT('',(-86.4515172442699,20.0000000000001,22.4999999999997));
#5949=CARTESIAN_POINT('',(-87.,16.9515172442702,24.9999999999995));
#5950=CARTESIAN_POINT('',(-87.,16.9515172442702,24.9999999999995));
#5951=CARTESIAN_POINT('',(-87.,20.0000000000001,24.9999999999995));
#5952=CARTESIAN_POINT('',(-86.4515172442699,20.0000000000001,24.9999999999995));
#5953=CARTESIAN_POINT('',(-79.5000000000001,20.0000000000001,24.9999999999995));
#5954=CARTESIAN_POINT('',(-72.0000000000001,20.0000000000001,24.9999999999995));
#5955=CARTESIAN_POINT('',(-72.0000000000001,20.0000000000001,22.4999999999998));
#5956=CARTESIAN_POINT('',(-79.5000000000001,20.0000000000001,22.4999999999997));
#5957=CARTESIAN_POINT('',(42.5,35.,25.));
#5958=CARTESIAN_POINT('',(42.5,33.8,25.));
#5959=CARTESIAN_POINT('',(50.,33.8,25.));
#5960=CARTESIAN_POINT('',(50.,35.,25.));
#5961=CARTESIAN_POINT('',(50.,40.,25.));
#5962=CARTESIAN_POINT('',(42.5,40.,25.));
#5963=CARTESIAN_POINT('',(0.,0.,72.));
#5964=CARTESIAN_POINT('',(42.5,0.,25.));
#5965=CARTESIAN_POINT('',(47.,3.58870919092702E-16,25.));
#5966=CARTESIAN_POINT('',(-42.5,0.,25.));
#5967=CARTESIAN_POINT('',(-38.,3.58870919092702E-16,25.));
#5968=CARTESIAN_POINT('',(87.,0.,0.));
#5969=CARTESIAN_POINT('',(87.,0.,50.));
#5970=CARTESIAN_POINT('',(87.,0.,0.));
#5971=CARTESIAN_POINT('',(0.,0.,50.));
#5972=CARTESIAN_POINT('',(-87.,0.,50.));
#5973=CARTESIAN_POINT('',(-87.,0.,0.));
#5974=CARTESIAN_POINT('',(-87.,0.,0.));
#5975=CARTESIAN_POINT('',(0.,0.,0.));
#5976=CARTESIAN_POINT('',(-42.5,35.,25.));
#5977=CARTESIAN_POINT('',(-42.5,33.8,25.));
#5978=CARTESIAN_POINT('',(-35.,33.8,25.));
#5979=CARTESIAN_POINT('',(-35.,35.,25.));
#5980=CARTESIAN_POINT('',(-35.,40.,25.));
#5981=CARTESIAN_POINT('',(-42.5,40.,25.));
#5982=CARTESIAN_POINT('',(42.5,-0.00100000000000794,25.));
#5983=CARTESIAN_POINT('',(47.,-0.00100000000000758,25.));
#5984=CARTESIAN_POINT('',(47.,33.8,25.));
#5985=CARTESIAN_POINT('',(42.5,33.8,25.));
#5986=CARTESIAN_POINT('',(87.,40.,72.));
#5987=CARTESIAN_POINT('',(87.,0.,0.));
#5988=CARTESIAN_POINT('',(87.,40.,0.));
#5989=CARTESIAN_POINT('',(87.,40.,0.));
#5990=CARTESIAN_POINT('',(87.,40.,50.));
#5991=CARTESIAN_POINT('',(87.,0.,50.));
#5992=CARTESIAN_POINT('',(-42.5,-0.00100000000000794,25.));
#5993=CARTESIAN_POINT('',(-38.,-0.00100000000000758,25.));
#5994=CARTESIAN_POINT('',(-38.,33.8,25.));
#5995=CARTESIAN_POINT('',(-42.5,33.8,25.));
#5996=CARTESIAN_POINT('',(-87.,1.06540752782547E-14,72.));
#5997=CARTESIAN_POINT('',(-87.,0.,50.));
#5998=CARTESIAN_POINT('',(-87.,40.,50.));
#5999=CARTESIAN_POINT('',(-87.,40.,0.));
#6000=CARTESIAN_POINT('',(-87.,40.,0.));
#6001=CARTESIAN_POINT('',(-87.,0.,0.));
#6002=CARTESIAN_POINT('',(87.,0.,0.));
#6003=CARTESIAN_POINT('',(-62.,20.,0.));
#6004=CARTESIAN_POINT('',(-58.9947961799572,23.0052038200428,0.));
#6005=CARTESIAN_POINT('',(62.,20.,0.));
#6006=CARTESIAN_POINT('',(65.0052038200428,23.0052038200428,0.));
#6007=CARTESIAN_POINT('',(0.,40.,0.));
#6008=CARTESIAN_POINT('',(42.5,33.8,25.));
#6009=CARTESIAN_POINT('',(-42.5,33.8,25.));
#6010=CARTESIAN_POINT('',(0.,40.,72.));
#6011=CARTESIAN_POINT('',(0.,40.,50.));
#6012=CARTESIAN_POINT('',(-69.5000000000001,20.0000000000001,24.9999999999995));
#6013=CARTESIAN_POINT('',(-67.0000000000001,20.0000000000001,24.9999999999995));
#6014=CARTESIAN_POINT('',(-67.0000000000001,20.0000000000001,22.4999999999998));
#6015=CARTESIAN_POINT('',(-69.5000000000001,20.0000000000001,22.4999999999997));
#6016=CARTESIAN_POINT('',(-67.0000000000001,20.0000000000001,24.9999999999995));
#6017=CARTESIAN_POINT('',(-66.1316504015692,20.9959743767855,24.9999999999995));
#6018=CARTESIAN_POINT('',(-66.1316774161318,20.995862310922,24.7041289943813));
#6019=CARTESIAN_POINT('',(-66.1831372194018,20.8219750624688,24.123093793131));
#6020=CARTESIAN_POINT('',(-66.25,20.2767109507711,23.7990381056765));
#6021=CARTESIAN_POINT('',(-66.25,20.0000000000001,23.7990381056765));
#6022=CARTESIAN_POINT('',(-66.1316504015692,20.9959743767856,24.9999999999995));
#6023=CARTESIAN_POINT('',(-66.25,20.0000000000001,23.7990381056765));
#6024=CARTESIAN_POINT('',(-66.25,20.0000000000001,23.7990381056765));
#6025=CARTESIAN_POINT('',(-66.25,19.790956315704,23.7990381056765));
#6026=CARTESIAN_POINT('',(-66.2131704986644,19.3674999776433,23.9821005095438));
#6027=CARTESIAN_POINT('',(-66.13697039812,19.0230262077942,24.5544906986531));
#6028=CARTESIAN_POINT('',(-66.1230556950881,18.9698315138519,25.2199862341557));
#6029=CARTESIAN_POINT('',(-66.1844568150878,19.221188428925,25.8496310911385));
#6030=CARTESIAN_POINT('',(-66.2610448269641,19.7706296905028,26.2574573718047));
#6031=CARTESIAN_POINT('',(-66.2406952253327,20.4460285683219,26.1605575541389));
#6032=CARTESIAN_POINT('',(-66.1586412577737,20.8907354781883,25.6615725341224));
#6033=CARTESIAN_POINT('',(-66.1316702052758,20.9958922240771,25.2168957025961));
#6034=CARTESIAN_POINT('',(-66.1316504015692,20.9959743767855,24.9999999999995));
#6035=CARTESIAN_POINT('',(-67.0000000000001,20.0000000000001,22.4999999999997));
#6036=CARTESIAN_POINT('',(-62.,20.,20.));
#6037=CARTESIAN_POINT('',(-58.9947961799572,23.0052038200428,20.));
#6038=CARTESIAN_POINT('',(-58.9947961799572,23.0052038200428,40.));
#6039=CARTESIAN_POINT('',(-62.,20.,40.));
#6040=CARTESIAN_POINT('',(-57.845747660529,15.8457476605291,40.));
#6041=CARTESIAN_POINT('',(-62.,20.,40.));
#6042=CARTESIAN_POINT('',(-56.6966991411009,25.3033008588991,40.));
#6043=CARTESIAN_POINT('',(-62.,20.,45.));
#6044=CARTESIAN_POINT('',(-56.6966991411009,25.3033008588991,45.));
#6045=CARTESIAN_POINT('',(-56.6966991411009,25.3033008588991,50.));
#6046=CARTESIAN_POINT('',(-62.,20.,50.));
#6047=CARTESIAN_POINT('',(62.,20.,19.9999999999998));
#6048=CARTESIAN_POINT('',(65.0052038200428,23.0052038200428,19.9999999999998));
#6049=CARTESIAN_POINT('',(65.0052038200428,23.0052038200428,39.9999999999998));
#6050=CARTESIAN_POINT('',(62.,20.,39.9999999999998));
#6051=CARTESIAN_POINT('',(66.1542523394708,15.8457476605289,39.9999999999998));
#6052=CARTESIAN_POINT('',(62.,20.,39.9999999999998));
#6053=CARTESIAN_POINT('',(67.3033008588991,25.3033008588991,39.9999999999998));
#6054=CARTESIAN_POINT('',(62.,20.,44.9999999999998));
#6055=CARTESIAN_POINT('',(67.3033008588991,25.3033008588991,44.9999999999998));
#6056=CARTESIAN_POINT('',(67.3033008588991,25.3033008588991,50.));
#6057=CARTESIAN_POINT('',(62.,20.,50.));
#6058=CARTESIAN_POINT('',(87.,-7.105427357601E-15,50.));
#6059=CARTESIAN_POINT('',(-2.22044604925031E-13,-20.0000000000002,300.));
#6060=CARTESIAN_POINT('',(-206.261328007576,-236.611831845342,1184.21928143971));
#6061=CARTESIAN_POINT('',(-206.978715550191,-235.894444302727,1316.));
#6062=CARTESIAN_POINT('',(-209.276812589047,-233.596347263871,1316.));
#6063=CARTESIAN_POINT('',(-206.978715550191,-235.894444302727,716.));
#6064=CARTESIAN_POINT('',(-209.276812589047,-233.596347263871,716.));
#6065=CARTESIAN_POINT('',(-206.978715550191,-235.894444302727,916.));
#6066=CARTESIAN_POINT('',(-209.276812589047,-233.596347263871,916.));
#6067=CARTESIAN_POINT('',(-206.978715550191,-235.894444302727,1116.));
#6068=CARTESIAN_POINT('',(-209.276812589047,-233.596347263871,1116.));
#6069=CARTESIAN_POINT('',(-192.83657992646,-250.036579926459,691.000000000001));
#6070=CARTESIAN_POINT('',(-192.83657992646,-250.036579926459,691.000000000001));
#6071=CARTESIAN_POINT('',(-221.120851173922,-221.752308678997,691.000000000001));
#6072=CARTESIAN_POINT('',(-221.120851173922,-221.752308678996,691.000000000001));
#6073=CARTESIAN_POINT('',(-221.120851173922,-221.752308678996,1341.));
#6074=CARTESIAN_POINT('',(-221.120851173922,-221.752308678996,1341.));
#6075=CARTESIAN_POINT('',(-192.83657992646,-250.036579926458,1341.));
#6076=CARTESIAN_POINT('',(-192.83657992646,-250.036579926458,1341.));
#6077=CARTESIAN_POINT('',(-209.181268548397,-238.217374704115,1091.98258558485));
#6078=CARTESIAN_POINT('',(-209.241457249988,-238.157186002524,716.));
#6079=CARTESIAN_POINT('',(-211.539554288844,-235.859088963668,716.));
#6080=CARTESIAN_POINT('',(-209.241457249988,-238.157186002524,716.));
#6081=CARTESIAN_POINT('',(-213.130544546514,-234.268098705998,716.));
#6082=CARTESIAN_POINT('',(-214.049783362056,-242.965512114593,716.));
#6083=CARTESIAN_POINT('',(-217.938870658582,-239.076424818067,716.));
#6084=CARTESIAN_POINT('',(-217.938870658582,-239.076424818067,716.));
#6085=CARTESIAN_POINT('',(-214.049783362056,-242.965512114593,716.));
#6086=CARTESIAN_POINT('',(-213.332395819441,-243.682899657208,1184.21928143971));
#6087=CARTESIAN_POINT('',(-214.049783362056,-242.965512114593,916.));
#6088=CARTESIAN_POINT('',(-217.938870658582,-239.076424818067,916.));
#6089=CARTESIAN_POINT('',(-214.049783362056,-242.965512114593,1116.));
#6090=CARTESIAN_POINT('',(-217.938870658582,-239.076424818067,1116.));
#6091=CARTESIAN_POINT('',(-214.049783362056,-242.965512114593,1316.));
#6092=CARTESIAN_POINT('',(-217.938870658582,-239.076424818067,1316.));
#6093=CARTESIAN_POINT('',(-199.907647738325,-257.107647738324,1341.));
#6094=CARTESIAN_POINT('',(-199.907647738325,-257.107647738324,1341.));
#6095=CARTESIAN_POINT('',(-199.907647738325,-257.107647738324,691.000000000001));
#6096=CARTESIAN_POINT('',(-228.191918985787,-228.823376490862,1341.));
#6097=CARTESIAN_POINT('',(-219.706637611549,-237.3086578651,1341.));
#6098=CARTESIAN_POINT('',(-219.706637611549,-237.3086578651,1184.21928143971));
#6099=CARTESIAN_POINT('',(-219.706637611549,-237.3086578651,691.000000000001));
#6100=CARTESIAN_POINT('',(-199.907647738325,-257.107647738324,691.000000000001));
#6101=CARTESIAN_POINT('',(-221.584075571421,-241.08807415472,1271.1003095743));
#6102=CARTESIAN_POINT('',(-231.020346110534,-231.651803615608,691.000000000001));
#6103=CARTESIAN_POINT('',(-231.020346110534,-231.651803615608,691.000000000001));
#6104=CARTESIAN_POINT('',(-231.020346110533,-231.651803615608,1341.));
#6105=CARTESIAN_POINT('',(-222.535064736295,-240.137084989847,691.000000000001));
#6106=CARTESIAN_POINT('',(-222.535064736295,-240.137084989847,691.000000000001));
#6107=CARTESIAN_POINT('',(-222.535064736295,-240.137084989846,1341.));
#6108=CARTESIAN_POINT('',(-222.535064736295,-240.137084989846,1341.));
#6109=CARTESIAN_POINT('',(-231.020346110533,-231.651803615608,1341.));
#6110=CARTESIAN_POINT('',(-219.706637611549,-237.3086578651,691.000000000001));
#6111=CARTESIAN_POINT('',(-219.706637611549,-237.3086578651,691.000000000001));
#6112=CARTESIAN_POINT('',(-228.191918985787,-228.823376490862,691.000000000001));
#6113=CARTESIAN_POINT('',(-192.83657992646,-250.036579926459,691.000000000001));
#6114=CARTESIAN_POINT('',(-219.706637611549,-237.3086578651,1341.));
#6115=CARTESIAN_POINT('',(-219.706637611549,-237.3086578651,1341.));
#6116=CARTESIAN_POINT('',(-206.978715550191,-235.894444302727,916.));
#6117=CARTESIAN_POINT('',(-209.276812589047,-233.596347263871,916.));
#6118=CARTESIAN_POINT('',(-211.539554288844,-235.859088963668,916.));
#6119=CARTESIAN_POINT('',(-209.241457249988,-238.157186002524,916.));
#6120=CARTESIAN_POINT('',(-209.181268548397,-238.217374704115,1091.98258558485));
#6121=CARTESIAN_POINT('',(-209.241457249988,-238.157186002524,1116.));
#6122=CARTESIAN_POINT('',(-211.539554288844,-235.859088963668,1116.));
#6123=CARTESIAN_POINT('',(-209.241457249988,-238.157186002524,1116.));
#6124=CARTESIAN_POINT('',(-213.130544546514,-234.268098705998,1116.));
#6125=CARTESIAN_POINT('',(-214.049783362056,-242.965512114593,1116.));
#6126=CARTESIAN_POINT('',(-217.938870658582,-239.076424818067,1116.));
#6127=CARTESIAN_POINT('',(-206.978715550191,-235.894444302727,1316.));
#6128=CARTESIAN_POINT('',(-209.276812589047,-233.596347263871,1316.));
#6129=CARTESIAN_POINT('',(-211.539554288844,-235.859088963668,1316.));
#6130=CARTESIAN_POINT('',(-209.241457249988,-238.157186002524,1316.));
#6131=CARTESIAN_POINT('',(-209.181268548397,-238.217374704115,1091.98258558485));
#6132=CARTESIAN_POINT('',(-209.241457249988,-238.157186002524,1316.));
#6133=CARTESIAN_POINT('',(-213.130544546514,-234.268098705998,1316.));
#6134=CARTESIAN_POINT('',(-214.049783362056,-242.965512114593,1316.));
#6135=CARTESIAN_POINT('',(-217.938870658582,-239.076424818067,1316.));
#6136=CARTESIAN_POINT('',(-206.978715550191,-235.894444302727,716.));
#6137=CARTESIAN_POINT('',(-209.276812589047,-233.596347263871,716.));
#6138=CARTESIAN_POINT('',(-209.181268548397,-238.217374704115,1091.98258558485));
#6139=CARTESIAN_POINT('',(-209.241457249988,-238.157186002524,916.));
#6140=CARTESIAN_POINT('',(-213.130544546514,-234.268098705998,916.));
#6141=CARTESIAN_POINT('',(-214.049783362056,-242.965512114593,916.));
#6142=CARTESIAN_POINT('',(-217.938870658582,-239.076424818067,916.));
#6143=CARTESIAN_POINT('',(-206.978715550191,-235.894444302727,1116.));
#6144=CARTESIAN_POINT('',(-209.276812589047,-233.596347263871,1116.));
#6145=CARTESIAN_POINT('',(-221.120851173922,-221.752308678996,1341.));
#6146=CARTESIAN_POINT('',(-221.120851173922,-221.752308678996,1341.));
#6147=CARTESIAN_POINT('',(-192.83657992646,-250.036579926458,1341.));
#6148=CARTESIAN_POINT('',(-192.83657992646,-250.036579926458,1341.));
#6149=CARTESIAN_POINT('',(-221.120851173922,-221.752308678997,691.000000000001));
#6150=CARTESIAN_POINT('',(3.41060513164848E-13,5.6843418860808E-14,650.));
#6151=CARTESIAN_POINT('',(16.,1.1932825,0.));
#6152=CARTESIAN_POINT('',(16.,0.,0.));
#6153=CARTESIAN_POINT('',(16.,-2.386565,-2.9226991882071E-16));
#6154=CARTESIAN_POINT('',(16.,0.,0.));
#6155=CARTESIAN_POINT('',(15.386565,0.,0.));
#6156=CARTESIAN_POINT('',(15.386565,-3.,0.));
#6157=CARTESIAN_POINT('',(15.386565,3.,3.67394039744206E-16));
#6158=CARTESIAN_POINT('',(15.386565,0.,0.));
#6159=CARTESIAN_POINT('',(16.,-2.386565,2.9226991882071E-16));
#6160=CARTESIAN_POINT('',(9.1932825,0.,0.));
#6161=CARTESIAN_POINT('',(9.1932825,3.,3.67394039744206E-16));
#6162=CARTESIAN_POINT('',(3.,3.,3.67394039744206E-16));
#6163=CARTESIAN_POINT('',(3.,0.,0.));
#6164=CARTESIAN_POINT('',(1.5,0.,0.));
#6165=CARTESIAN_POINT('',(1.5,3.,3.67394039744206E-16));
#6166=CARTESIAN_POINT('',(0.,3.,3.67394039744206E-16));
#6167=CARTESIAN_POINT('',(0.,0.,0.));
#6168=CARTESIAN_POINT('',(-5.5,2.16506354832016,-1.25000002243529));
#6169=CARTESIAN_POINT('',(-4.5,2.88675139776021,-1.76756705180139E-16));
#6170=CARTESIAN_POINT('',(-3.,2.88675139776021,-8.49112286434609E-17));
#6171=CARTESIAN_POINT('',(-6.,2.88675139776021,0.));
#6172=CARTESIAN_POINT('',(-6.,2.88675139776021,2.63257929201781E-17));
#6173=CARTESIAN_POINT('',(-5.97093423278363,2.85878284971394,-0.0484429462300758));
#6174=CARTESIAN_POINT('',(-5.94284076681568,2.83053156969865,-0.097375598595406));
#6175=CARTESIAN_POINT('',(-5.91592501150646,2.80200842929382,-0.146779126968));
#6176=CARTESIAN_POINT('',(-5.88900924017333,2.77348527190814,-0.196182684752273));
#6177=CARTESIAN_POINT('',(-5.86327103612719,2.74468993710241,-0.246057667656759));
#6178=CARTESIAN_POINT('',(-5.83892512801142,2.71563058124675,-0.296389948433992));
#6179=CARTESIAN_POINT('',(-5.79023364831413,2.65751227122381,-0.397053814243763));
#6180=CARTESIAN_POINT('',(-5.74710863636706,2.5983354522909,-0.499551071265865));
#6181=CARTESIAN_POINT('',(-5.71133614113118,2.53815861483156,-0.603780411184248));
#6182=CARTESIAN_POINT('',(-5.70239303462237,2.52311443456923,-0.629837695756835));
#6183=CARTESIAN_POINT('',(-5.69390953856602,2.50800782584564,-0.65600310959592));
#6184=CARTESIAN_POINT('',(-5.68591313402795,2.49283993021688,-0.682274675468846));
#6185=CARTESIAN_POINT('',(-5.67791750342155,2.47767350261223,-0.708543698649407));
#6186=CARTESIAN_POINT('',(-5.67040815995592,2.46244642095923,-0.734917777723579));
#6187=CARTESIAN_POINT('',(-5.66339423913167,2.44711493145119,-0.761472696507215));
#6188=CARTESIAN_POINT('',(-5.65638217929044,2.43178750980221,-0.788020569552272));
#6189=CARTESIAN_POINT('',(-5.64987477094659,2.41637356080869,-0.814718312353651));
#6190=CARTESIAN_POINT('',(-5.64390673275661,2.40088501452472,-0.841545261452865));
#6191=CARTESIAN_POINT('',(-5.63793871750449,2.3853965277702,-0.868372107444058));
#6192=CARTESIAN_POINT('',(-5.63251021210354,2.36983356298809,-0.895327953162613));
#6193=CARTESIAN_POINT('',(-5.62765187561561,2.35421025859023,-0.922388310161824));
#6194=CARTESIAN_POINT('',(-5.62279355330471,2.33858699978247,-0.949448588196674));
#6195=CARTESIAN_POINT('',(-5.61850553292123,2.322903558539,-0.976613105268289));
#6196=CARTESIAN_POINT('',(-5.61481287655855,2.30717590488329,-1.00385420048382));
#6197=CARTESIAN_POINT('',(-5.6111202272876,2.29144828143251,-1.0310952433829));
#6198=CARTESIAN_POINT('',(-5.60802305415833,2.27567663834366,-1.05841253053215));
#6199=CARTESIAN_POINT('',(-5.6055394997159,2.2598782872414,-1.08577607731708));
#6200=CARTESIAN_POINT('',(-5.60305594737104,2.24407994948221,-1.11313960099112));
#6201=CARTESIAN_POINT('',(-5.60118609093328,2.22825512511626,-1.14054900081402));
#6202=CARTESIAN_POINT('',(-5.59994018016636,2.21242186721365,-1.16797300795068));
#6203=CARTESIAN_POINT('',(-5.59869426900635,2.19658860431547,-1.19539702373992));
#6204=CARTESIAN_POINT('',(-5.59807233482576,2.18074714667821,-1.22283523323364));
#6205=CARTESIAN_POINT('',(-5.59807622955222,2.1649155960393,-1.25025628330282));
#6206=CARTESIAN_POINT('',(-5.59808012428477,2.14908402063401,-1.27767737626865));
#6207=CARTESIAN_POINT('',(-5.59870982779564,2.13326259418578,-1.3050808907252));
#6208=CARTESIAN_POINT('',(-5.59995883799163,2.11746871218844,-1.33243669679334));
#6209=CARTESIAN_POINT('',(-5.60120785181091,2.10167478437405,-1.35979258221895));
#6210=CARTESIAN_POINT('',(-5.60307610211705,2.08590863102319,-1.38710036086254));
#6211=CARTESIAN_POINT('',(-5.60554935108356,2.07018616359938,-1.41433247326093));
#6212=CARTESIAN_POINT('',(-5.60802261072422,2.05446362831992,-1.44156470318876));
#6213=CARTESIAN_POINT('',(-5.61110075683575,2.03878498341169,-1.46872091276365));
#6214=CARTESIAN_POINT('',(-5.61476297281954,2.02316389745912,-1.4957774273029));
#6215=CARTESIAN_POINT('',(-5.61842527644427,2.00754243767647,-1.52283458933484));
#6216=CARTESIAN_POINT('',(-5.62267115763028,1.99197992407392,-1.54978965358793));
#6217=CARTESIAN_POINT('',(-5.62747588233619,1.97648362262976,-1.57663003501862));
#6218=CARTESIAN_POINT('',(-5.63708764883311,1.94548354662873,-1.63032374169091));
#6219=CARTESIAN_POINT('',(-5.64897087164327,1.91464324464401,-1.6837407116492));
#6220=CARTESIAN_POINT('',(-5.66294422485361,1.88399747392017,-1.73682074358001));
#6221=CARTESIAN_POINT('',(-5.67691745299232,1.85335197749816,-1.7899003004061));
#6222=CARTESIAN_POINT('',(-5.69297914929506,1.82290279768488,-1.84263982689149));
#6223=CARTESIAN_POINT('',(-5.7109099642637,1.79268603432712,-1.89497679626742));
#6224=CARTESIAN_POINT('',(-5.72884071655086,1.76246937659932,-1.94731358268688));
#6225=CARTESIAN_POINT('',(-5.74863910223363,1.7324860168423,-1.99924628516767));
#6226=CARTESIAN_POINT('',(-5.77006338144372,1.70276975786465,-2.05071635552784));
#6227=CARTESIAN_POINT('',(-5.79148764808121,1.67305351632567,-2.10218639568333));
#6228=CARTESIAN_POINT('',(-5.81453682020636,1.64360460945197,-2.15319339861594));
#6229=CARTESIAN_POINT('',(-5.83896049004183,1.61445430851291,-2.20368320089832));
#6230=CARTESIAN_POINT('',(-5.86338417056416,1.58530399481879,-2.2541730252731));
#6231=CARTESIAN_POINT('',(-5.88918186736774,1.55645216912483,-2.30414585326617));
#6232=CARTESIAN_POINT('',(-5.91610399875957,1.52792901354678,-2.35354940791954));
#6233=CARTESIAN_POINT('',(-5.94302614004147,1.49940584749051,-2.40295298072173));
#6234=CARTESIAN_POINT('',(-5.9710726036646,1.47121109948166,-2.45178771677962));
#6235=CARTESIAN_POINT('',(-5.99999999999998,1.44337569888009,-2.50000004487058));
#6236=CARTESIAN_POINT('',(-6.,1.44337569888011,-2.50000004487058));
#6237=CARTESIAN_POINT('',(-4.5,1.44337569888011,-2.50000004487058));
#6238=CARTESIAN_POINT('',(-3.,1.44337569888011,-2.50000004487058));
#6239=CARTESIAN_POINT('',(-3.,2.16506354832016,-1.25000002243529));
#6240=CARTESIAN_POINT('',(-5.5,2.16506354832016,1.25000002243529));
#6241=CARTESIAN_POINT('',(-4.5,1.44337569888011,2.50000004487058));
#6242=CARTESIAN_POINT('',(-3.,1.44337569888011,2.50000004487058));
#6243=CARTESIAN_POINT('',(-6.,1.44337569888011,2.50000004487058));
#6244=CARTESIAN_POINT('',(-6.,1.44337569888011,2.50000004487058));
#6245=CARTESIAN_POINT('',(-5.97093423278363,1.47134424692638,2.45155709864051));
#6246=CARTESIAN_POINT('',(-5.94284076681568,1.49959552694166,2.40262444627517));
#6247=CARTESIAN_POINT('',(-5.91592501150646,1.5281186673465,2.35322091790258));
#6248=CARTESIAN_POINT('',(-5.88900924017333,1.55664182473217,2.30381736011831));
#6249=CARTESIAN_POINT('',(-5.86327103612719,1.58543715953791,2.25394237721382));
#6250=CARTESIAN_POINT('',(-5.83892512801142,1.61449651539357,2.20361009643659));
#6251=CARTESIAN_POINT('',(-5.79023364831413,1.67261482541651,2.10294623062682));
#6252=CARTESIAN_POINT('',(-5.74710863636706,1.73179164434942,2.00044897360471));
#6253=CARTESIAN_POINT('',(-5.71133614113118,1.79196848180875,1.89621963368633));
#6254=CARTESIAN_POINT('',(-5.70239303462237,1.80701266207109,1.87016234911374));
#6255=CARTESIAN_POINT('',(-5.69390953856602,1.82211927079448,1.84399693527455));
#6256=CARTESIAN_POINT('',(-5.68591313402795,1.83728716642324,1.81772536940162));
#6257=CARTESIAN_POINT('',(-5.67791750342155,1.85245359402789,1.79145634622106));
#6258=CARTESIAN_POINT('',(-5.67040815995592,1.86768067568104,1.76508226714697));
#6259=CARTESIAN_POINT('',(-5.66339423913167,1.88301216518908,1.73852734836334));
#6260=CARTESIAN_POINT('',(-5.65638217929044,1.89833958683806,1.71197947531828));
#6261=CARTESIAN_POINT('',(-5.64987477094659,1.91375353583099,1.68528173251656));
#6262=CARTESIAN_POINT('',(-5.64390673275661,1.92924208211496,1.65845478341735));
#6263=CARTESIAN_POINT('',(-5.63793871750449,1.94473056886948,1.63162793742615));
#6264=CARTESIAN_POINT('',(-5.63251021210354,1.96029353365119,1.60467209170737));
#6265=CARTESIAN_POINT('',(-5.62765187561561,1.97591683804906,1.57761173470816));
#6266=CARTESIAN_POINT('',(-5.62279355330471,1.99154009685682,1.55055145667331));
#6267=CARTESIAN_POINT('',(-5.61850553292123,2.00722353810065,1.5233869396019));
#6268=CARTESIAN_POINT('',(-5.61481287655855,2.02295119175635,1.49614584438637));
#6269=CARTESIAN_POINT('',(-5.61112022728761,2.03867881520714,1.4689048014873));
#6270=CARTESIAN_POINT('',(-5.60802305415833,2.05445045829645,1.44158751433831));
#6271=CARTESIAN_POINT('',(-5.6055394997159,2.0702488093987,1.41422396755339));
#6272=CARTESIAN_POINT('',(-5.60305594737072,2.0860471471599,1.38686044387586));
#6273=CARTESIAN_POINT('',(-5.60118609093312,2.10187197152604,1.35945104405306));
#6274=CARTESIAN_POINT('',(-5.59994018016636,2.11770522942664,1.33202703691989));
#6275=CARTESIAN_POINT('',(-5.59869426900631,2.13353849232538,1.30460302112967));
#6276=CARTESIAN_POINT('',(-5.59807233482576,2.14937994996267,1.27716481163596));
#6277=CARTESIAN_POINT('',(-5.59807622955222,2.16521150060101,1.24974376156776));
#6278=CARTESIAN_POINT('',(-5.59808012428477,2.18104307600631,1.22232266860193));
#6279=CARTESIAN_POINT('',(-5.59870982779564,2.19686450245453,1.19491915414538));
#6280=CARTESIAN_POINT('',(-5.59995883799163,2.21265838445188,1.16756334807724));
#6281=CARTESIAN_POINT('',(-5.60120785181091,2.22845231226627,1.14020746265163));
#6282=CARTESIAN_POINT('',(-5.60307610211705,2.24421846561712,1.11289968400804));
#6283=CARTESIAN_POINT('',(-5.60554935108356,2.25994093304093,1.08566757160965));
#6284=CARTESIAN_POINT('',(-5.60802261072422,2.2756634683204,1.05843534168182));
#6285=CARTESIAN_POINT('',(-5.61110075683575,2.29134211322863,1.03127913210693));
#6286=CARTESIAN_POINT('',(-5.61476297281954,2.3069631991812,1.00422261756768));
#6287=CARTESIAN_POINT('',(-5.61842527644427,2.32258465896385,0.977165455535741));
#6288=CARTESIAN_POINT('',(-5.62267115763028,2.33814717256639,0.950210391282652));
#6289=CARTESIAN_POINT('',(-5.62747588233619,2.35364347401056,0.923370009851955));
#6290=CARTESIAN_POINT('',(-5.63708764883311,2.38464355001159,0.869676303179671));
#6291=CARTESIAN_POINT('',(-5.64897087164327,2.4154838519963,0.816259333221377));
#6292=CARTESIAN_POINT('',(-5.66294422485361,2.44612962272015,0.763179301290568));
#6293=CARTESIAN_POINT('',(-5.67691745299232,2.47677511914216,0.710099744464478));
#6294=CARTESIAN_POINT('',(-5.69297914929506,2.50722429895543,0.657360217979092));
#6295=CARTESIAN_POINT('',(-5.7109099642637,2.53744106231319,0.605023248603165));
#6296=CARTESIAN_POINT('',(-5.72884071655086,2.56765772004099,0.5526864621837));
#6297=CARTESIAN_POINT('',(-5.74863910223363,2.59764107979802,0.500753759702907));
#6298=CARTESIAN_POINT('',(-5.77006338144372,2.62735733877567,0.449283689342744));
#6299=CARTESIAN_POINT('',(-5.7914876480812,2.65707358031464,0.39781364918725));
#6300=CARTESIAN_POINT('',(-5.81453682020636,2.68652248718835,0.346806646254636));
#6301=CARTESIAN_POINT('',(-5.83896049004183,2.71567278812741,0.296316843972259));
#6302=CARTESIAN_POINT('',(-5.86338417056416,2.74482310182153,0.245827019597473));
#6303=CARTESIAN_POINT('',(-5.88918186736774,2.77367492751549,0.195854191604411));
#6304=CARTESIAN_POINT('',(-5.91610399875957,2.80219808309354,0.14645063695104));
#6305=CARTESIAN_POINT('',(-5.94302614004147,2.83072124914981,0.0970470641488474));
#6306=CARTESIAN_POINT('',(-5.9710726036646,2.85891599715863,0.0482123280909445));
#6307=CARTESIAN_POINT('',(-5.99999999999998,2.8867513977602,-1.99251796325724E-14));
#6308=CARTESIAN_POINT('',(-3.,2.16506354832016,1.25000002243529));
#6309=CARTESIAN_POINT('',(-5.5,-2.16506354832016,-1.25000002243529));
#6310=CARTESIAN_POINT('',(-4.5,-1.44337569888011,-2.50000004487058));
#6311=CARTESIAN_POINT('',(-3.,-1.44337569888011,-2.50000004487058));
#6312=CARTESIAN_POINT('',(-6.,-1.4433756988801,-2.50000004487058));
#6313=CARTESIAN_POINT('',(-6.,-1.44337569888011,-2.50000004487058));
#6314=CARTESIAN_POINT('',(-5.97093423244366,-1.47134424725352,-2.45155709807388));
#6315=CARTESIAN_POINT('',(-5.94284076690935,-1.49959552687482,-2.40262444639095));
#6316=CARTESIAN_POINT('',(-5.91592501236704,-1.52811866643453,-2.35322091948216));
#6317=CARTESIAN_POINT('',(-5.88900924180094,-1.55664182297494,-2.30381736316193));
#6318=CARTESIAN_POINT('',(-5.86327103885109,-1.58543715648601,-2.25394238249985));
#6319=CARTESIAN_POINT('',(-5.8389251317899,-1.61449651088356,-2.20361010424816));
#6320=CARTESIAN_POINT('',(-5.79023365422452,-1.67261481796311,-2.10294624353648));
#6321=CARTESIAN_POINT('',(-5.74710864401795,-1.73179163337435,-2.0004489926141));
#6322=CARTESIAN_POINT('',(-5.71133614873889,-1.79196846901099,-1.89621965585271));
#6323=CARTESIAN_POINT('',(-5.70239304221771,-1.80701264882031,-1.87016237206477));
#6324=CARTESIAN_POINT('',(-5.69390954604752,-1.82211925720047,-1.84399695882006));
#6325=CARTESIAN_POINT('',(-5.68591314129941,-1.83728715263046,-1.81772539329143));
#6326=CARTESIAN_POINT('',(-5.67791751102851,-1.85245357900155,-1.79145637224744));
#6327=CARTESIAN_POINT('',(-5.67040816544065,-1.8676806641865,-1.7650822870561));
#6328=CARTESIAN_POINT('',(-5.66339424350418,-1.88301215563138,-1.73852736491776));
#6329=CARTESIAN_POINT('',(-5.65638218245187,-1.89833957943337,-1.71197948814357));
#6330=CARTESIAN_POINT('',(-5.64987477311488,-1.91375353043215,-1.68528174186762));
#6331=CARTESIAN_POINT('',(-5.6439067341444,-1.92924207851331,-1.65845478965558));
#6332=CARTESIAN_POINT('',(-5.63793871811146,-1.9447305670658,-1.63162794055022));
#6333=CARTESIAN_POINT('',(-5.63251021214205,-1.96029353343658,-1.6046720920791));
#6334=CARTESIAN_POINT('',(-5.62765187526607,-1.97591683917311,-1.57761173276125));
#6335=CARTESIAN_POINT('',(-5.6227935525669,-1.99154009932024,-1.55055145240654));
#6336=CARTESIAN_POINT('',(-5.61850553197518,-2.00722354165285,-1.52338693344931));
#6337=CARTESIAN_POINT('',(-5.6148128755331,-2.02295119612393,-1.49614583682151));
#6338=CARTESIAN_POINT('',(-5.61112022618333,-2.03867882038762,-1.46890479251444));
#6339=CARTESIAN_POINT('',(-5.60802305310266,-2.0544504640194,-1.44158750442586));
#6340=CARTESIAN_POINT('',(-5.60553949877424,-2.07024881538874,-1.41422395717834));
#6341=CARTESIAN_POINT('',(-5.60305594654379,-2.08604715341251,-1.38686043304602));
#6342=CARTESIAN_POINT('',(-5.60118609028561,-2.10187197776469,-1.35945103324741));
#6343=CARTESIAN_POINT('',(-5.59994017969732,-2.11770523538737,-1.33202702659559));
#6344=CARTESIAN_POINT('',(-5.59869426871583,-2.13353849800681,-1.30460301128914));
#6345=CARTESIAN_POINT('',(-5.59807233471236,-2.14937995509894,-1.27716480273968));
#6346=CARTESIAN_POINT('',(-5.59807622955329,-2.16521150495674,-1.24974375402342));
#6347=CARTESIAN_POINT('',(-5.59808012440031,-2.18104307958215,-1.22232266240839));
#6348=CARTESIAN_POINT('',(-5.59870982796252,-2.19686450501533,-1.19491914970995));
#6349=CARTESIAN_POINT('',(-5.59995883809917,-2.21265838581178,-1.16756334572182));
#6350=CARTESIAN_POINT('',(-5.60120785185935,-2.22845231242812,-1.1402074623713));
#6351=CARTESIAN_POINT('',(-5.60307610199523,-2.24421846439329,-1.11289968612778));
#6352=CARTESIAN_POINT('',(-5.60554935065448,-2.2599409303133,-1.08566757633404));
#6353=CARTESIAN_POINT('',(-5.60802260998835,-2.27566346409191,-1.05843534900578));
#6354=CARTESIAN_POINT('',(-5.6111007556562,-2.29134210738373,-1.03127914223059));
#6355=CARTESIAN_POINT('',(-5.61476297106466,-2.30696319169579,-1.00422263053279));
#6356=CARTESIAN_POINT('',(-5.61842527416602,-2.32258465005961,-0.97716547095834));
#6357=CARTESIAN_POINT('',(-5.62267115442318,-2.33814716127057,-0.950210410847589));
#6358=CARTESIAN_POINT('',(-5.62747587866149,-2.35364346215886,-0.923370030379703));
#6359=CARTESIAN_POINT('',(-5.63708764479131,-2.3846435388808,-0.869676322458767));
#6360=CARTESIAN_POINT('',(-5.6489708676306,-2.4154838423972,-0.816259349847513));
#6361=CARTESIAN_POINT('',(-5.66294422134472,-2.4461296150246,-0.763179314619648));
#6362=CARTESIAN_POINT('',(-5.67691744998692,-2.47677511334952,-0.710099754497622));
#6363=CARTESIAN_POINT('',(-5.69297914725861,-2.50722429542475,-0.657360224094412));
#6364=CARTESIAN_POINT('',(-5.7109099634764,-2.53744106098645,-0.605023250901142));
#6365=CARTESIAN_POINT('',(-5.72884071701288,-2.56765772091845,-0.552686460663888));
#6366=CARTESIAN_POINT('',(-5.74863910421556,-2.59764108281386,-0.500753754479317));
#6367=CARTESIAN_POINT('',(-5.7700633848458,-2.62735734349448,-0.449283681169531));
#6368=CARTESIAN_POINT('',(-5.79148765290396,-2.65707358673715,-0.397813638063143));
#6369=CARTESIAN_POINT('',(-5.81453682634254,-2.68652249487539,-0.346806632940289));
#6370=CARTESIAN_POINT('',(-5.8389604969078,-2.71567279632212,-0.2963168297786));
#6371=CARTESIAN_POINT('',(-5.86338417816065,-2.74482311052479,-0.245827004522971));
#6372=CARTESIAN_POINT('',(-5.8891818751064,-2.77367493596925,-0.195854176962058));
#6373=CARTESIAN_POINT('',(-5.91610400553004,-2.80219809026664,-0.146450624526854));
#6374=CARTESIAN_POINT('',(-5.94302614584453,-2.83072125504307,-0.0970470539414289));
#6375=CARTESIAN_POINT('',(-5.97107260738753,-2.85891600074101,-0.048212321886102));
#6376=CARTESIAN_POINT('',(-6.,-2.88675139776021,6.8626963559742E-16));
#6377=CARTESIAN_POINT('',(-6.,-2.88675139776021,4.57431326408565E-16));
#6378=CARTESIAN_POINT('',(-4.5,-2.88675139776021,5.30270115540418E-16));
#6379=CARTESIAN_POINT('',(-3.,-2.88675139776021,6.22115592077096E-16));
#6380=CARTESIAN_POINT('',(-3.,-2.16506354832016,-1.25000002243529));
#6381=CARTESIAN_POINT('',(-5.5,-2.16506354832016,1.25000002243529));
#6382=CARTESIAN_POINT('',(-6.,-2.88675139776021,5.75247333134904E-16));
#6383=CARTESIAN_POINT('',(-5.97107260738754,-2.85891600074102,0.0482123218860974));
#6384=CARTESIAN_POINT('',(-5.94302614584453,-2.83072125504307,0.0970470539414315));
#6385=CARTESIAN_POINT('',(-5.91610400553005,-2.80219809026664,0.146450624526855));
#6386=CARTESIAN_POINT('',(-5.8891818751064,-2.77367493596925,0.195854176962061));
#6387=CARTESIAN_POINT('',(-5.86338417816065,-2.74482311052479,0.245827004522971));
#6388=CARTESIAN_POINT('',(-5.8389604969078,-2.71567279632212,0.2963168297786));
#6389=CARTESIAN_POINT('',(-5.81453682634254,-2.68652249487539,0.346806632940292));
#6390=CARTESIAN_POINT('',(-5.79148765290396,-2.65707358673715,0.397813638063141));
#6391=CARTESIAN_POINT('',(-5.7700633848458,-2.62735734349448,0.449283681169531));
#6392=CARTESIAN_POINT('',(-5.74863910421556,-2.59764108281386,0.500753754479318));
#6393=CARTESIAN_POINT('',(-5.72884071701288,-2.56765772091846,0.552686460663887));
#6394=CARTESIAN_POINT('',(-5.7109099634764,-2.53744106098645,0.605023250901143));
#6395=CARTESIAN_POINT('',(-5.69297914725861,-2.50722429542475,0.657360224094413));
#6396=CARTESIAN_POINT('',(-5.67691744998692,-2.47677511334952,0.710099754497623));
#6397=CARTESIAN_POINT('',(-5.66294422134472,-2.4461296150246,0.763179314619647));
#6398=CARTESIAN_POINT('',(-5.6489708676306,-2.4154838423972,0.816259349847513));
#6399=CARTESIAN_POINT('',(-5.63708764479131,-2.3846435388808,0.869676322458767));
#6400=CARTESIAN_POINT('',(-5.62747587866149,-2.35364346215886,0.923370030379703));
#6401=CARTESIAN_POINT('',(-5.62267115442318,-2.33814716127057,0.950210410847587));
#6402=CARTESIAN_POINT('',(-5.61842527416602,-2.32258465005961,0.977165470958342));
#6403=CARTESIAN_POINT('',(-5.61476297106466,-2.30696319169579,1.00422263053279));
#6404=CARTESIAN_POINT('',(-5.61110075565685,-2.2913421073865,1.03127914222581));
#6405=CARTESIAN_POINT('',(-5.60802260998879,-2.27566346409468,1.05843534900098));
#6406=CARTESIAN_POINT('',(-5.60554935065449,-2.25994093031331,1.08566757633404));
#6407=CARTESIAN_POINT('',(-5.60307610199523,-2.24421846439329,1.11289968612778));
#6408=CARTESIAN_POINT('',(-5.60120785185935,-2.22845231242812,1.14020746237129));
#6409=CARTESIAN_POINT('',(-5.59995883809917,-2.21265838581178,1.16756334572182));
#6410=CARTESIAN_POINT('',(-5.59870982796252,-2.19686450501533,1.19491914970995));
#6411=CARTESIAN_POINT('',(-5.59808012440031,-2.18104307958215,1.22232266240839));
#6412=CARTESIAN_POINT('',(-5.59807622955329,-2.16521150495674,1.24974375402342));
#6413=CARTESIAN_POINT('',(-5.59807233471236,-2.14937995509894,1.27716480273968));
#6414=CARTESIAN_POINT('',(-5.59869426871583,-2.13353849800681,1.30460301128914));
#6415=CARTESIAN_POINT('',(-5.59994017969732,-2.11770523538737,1.33202702659559));
#6416=CARTESIAN_POINT('',(-5.60118609028561,-2.10187197776469,1.35945103324741));
#6417=CARTESIAN_POINT('',(-5.60305594654379,-2.08604715341251,1.38686043304602));
#6418=CARTESIAN_POINT('',(-5.60553949877424,-2.07024881538874,1.41422395717834));
#6419=CARTESIAN_POINT('',(-5.60802305310266,-2.0544504640194,1.44158750442586));
#6420=CARTESIAN_POINT('',(-5.61112022618333,-2.03867882038762,1.46890479251444));
#6421=CARTESIAN_POINT('',(-5.6148128755331,-2.02295119612393,1.49614583682151));
#6422=CARTESIAN_POINT('',(-5.61850553197518,-2.00722354165285,1.52338693344931));
#6423=CARTESIAN_POINT('',(-5.6227935525669,-1.99154009932024,1.55055145240654));
#6424=CARTESIAN_POINT('',(-5.62765187526607,-1.97591683917311,1.57761173276125));
#6425=CARTESIAN_POINT('',(-5.63251021214205,-1.96029353343658,1.6046720920791));
#6426=CARTESIAN_POINT('',(-5.63793871811146,-1.9447305670658,1.63162794055022));
#6427=CARTESIAN_POINT('',(-5.6439067341444,-1.92924207851331,1.65845478965558));
#6428=CARTESIAN_POINT('',(-5.64987477311489,-1.91375353043215,1.68528174186762));
#6429=CARTESIAN_POINT('',(-5.65638218245187,-1.89833957943337,1.71197948814357));
#6430=CARTESIAN_POINT('',(-5.66339424350418,-1.88301215563138,1.73852736491776));
#6431=CARTESIAN_POINT('',(-5.67040816544065,-1.8676806641865,1.7650822870561));
#6432=CARTESIAN_POINT('',(-5.67791751102852,-1.85245357900155,1.79145637224744));
#6433=CARTESIAN_POINT('',(-5.68591314129941,-1.83728715263046,1.81772539329143));
#6434=CARTESIAN_POINT('',(-5.69390954604726,-1.82211925720097,1.84399695881918));
#6435=CARTESIAN_POINT('',(-5.70239304221742,-1.8070126488208,1.87016237206391));
#6436=CARTESIAN_POINT('',(-5.71133614873889,-1.79196846901099,1.89621965585271));
#6437=CARTESIAN_POINT('',(-5.74710864401795,-1.73179163337435,2.0004489926141));
#6438=CARTESIAN_POINT('',(-5.79023365422452,-1.67261481796312,2.10294624353647));
#6439=CARTESIAN_POINT('',(-5.8389251317899,-1.61449651088356,2.20361010424816));
#6440=CARTESIAN_POINT('',(-5.86327103885109,-1.58543715648602,2.25394238249985));
#6441=CARTESIAN_POINT('',(-5.88900924180094,-1.55664182297494,2.30381736316193));
#6442=CARTESIAN_POINT('',(-5.91592501236704,-1.52811866643453,2.35322091948216));
#6443=CARTESIAN_POINT('',(-5.94284076690935,-1.49959552687482,2.40262444639095));
#6444=CARTESIAN_POINT('',(-5.97093423244366,-1.47134424725351,2.45155709807389));
#6445=CARTESIAN_POINT('',(-6.,-1.44337569888011,2.50000004487058));
#6446=CARTESIAN_POINT('',(-6.,-1.44337569888011,2.50000004487058));
#6447=CARTESIAN_POINT('',(-4.5,-1.44337569888011,2.50000004487058));
#6448=CARTESIAN_POINT('',(-3.,-1.44337569888011,2.50000004487058));
#6449=CARTESIAN_POINT('',(-3.,-2.16506354832016,1.25000002243529));
#6450=CARTESIAN_POINT('',(-5.5,-3.33066907387547E-16,2.50000004487058));
#6451=CARTESIAN_POINT('',(-6.,-1.44337569888011,2.50000004487058));
#6452=CARTESIAN_POINT('',(-5.97093423278363,-1.38743860278756,2.50000004487058));
#6453=CARTESIAN_POINT('',(-5.94284076681568,-1.33093604275699,2.50000004487058));
#6454=CARTESIAN_POINT('',(-5.91592501150646,-1.27388976194732,2.50000004487058));
#6455=CARTESIAN_POINT('',(-5.88900924017332,-1.21684344717597,2.50000004487058));
#6456=CARTESIAN_POINT('',(-5.86327103612719,-1.15925277756451,2.50000004487058));
#6457=CARTESIAN_POINT('',(-5.83892512801142,-1.10113406585318,2.50000004487058));
#6458=CARTESIAN_POINT('',(-5.79023364831413,-0.984897445807302,2.50000004487058));
#6459=CARTESIAN_POINT('',(-5.74710863636706,-0.866543807941478,2.50000004487058));
#6460=CARTESIAN_POINT('',(-5.71133614113118,-0.746190133022809,2.50000004487058));
#6461=CARTESIAN_POINT('',(-5.70239303462237,-0.716101772498141,2.50000004487058));
#6462=CARTESIAN_POINT('',(-5.69390953856602,-0.685888555051172,2.50000004487047));
#6463=CARTESIAN_POINT('',(-5.68591313402795,-0.655552763793635,2.50000004487047));
#6464=CARTESIAN_POINT('',(-5.67791750342155,-0.625219908584343,2.50000004487047));
#6465=CARTESIAN_POINT('',(-5.67040815995592,-0.59476574527819,2.50000004487055));
#6466=CARTESIAN_POINT('',(-5.66339423913167,-0.564102766262107,2.50000004487055));
#6467=CARTESIAN_POINT('',(-5.65638217929044,-0.533447922964157,2.50000004487055));
#6468=CARTESIAN_POINT('',(-5.64987477094659,-0.502620024977699,2.50000004487021));
#6469=CARTESIAN_POINT('',(-5.64390673275661,-0.471642932409762,2.50000004487021));
#6470=CARTESIAN_POINT('',(-5.63793871750449,-0.440665958900715,2.50000004487021));
#6471=CARTESIAN_POINT('',(-5.63251021210354,-0.4095400293369,2.50000004486999));
#6472=CARTESIAN_POINT('',(-5.62765187561561,-0.378293420541177,2.50000004486999));
#6473=CARTESIAN_POINT('',(-5.62279355330471,-0.347046902925644,2.50000004486999));
#6474=CARTESIAN_POINT('',(-5.61850553292123,-0.315680020438357,2.50000004487019));
#6475=CARTESIAN_POINT('',(-5.61481287655855,-0.284224713126941,2.50000004487019));
#6476=CARTESIAN_POINT('',(-5.6111202272876,-0.252769466225368,2.50000004487019));
#6477=CARTESIAN_POINT('',(-5.60802305415833,-0.221226180047219,2.50000004487046));
#6478=CARTESIAN_POINT('',(-5.6055394997159,-0.189629477842699,2.50000004487046));
#6479=CARTESIAN_POINT('',(-5.60305594737072,-0.158032802320304,2.50000004487046));
#6480=CARTESIAN_POINT('',(-5.60118609093312,-0.126383153588206,2.50000004487056));
#6481=CARTESIAN_POINT('',(-5.59994018016636,-0.0947166377870153,2.50000004487056));
#6482=CARTESIAN_POINT('',(-5.59869426900635,-0.0630501119906584,2.50000004487056));
#6483=CARTESIAN_POINT('',(-5.59807233482576,-0.0313671967160991,2.50000004487058));
#6484=CARTESIAN_POINT('',(-5.59807622955222,0.000295904561707291,2.50000004487058));
#6485=CARTESIAN_POINT('',(-5.59808012428477,0.0319590553722933,2.50000004487058));
#6486=CARTESIAN_POINT('',(-5.59870982779564,0.0636019082687525,2.50000004487058));
#6487=CARTESIAN_POINT('',(-5.59995883799163,0.09518967226344,2.50000004487058));
#6488=CARTESIAN_POINT('',(-5.60120785181108,0.126777527896466,2.50000004487058));
#6489=CARTESIAN_POINT('',(-5.60307610211738,0.15830983459816,2.50000004487058));
#6490=CARTESIAN_POINT('',(-5.60554935108356,0.189754769441551,2.50000004487058));
#6491=CARTESIAN_POINT('',(-5.60802261072465,0.221199840006028,2.50000004487058));
#6492=CARTESIAN_POINT('',(-5.6111007568364,0.252557129822466,2.50000004487058));
#6493=CARTESIAN_POINT('',(-5.61476297281955,0.283799301722081,2.50000004487058));
#6494=CARTESIAN_POINT('',(-5.61842527644376,0.315042221283012,2.50000004487058));
#6495=CARTESIAN_POINT('',(-5.6226711576296,0.346167248488121,2.50000004487058));
#6496=CARTESIAN_POINT('',(-5.62747588233619,0.377159851380798,2.50000004487058));
#6497=CARTESIAN_POINT('',(-5.63708764883311,0.439160003382862,2.50000004487058));
#6498=CARTESIAN_POINT('',(-5.64897087164327,0.500840607352292,2.50000004487058));
#6499=CARTESIAN_POINT('',(-5.66294422485361,0.562132148799986,2.50000004487058));
#6500=CARTESIAN_POINT('',(-5.67691745299232,0.623423141644002,2.50000004487058));
#6501=CARTESIAN_POINT('',(-5.69297914929506,0.684321501270547,2.50000004487058));
#6502=CARTESIAN_POINT('',(-5.7109099642637,0.744755027986068,2.50000004487058));
#6503=CARTESIAN_POINT('',(-5.72884071655086,0.805188343441667,2.50000004487058));
#6504=CARTESIAN_POINT('',(-5.74863910223363,0.865155062955721,2.50000004487058));
#6505=CARTESIAN_POINT('',(-5.77006338144372,0.924587580911023,2.50000004487058));
#6506=CARTESIAN_POINT('',(-5.7914876480812,0.984020063988974,2.50000004487058));
#6507=CARTESIAN_POINT('',(-5.81453682020636,1.04291787773637,2.50000004487058));
#6508=CARTESIAN_POINT('',(-5.83896049004183,1.1012184796145,2.50000004487058));
#6509=CARTESIAN_POINT('',(-5.86338417056416,1.15951910700273,2.50000004487058));
#6510=CARTESIAN_POINT('',(-5.88918186736774,1.21722275839066,2.50000004487058));
#6511=CARTESIAN_POINT('',(-5.91610399875957,1.27426906954676,2.50000004487058));
#6512=CARTESIAN_POINT('',(-5.94302614004148,1.33131540165931,2.50000004487058));
#6513=CARTESIAN_POINT('',(-5.9710726036646,1.38770489767697,2.50000004487056));
#6514=CARTESIAN_POINT('',(-5.99999999999998,1.44337569888012,2.50000004487056));
#6515=CARTESIAN_POINT('',(-3.,-3.33066907387547E-16,2.50000004487058));
#6516=CARTESIAN_POINT('',(-3.,0.,9.18454765366783E-17));
#6517=CARTESIAN_POINT('',(-3.,0.,-2.50000004487058));
#6518=CARTESIAN_POINT('',(-5.5,0.,-2.50000004487058));
#6519=CARTESIAN_POINT('',(-6.,1.44337569888011,-2.50000004487058));
#6520=CARTESIAN_POINT('',(-5.97093423278363,1.38743860278756,-2.50000004487058));
#6521=CARTESIAN_POINT('',(-5.94284076681568,1.33093604275699,-2.50000004487058));
#6522=CARTESIAN_POINT('',(-5.91592501150646,1.27388976194732,-2.50000004487058));
#6523=CARTESIAN_POINT('',(-5.88900924017333,1.21684344717597,-2.50000004487058));
#6524=CARTESIAN_POINT('',(-5.86327103612719,1.15925277756451,-2.50000004487058));
#6525=CARTESIAN_POINT('',(-5.83892512801142,1.10113406585318,-2.50000004487058));
#6526=CARTESIAN_POINT('',(-5.79023364831413,0.984897445807299,-2.50000004487058));
#6527=CARTESIAN_POINT('',(-5.74710863636706,0.866543807941479,-2.50000004487058));
#6528=CARTESIAN_POINT('',(-5.71133614113118,0.746190133022809,-2.50000004487058));
#6529=CARTESIAN_POINT('',(-5.70239303462267,0.716101772499136,-2.50000004487058));
#6530=CARTESIAN_POINT('',(-5.69390953856629,0.685888555052179,-2.50000004487047));
#6531=CARTESIAN_POINT('',(-5.68591313402795,0.655552763793634,-2.50000004487047));
#6532=CARTESIAN_POINT('',(-5.67791750342155,0.625219908584346,-2.50000004487047));
#6533=CARTESIAN_POINT('',(-5.67040815995592,0.594765745278186,-2.50000004487055));
#6534=CARTESIAN_POINT('',(-5.66339423913167,0.564102766262107,-2.50000004487055));
#6535=CARTESIAN_POINT('',(-5.65638217929044,0.533447922964155,-2.50000004487055));
#6536=CARTESIAN_POINT('',(-5.64987477094659,0.502620024977699,-2.50000004487021));
#6537=CARTESIAN_POINT('',(-5.64390673275661,0.471642932409762,-2.50000004487021));
#6538=CARTESIAN_POINT('',(-5.63793871750449,0.440665958900715,-2.50000004487021));
#6539=CARTESIAN_POINT('',(-5.63251021210354,0.4095400293369,-2.50000004486999));
#6540=CARTESIAN_POINT('',(-5.62765187561561,0.378293420541177,-2.50000004486999));
#6541=CARTESIAN_POINT('',(-5.62279355330358,0.34704690291833,-2.50000004486999));
#6542=CARTESIAN_POINT('',(-5.61850553292037,0.315680020431007,-2.50000004487019));
#6543=CARTESIAN_POINT('',(-5.61481287655855,0.284224713126941,-2.50000004487019));
#6544=CARTESIAN_POINT('',(-5.61112022728833,0.252769466231578,-2.50000004487019));
#6545=CARTESIAN_POINT('',(-5.60802305415882,0.221226180053452,-2.50000004487046));
#6546=CARTESIAN_POINT('',(-5.6055394997159,0.189629477842699,-2.50000004487046));
#6547=CARTESIAN_POINT('',(-5.60305594737072,0.158032802320304,-2.50000004487046));
#6548=CARTESIAN_POINT('',(-5.60118609093312,0.126383153588207,-2.50000004487057));
#6549=CARTESIAN_POINT('',(-5.59994018016636,0.0947166377870155,-2.50000004487057));
#6550=CARTESIAN_POINT('',(-5.59869426900631,0.0630501119895344,-2.50000004487057));
#6551=CARTESIAN_POINT('',(-5.59807233482576,0.0313671967149742,-2.50000004487058));
#6552=CARTESIAN_POINT('',(-5.59807622955222,-0.000295904561707495,-2.50000004487058));
#6553=CARTESIAN_POINT('',(-5.59808012428477,-0.0319590553722931,-2.50000004487058));
#6554=CARTESIAN_POINT('',(-5.59870982779564,-0.0636019082687528,-2.50000004487058));
#6555=CARTESIAN_POINT('',(-5.59995883799163,-0.0951896722634406,-2.50000004487058));
#6556=CARTESIAN_POINT('',(-5.60120785181091,-0.126777527892224,-2.50000004487058));
#6557=CARTESIAN_POINT('',(-5.60307610211705,-0.158309834593927,-2.50000004487058));
#6558=CARTESIAN_POINT('',(-5.60554935108356,-0.189754769441551,-2.50000004487058));
#6559=CARTESIAN_POINT('',(-5.60802261072465,-0.221199840006028,-2.50000004487058));
#6560=CARTESIAN_POINT('',(-5.6111007568364,-0.252557129822466,-2.50000004487058));
#6561=CARTESIAN_POINT('',(-5.61476297281955,-0.283799301722081,-2.50000004487058));
#6562=CARTESIAN_POINT('',(-5.61842527644376,-0.315042221283012,-2.50000004487058));
#6563=CARTESIAN_POINT('',(-5.6226711576296,-0.346167248488121,-2.50000004487058));
#6564=CARTESIAN_POINT('',(-5.62747588233619,-0.377159851380798,-2.50000004487058));
#6565=CARTESIAN_POINT('',(-5.63708764883311,-0.439160003382863,-2.50000004487058));
#6566=CARTESIAN_POINT('',(-5.64897087164327,-0.500840607352291,-2.50000004487058));
#6567=CARTESIAN_POINT('',(-5.66294422485361,-0.562132148799985,-2.50000004487058));
#6568=CARTESIAN_POINT('',(-5.67691745299232,-0.623423141644002,-2.50000004487058));
#6569=CARTESIAN_POINT('',(-5.69297914929506,-0.684321501270547,-2.50000004487058));
#6570=CARTESIAN_POINT('',(-5.7109099642637,-0.744755027986067,-2.50000004487058));
#6571=CARTESIAN_POINT('',(-5.72884071655086,-0.805188343441665,-2.50000004487058));
#6572=CARTESIAN_POINT('',(-5.74863910223363,-0.865155062955722,-2.50000004487058));
#6573=CARTESIAN_POINT('',(-5.77006338144372,-0.924587580911021,-2.50000004487058));
#6574=CARTESIAN_POINT('',(-5.79148764808121,-0.984020063988974,-2.50000004487058));
#6575=CARTESIAN_POINT('',(-5.81453682020636,-1.04291787773637,-2.50000004487058));
#6576=CARTESIAN_POINT('',(-5.83896049004183,-1.1012184796145,-2.50000004487058));
#6577=CARTESIAN_POINT('',(-5.86338417056416,-1.15951910700273,-2.50000004487058));
#6578=CARTESIAN_POINT('',(-5.88918186736774,-1.21722275839066,-2.50000004487058));
#6579=CARTESIAN_POINT('',(-5.91610399875957,-1.27426906954676,-2.50000004487058));
#6580=CARTESIAN_POINT('',(-5.94302614004147,-1.3313154016593,-2.50000004487058));
#6581=CARTESIAN_POINT('',(-5.9710726036646,-1.38770489767697,-2.50000004487056));
#6582=CARTESIAN_POINT('',(-5.99999999999998,-1.44337569888012,-2.50000004487056));
#6583=CARTESIAN_POINT('',(-6.,0.,0.));
#6584=CARTESIAN_POINT('',(-6.,0.,0.));
#6585=CARTESIAN_POINT('',(-6.,0.,0.));
#6586=CARTESIAN_POINT('',(-6.,0.,0.));
#6587=CARTESIAN_POINT('',(-6.,0.,0.));
#6588=CARTESIAN_POINT('',(-6.,0.,0.));
#6589=CARTESIAN_POINT('',(-6.,0.,0.));
#6590=CARTESIAN_POINT('',(-6.,0.,0.));
#6591=CARTESIAN_POINT('',(-6.,0.,0.));
#6592=CARTESIAN_POINT('',(-6.,0.,0.));
#6593=CARTESIAN_POINT('',(-2.7,0.,0.));
#6594=CARTESIAN_POINT('',(0.,0.,0.));
#6595=CARTESIAN_POINT('',(0.,5.,6.12323399573677E-16));
#6596=CARTESIAN_POINT('',(-2.7,5.,6.12323399573677E-16));
#6597=CARTESIAN_POINT('',(-5.4,5.,6.12323399573677E-16));
#6598=CARTESIAN_POINT('',(-5.4,0.,0.));
#6599=CARTESIAN_POINT('',(-5.4,-5.,0.));
#6600=CARTESIAN_POINT('',(-5.4,0.,0.));
#6601=CARTESIAN_POINT('',(0.,2.5,0.));
#6602=CARTESIAN_POINT('',(-6.,0.,0.));
#6603=CARTESIAN_POINT('',(-6.,0.,0.));
#6604=CARTESIAN_POINT('',(-6.,3.64337569888011,0.));
#6605=CARTESIAN_POINT('',(-6.,0.,0.));
#6606=CARTESIAN_POINT('',(-6.,-4.4,0.));
#6607=CARTESIAN_POINT('',(-5.4,0.,0.));
#6608=CARTESIAN_POINT('',(-5.4,-4.4,-5.38844591624835E-16));
#6609=CARTESIAN_POINT('',(-209.736431996819,-238.652160749355,1566.));
#6610=CARTESIAN_POINT('',(-209.736431996819,-238.652160749355,1766.));
#6611=CARTESIAN_POINT('',(-209.736431996819,-238.652160749355,1966.));
#6612=CARTESIAN_POINT('',(618.97572911327,38.8797310508984,84.0000000000002));
#6613=CARTESIAN_POINT('',(624.001132379929,33.9999999999976,84.0000000000001));
#6614=CARTESIAN_POINT('',(620.801132379929,33.9999999999976,84.0000000000001));
#6615=CARTESIAN_POINT('',(624.001132379929,33.9999999999976,84.0000000000001));
#6616=CARTESIAN_POINT('',(619.001132379929,33.9999999999976,84.0000000000001));
#6617=CARTESIAN_POINT('',(618.97572911327,38.8797310508984,84.7000000000002));
#6618=CARTESIAN_POINT('',(624.001132379929,33.9999999999976,84.7000000000001));
#6619=CARTESIAN_POINT('',(620.801132379929,33.9999999999976,84.7000000000001));
#6620=CARTESIAN_POINT('',(624.001132379929,33.9999999999976,84.7000000000001));
#6621=CARTESIAN_POINT('',(619.001132379929,33.9999999999976,84.7000000000001));
#6622=CARTESIAN_POINT('',(624.001132379929,33.9999999999976,84.0000000000001));
#6623=CARTESIAN_POINT('',(620.801132379929,33.9999999999976,84.0000000000001));
#6624=CARTESIAN_POINT('',(624.001132379929,33.9999999999976,84.0000000000001));
#6625=CARTESIAN_POINT('',(619.001132379929,33.9999999999976,84.0000000000001));
#6626=CARTESIAN_POINT('',(-598.133967806452,30.9514358209386,1548.80619838641));
#6627=CARTESIAN_POINT('',(-598.133967806452,30.9514358209385,1348.80619838641));
#6628=CARTESIAN_POINT('',(-598.133967806452,30.9514358209385,1148.80619838641));
#6629=CARTESIAN_POINT('',(-209.736431996819,-238.652160749355,1366.));
#6630=CARTESIAN_POINT('',(-598.133967806452,30.9514358209385,948.806198386408));
#6631=CARTESIAN_POINT('',(-226.158614537513,20.4465078838686,1691.));
#6632=CARTESIAN_POINT('',(0.,0.,25.));
#6633=CARTESIAN_POINT('',(0.,0.,25.));
#6634=CARTESIAN_POINT('',(-5.51091059616309E-16,0.,20.5));
#6635=CARTESIAN_POINT('',(-5.51091059616309E-16,0.,20.5));
#6636=CARTESIAN_POINT('',(-5.51091059616309E-16,3.8,20.5));
#6637=CARTESIAN_POINT('',(0.,3.8,25.));
#6638=CARTESIAN_POINT('',(0.,0.,225.));
#6639=CARTESIAN_POINT('',(0.,0.,225.));
#6640=CARTESIAN_POINT('',(-5.51091059616309E-16,0.,220.5));
#6641=CARTESIAN_POINT('',(-5.51091059616309E-16,0.,220.5));
#6642=CARTESIAN_POINT('',(-5.51091059616309E-16,3.8,220.5));
#6643=CARTESIAN_POINT('',(0.,3.8,225.));
#6644=CARTESIAN_POINT('',(0.,0.,175.));
#6645=CARTESIAN_POINT('',(0.,0.,175.));
#6646=CARTESIAN_POINT('',(-5.51091059616309E-16,0.,170.5));
#6647=CARTESIAN_POINT('',(-5.51091059616309E-16,0.,170.5));
#6648=CARTESIAN_POINT('',(-5.51091059616309E-16,3.8,170.5));
#6649=CARTESIAN_POINT('',(0.,3.8,175.));
#6650=CARTESIAN_POINT('',(0.,0.,375.));
#6651=CARTESIAN_POINT('',(0.,0.,375.));
#6652=CARTESIAN_POINT('',(-5.51091059616309E-16,0.,370.5));
#6653=CARTESIAN_POINT('',(-5.51091059616309E-16,0.,370.5));
#6654=CARTESIAN_POINT('',(-5.51091059616309E-16,3.8,370.5));
#6655=CARTESIAN_POINT('',(0.,3.8,375.));
#6656=CARTESIAN_POINT('',(0.,0.,325.));
#6657=CARTESIAN_POINT('',(0.,0.,325.));
#6658=CARTESIAN_POINT('',(-5.51091059616309E-16,0.,320.5));
#6659=CARTESIAN_POINT('',(-5.51091059616309E-16,0.,320.5));
#6660=CARTESIAN_POINT('',(-5.51091059616309E-16,3.8,320.5));
#6661=CARTESIAN_POINT('',(0.,3.8,325.));
#6662=CARTESIAN_POINT('',(0.,0.,75.));
#6663=CARTESIAN_POINT('',(0.,0.,75.));
#6664=CARTESIAN_POINT('',(-5.51091059616309E-16,0.,70.5));
#6665=CARTESIAN_POINT('',(-5.51091059616309E-16,0.,70.5));
#6666=CARTESIAN_POINT('',(-5.51091059616309E-16,3.8,70.5));
#6667=CARTESIAN_POINT('',(0.,3.8,75.));
#6668=CARTESIAN_POINT('',(0.,0.,475.));
#6669=CARTESIAN_POINT('',(0.,0.,475.));
#6670=CARTESIAN_POINT('',(-5.51091059616309E-16,0.,470.5));
#6671=CARTESIAN_POINT('',(-5.51091059616309E-16,0.,470.5));
#6672=CARTESIAN_POINT('',(-5.51091059616309E-16,3.8,470.5));
#6673=CARTESIAN_POINT('',(0.,3.8,475.));
#6674=CARTESIAN_POINT('',(0.,0.,275.));
#6675=CARTESIAN_POINT('',(0.,0.,275.));
#6676=CARTESIAN_POINT('',(-5.51091059616309E-16,0.,270.5));
#6677=CARTESIAN_POINT('',(-5.51091059616309E-16,0.,270.5));
#6678=CARTESIAN_POINT('',(-5.51091059616309E-16,3.8,270.5));
#6679=CARTESIAN_POINT('',(0.,3.8,275.));
#6680=CARTESIAN_POINT('',(0.,0.,575.));
#6681=CARTESIAN_POINT('',(0.,0.,575.));
#6682=CARTESIAN_POINT('',(-5.51091059616303E-16,0.,570.5));
#6683=CARTESIAN_POINT('',(-5.51091059616303E-16,0.,570.5));
#6684=CARTESIAN_POINT('',(-5.51091059616303E-16,3.8,570.5));
#6685=CARTESIAN_POINT('',(0.,3.8,575.));
#6686=CARTESIAN_POINT('',(0.,0.,525.));
#6687=CARTESIAN_POINT('',(0.,0.,525.));
#6688=CARTESIAN_POINT('',(-5.51091059616303E-16,0.,520.5));
#6689=CARTESIAN_POINT('',(-5.51091059616303E-16,0.,520.5));
#6690=CARTESIAN_POINT('',(-5.51091059616303E-16,3.8,520.5));
#6691=CARTESIAN_POINT('',(0.,3.8,525.));
#6692=CARTESIAN_POINT('',(0.,0.,125.));
#6693=CARTESIAN_POINT('',(0.,0.,125.));
#6694=CARTESIAN_POINT('',(-5.51091059616309E-16,0.,120.5));
#6695=CARTESIAN_POINT('',(-5.51091059616309E-16,0.,120.5));
#6696=CARTESIAN_POINT('',(-5.51091059616309E-16,3.8,120.5));
#6697=CARTESIAN_POINT('',(0.,3.8,125.));
#6698=CARTESIAN_POINT('',(0.,3.8,225.));
#6699=CARTESIAN_POINT('',(0.,3.8,225.));
#6700=CARTESIAN_POINT('',(-9.18485099360516E-16,3.8,217.5));
#6701=CARTESIAN_POINT('',(0.,3.8,475.));
#6702=CARTESIAN_POINT('',(0.,3.8,475.));
#6703=CARTESIAN_POINT('',(-9.18485099360516E-16,3.8,467.5));
#6704=CARTESIAN_POINT('',(0.,3.8,275.));
#6705=CARTESIAN_POINT('',(0.,3.8,275.));
#6706=CARTESIAN_POINT('',(-9.18485099360516E-16,3.8,267.5));
#6707=CARTESIAN_POINT('',(0.,3.8,175.));
#6708=CARTESIAN_POINT('',(0.,3.8,175.));
#6709=CARTESIAN_POINT('',(-9.18485099360516E-16,3.8,167.5));
#6710=CARTESIAN_POINT('',(0.,3.8,575.));
#6711=CARTESIAN_POINT('',(0.,3.8,575.));
#6712=CARTESIAN_POINT('',(-9.18485099360509E-16,3.8,567.5));
#6713=CARTESIAN_POINT('',(0.,3.8,325.));
#6714=CARTESIAN_POINT('',(0.,3.8,325.));
#6715=CARTESIAN_POINT('',(-9.18485099360516E-16,3.8,317.5));
#6716=CARTESIAN_POINT('',(0.,3.8,25.));
#6717=CARTESIAN_POINT('',(0.,3.8,25.));
#6718=CARTESIAN_POINT('',(-9.18485099360515E-16,3.8,17.5));
#6719=CARTESIAN_POINT('',(0.,3.8,525.));
#6720=CARTESIAN_POINT('',(0.,3.8,525.));
#6721=CARTESIAN_POINT('',(-9.18485099360509E-16,3.8,517.5));
#6722=CARTESIAN_POINT('',(0.,3.8,375.));
#6723=CARTESIAN_POINT('',(0.,3.8,375.));
#6724=CARTESIAN_POINT('',(-9.18485099360516E-16,3.8,367.5));
#6725=CARTESIAN_POINT('',(0.,3.8,75.));
#6726=CARTESIAN_POINT('',(0.,3.8,75.));
#6727=CARTESIAN_POINT('',(-9.18485099360516E-16,3.8,67.5));
#6728=CARTESIAN_POINT('',(0.,3.8,125.));
#6729=CARTESIAN_POINT('',(0.,3.8,125.));
#6730=CARTESIAN_POINT('',(-9.18485099360516E-16,3.8,117.5));
#6731=CARTESIAN_POINT('',(0.,0.,600.));
#6732=CARTESIAN_POINT('',(0.,0.,425.));
#6733=CARTESIAN_POINT('',(-5.51091059616309E-16,0.,420.5));
#6734=CARTESIAN_POINT('',(11.5,0.,600.));
#6735=CARTESIAN_POINT('',(11.5,0.,600.));
#6736=CARTESIAN_POINT('',(11.5,0.,0.));
#6737=CARTESIAN_POINT('',(0.,0.,600.));
#6738=CARTESIAN_POINT('',(-11.5,1.40829730689573E-15,600.));
#6739=CARTESIAN_POINT('',(-11.5,1.40829730689573E-15,600.));
#6740=CARTESIAN_POINT('',(-11.5,1.40829730689573E-15,0.));
#6741=CARTESIAN_POINT('',(0.,0.,0.));
#6742=CARTESIAN_POINT('',(-11.5,1.40829730689573E-15,0.));
#6743=CARTESIAN_POINT('',(-11.5,1.40829730689573E-15,0.));
#6744=CARTESIAN_POINT('',(-11.5,10.,0.));
#6745=CARTESIAN_POINT('',(-11.5,10.,0.));
#6746=CARTESIAN_POINT('',(11.5,10.,0.));
#6747=CARTESIAN_POINT('',(11.5,10.,0.));
#6748=CARTESIAN_POINT('',(0.,3.8,225.));
#6749=CARTESIAN_POINT('',(-9.18485099360516E-16,3.8,217.5));
#6750=CARTESIAN_POINT('',(-9.18485099360516E-16,10.,217.5));
#6751=CARTESIAN_POINT('',(0.,10.,225.));
#6752=CARTESIAN_POINT('',(-11.5,1.40829730689573E-15,600.));
#6753=CARTESIAN_POINT('',(-11.5,1.40829730689573E-15,600.));
#6754=CARTESIAN_POINT('',(-11.5,10.,600.));
#6755=CARTESIAN_POINT('',(-11.5,10.,600.));
#6756=CARTESIAN_POINT('',(-11.5,1.40829730689573E-15,600.));
#6757=CARTESIAN_POINT('',(11.5,10.,600.));
#6758=CARTESIAN_POINT('',(11.5,10.,600.));
#6759=CARTESIAN_POINT('',(-11.5,10.,600.));
#6760=CARTESIAN_POINT('',(11.5,10.,600.));
#6761=CARTESIAN_POINT('',(11.5,10.,600.));
#6762=CARTESIAN_POINT('',(0.,3.8,475.));
#6763=CARTESIAN_POINT('',(-9.18485099360516E-16,3.8,467.5));
#6764=CARTESIAN_POINT('',(-9.18485099360516E-16,10.,467.5));
#6765=CARTESIAN_POINT('',(0.,10.,475.));
#6766=CARTESIAN_POINT('',(0.,3.8,275.));
#6767=CARTESIAN_POINT('',(-9.18485099360516E-16,3.8,267.5));
#6768=CARTESIAN_POINT('',(-9.18485099360516E-16,10.,267.5));
#6769=CARTESIAN_POINT('',(0.,10.,275.));
#6770=CARTESIAN_POINT('',(0.,3.8,175.));
#6771=CARTESIAN_POINT('',(-9.18485099360516E-16,3.8,167.5));
#6772=CARTESIAN_POINT('',(-9.18485099360516E-16,10.,167.5));
#6773=CARTESIAN_POINT('',(0.,10.,175.));
#6774=CARTESIAN_POINT('',(0.,3.8,575.));
#6775=CARTESIAN_POINT('',(-9.18485099360509E-16,3.8,567.5));
#6776=CARTESIAN_POINT('',(-9.18485099360509E-16,10.,567.5));
#6777=CARTESIAN_POINT('',(0.,10.,575.));
#6778=CARTESIAN_POINT('',(0.,3.8,325.));
#6779=CARTESIAN_POINT('',(-9.18485099360516E-16,3.8,317.5));
#6780=CARTESIAN_POINT('',(-9.18485099360516E-16,10.,317.5));
#6781=CARTESIAN_POINT('',(0.,10.,325.));
#6782=CARTESIAN_POINT('',(0.,3.8,25.));
#6783=CARTESIAN_POINT('',(-9.18485099360515E-16,3.8,17.5));
#6784=CARTESIAN_POINT('',(-9.18485099360515E-16,10.,17.5));
#6785=CARTESIAN_POINT('',(0.,10.,25.));
#6786=CARTESIAN_POINT('',(0.,3.8,525.));
#6787=CARTESIAN_POINT('',(-9.18485099360509E-16,3.8,517.5));
#6788=CARTESIAN_POINT('',(-9.18485099360509E-16,10.,517.5));
#6789=CARTESIAN_POINT('',(0.,10.,525.));
#6790=CARTESIAN_POINT('',(0.,3.8,375.));
#6791=CARTESIAN_POINT('',(-9.18485099360516E-16,3.8,367.5));
#6792=CARTESIAN_POINT('',(-9.18485099360516E-16,10.,367.5));
#6793=CARTESIAN_POINT('',(0.,10.,375.));
#6794=CARTESIAN_POINT('',(0.,3.8,75.));
#6795=CARTESIAN_POINT('',(-9.18485099360516E-16,3.8,67.5));
#6796=CARTESIAN_POINT('',(-9.18485099360516E-16,10.,67.5));
#6797=CARTESIAN_POINT('',(0.,10.,75.));
#6798=CARTESIAN_POINT('',(0.,3.8,125.));
#6799=CARTESIAN_POINT('',(-9.18485099360516E-16,3.8,117.5));
#6800=CARTESIAN_POINT('',(-9.18485099360516E-16,10.,117.5));
#6801=CARTESIAN_POINT('',(0.,10.,125.));
#6802=CARTESIAN_POINT('',(0.,0.,425.));
#6803=CARTESIAN_POINT('',(-5.51091059616309E-16,0.,420.5));
#6804=CARTESIAN_POINT('',(-5.51091059616309E-16,3.8,420.5));
#6805=CARTESIAN_POINT('',(0.,3.8,425.));
#6806=CARTESIAN_POINT('',(-11.5,10.,600.));
#6807=CARTESIAN_POINT('',(0.,10.,425.));
#6808=CARTESIAN_POINT('',(-9.18485099360516E-16,10.,417.5));
#6809=CARTESIAN_POINT('',(0.,3.8,425.));
#6810=CARTESIAN_POINT('',(0.,3.8,425.));
#6811=CARTESIAN_POINT('',(-9.18485099360516E-16,3.8,417.5));
#6812=CARTESIAN_POINT('',(0.,3.8,425.));
#6813=CARTESIAN_POINT('',(-9.18485099360516E-16,3.8,417.5));
#6814=CARTESIAN_POINT('',(42.4999999999999,10.0000000000001,-300.));
#6815=CARTESIAN_POINT('',(-42.5,10.0000000000004,-300.));
#6816=MECHANICAL_DESIGN_GEOMETRIC_PRESENTATION_REPRESENTATION('',(#3103,
#3104,#3105,#3106,#3107,#3108,#3109,#3110,#3111,#3112,#3113,#3114,#3115,
#3116,#3117,#3118,#3119,#3120,#3121,#3122,#3123,#3124,#3125,#3126,#3127,
#3128,#3129,#3130,#3131,#3132,#3133,#3134,#3135,#3136,#3137,#3138,#3139,
#3140,#3141,#3142,#3143,#3144,#3145,#3146,#3147,#3148,#3149,#3150,#3151,
#3152,#3153,#3154,#3155,#3156,#3157,#3158,#3159,#3160,#3161,#3162,#3163,
#3164,#3165,#3166,#3167,#3168,#3169,#3170,#3171,#3172,#3173,#3174,#3175,
#3176,#3177,#3178,#3179,#3180,#3181,#3182,#3183,#3184,#3185,#3186,#3187,
#3188,#3189,#3190,#3191,#3192,#3193,#3194,#3195,#3196,#3197,#3198,#3199,
#3200,#3201,#3202,#3203,#3204,#3205),#6817);
#6817=(
GEOMETRIC_REPRESENTATION_CONTEXT(3)
GLOBAL_UNCERTAINTY_ASSIGNED_CONTEXT((#6825))
GLOBAL_UNIT_ASSIGNED_CONTEXT((#6835,#6834,#6833))
REPRESENTATION_CONTEXT('Magnetschiene_rechts','TOP_LEVEL_ASSEMBLY_PART')
);
#6818=(
GEOMETRIC_REPRESENTATION_CONTEXT(3)
GLOBAL_UNCERTAINTY_ASSIGNED_CONTEXT((#6826))
GLOBAL_UNIT_ASSIGNED_CONTEXT((#6835,#6834,#6833))
REPRESENTATION_CONTEXT('Magnetschiene-0164.1-04-01-010_.1',
'COMPONENT_PART')
);
#6819=(
GEOMETRIC_REPRESENTATION_CONTEXT(3)
GLOBAL_UNCERTAINTY_ASSIGNED_CONTEXT((#6827))
GLOBAL_UNIT_ASSIGNED_CONTEXT((#6835,#6834,#6833))
REPRESENTATION_CONTEXT('Erg‰nzungsst¸ck-0164.1-04-01-009_',
'COMPONENT_PART')
);
#6820=(
GEOMETRIC_REPRESENTATION_CONTEXT(3)
GLOBAL_UNCERTAINTY_ASSIGNED_CONTEXT((#6828))
GLOBAL_UNIT_ASSIGNED_CONTEXT((#6835,#6834,#6833))
REPRESENTATION_CONTEXT('Sensorleiste','COMPONENT_PART')
);
#6821=(
GEOMETRIC_REPRESENTATION_CONTEXT(3)
GLOBAL_UNCERTAINTY_ASSIGNED_CONTEXT((#6829))
GLOBAL_UNIT_ASSIGNED_CONTEXT((#6835,#6834,#6833))
REPRESENTATION_CONTEXT('Sensorleiste-0164.1-04-01-017_',
'COMPONENT_PART')
);
#6822=(
GEOMETRIC_REPRESENTATION_CONTEXT(3)
GLOBAL_UNCERTAINTY_ASSIGNED_CONTEXT((#6830))
GLOBAL_UNIT_ASSIGNED_CONTEXT((#6835,#6834,#6833))
REPRESENTATION_CONTEXT('Zylinderschraube_DIN_912_-_M6_x_16_-_.4',
'COMPONENT_PART')
);
#6823=(
GEOMETRIC_REPRESENTATION_CONTEXT(3)
GLOBAL_UNCERTAINTY_ASSIGNED_CONTEXT((#6831))
GLOBAL_UNIT_ASSIGNED_CONTEXT((#6835,#6834,#6833))
REPRESENTATION_CONTEXT('Schnorr_Zahnscheibe-S6_x_10_x_0.7_.99.2',
'COMPONENT_PART')
);
#6824=(
GEOMETRIC_REPRESENTATION_CONTEXT(3)
GLOBAL_UNCERTAINTY_ASSIGNED_CONTEXT((#6832))
GLOBAL_UNIT_ASSIGNED_CONTEXT((#6835,#6834,#6833))
REPRESENTATION_CONTEXT('Einlegeleiste-0164.1-04-01-008_.1',
'COMPONENT_PART')
);
#6825=UNCERTAINTY_MEASURE_WITH_UNIT(LENGTH_MEASURE(1.E-5),#6835,
'DISTANCE_ACCURACY_VALUE','Maximum Tolerance applied to model');
#6826=UNCERTAINTY_MEASURE_WITH_UNIT(LENGTH_MEASURE(1.E-5),#6835,
'DISTANCE_ACCURACY_VALUE','Maximum Tolerance applied to model');
#6827=UNCERTAINTY_MEASURE_WITH_UNIT(LENGTH_MEASURE(1.E-5),#6835,
'DISTANCE_ACCURACY_VALUE','Maximum Tolerance applied to model');
#6828=UNCERTAINTY_MEASURE_WITH_UNIT(LENGTH_MEASURE(1.E-5),#6835,
'DISTANCE_ACCURACY_VALUE','Maximum Tolerance applied to model');
#6829=UNCERTAINTY_MEASURE_WITH_UNIT(LENGTH_MEASURE(1.E-5),#6835,
'DISTANCE_ACCURACY_VALUE','Maximum Tolerance applied to model');
#6830=UNCERTAINTY_MEASURE_WITH_UNIT(LENGTH_MEASURE(1.E-5),#6835,
'DISTANCE_ACCURACY_VALUE','Maximum Tolerance applied to model');
#6831=UNCERTAINTY_MEASURE_WITH_UNIT(LENGTH_MEASURE(1.E-5),#6835,
'DISTANCE_ACCURACY_VALUE','Maximum Tolerance applied to model');
#6832=UNCERTAINTY_MEASURE_WITH_UNIT(LENGTH_MEASURE(1.E-5),#6835,
'DISTANCE_ACCURACY_VALUE','Maximum Tolerance applied to model');
#6833=(
NAMED_UNIT(*)
SI_UNIT($,.STERADIAN.)
SOLID_ANGLE_UNIT()
);
#6834=(
NAMED_UNIT(*)
PLANE_ANGLE_UNIT()
SI_UNIT($,.RADIAN.)
);
#6835=(
LENGTH_UNIT()
NAMED_UNIT(*)
SI_UNIT(.MILLI.,.METRE.)
);
#6836=PRODUCT_DEFINITION_SHAPE('','',#6858);
#6837=PRODUCT_DEFINITION_SHAPE('','',#6859);
#6838=PRODUCT_DEFINITION_SHAPE(' ','NAUO PRDDFN',#44);
#6839=PRODUCT_DEFINITION_SHAPE('','',#6860);
#6840=PRODUCT_DEFINITION_SHAPE(' ','NAUO PRDDFN',#45);
#6841=PRODUCT_DEFINITION_SHAPE('','',#6861);
#6842=PRODUCT_DEFINITION_SHAPE('','',#6862);
#6843=PRODUCT_DEFINITION_SHAPE(' ','NAUO PRDDFN',#46);
#6844=PRODUCT_DEFINITION_SHAPE('','',#6863);
#6845=PRODUCT_DEFINITION_SHAPE(' ','NAUO PRDDFN',#47);
#6846=PRODUCT_DEFINITION_SHAPE(' ','NAUO PRDDFN',#48);
#6847=PRODUCT_DEFINITION_SHAPE(' ','NAUO PRDDFN',#49);
#6848=PRODUCT_DEFINITION_SHAPE('','',#6864);
#6849=PRODUCT_DEFINITION_SHAPE(' ','NAUO PRDDFN',#50);
#6850=PRODUCT_DEFINITION_SHAPE(' ','NAUO PRDDFN',#51);
#6851=PRODUCT_DEFINITION_SHAPE(' ','NAUO PRDDFN',#52);
#6852=PRODUCT_DEFINITION_SHAPE(' ','NAUO PRDDFN',#53);
#6853=PRODUCT_DEFINITION_SHAPE(' ','NAUO PRDDFN',#54);
#6854=PRODUCT_DEFINITION_SHAPE(' ','NAUO PRDDFN',#55);
#6855=PRODUCT_DEFINITION_SHAPE('','',#6865);
#6856=PRODUCT_DEFINITION_SHAPE(' ','NAUO PRDDFN',#56);
#6857=PRODUCT_DEFINITION_SHAPE(' ','NAUO PRDDFN',#57);
#6858=PRODUCT_DEFINITION('','',#6874,#6866);
#6859=PRODUCT_DEFINITION('','',#6875,#6867);
#6860=PRODUCT_DEFINITION('','',#6876,#6868);
#6861=PRODUCT_DEFINITION('','',#6877,#6869);
#6862=PRODUCT_DEFINITION('','',#6878,#6870);
#6863=PRODUCT_DEFINITION('','',#6879,#6871);
#6864=PRODUCT_DEFINITION('','',#6880,#6872);
#6865=PRODUCT_DEFINITION('','',#6881,#6873);
#6866=PRODUCT_DEFINITION_CONTEXT('',#6915,'design');
#6867=PRODUCT_DEFINITION_CONTEXT('',#6915,'design');
#6868=PRODUCT_DEFINITION_CONTEXT('',#6915,'design');
#6869=PRODUCT_DEFINITION_CONTEXT('',#6915,'design');
#6870=PRODUCT_DEFINITION_CONTEXT('',#6915,'design');
#6871=PRODUCT_DEFINITION_CONTEXT('',#6915,'design');
#6872=PRODUCT_DEFINITION_CONTEXT('',#6915,'design');
#6873=PRODUCT_DEFINITION_CONTEXT('',#6915,'design');
#6874=PRODUCT_DEFINITION_FORMATION_WITH_SPECIFIED_SOURCE('','',#6890,
 .NOT_KNOWN.);
#6875=PRODUCT_DEFINITION_FORMATION_WITH_SPECIFIED_SOURCE('','',#6891,
 .NOT_KNOWN.);
#6876=PRODUCT_DEFINITION_FORMATION_WITH_SPECIFIED_SOURCE('','',#6892,
 .NOT_KNOWN.);
#6877=PRODUCT_DEFINITION_FORMATION_WITH_SPECIFIED_SOURCE('','',#6893,
 .NOT_KNOWN.);
#6878=PRODUCT_DEFINITION_FORMATION_WITH_SPECIFIED_SOURCE('','',#6894,
 .NOT_KNOWN.);
#6879=PRODUCT_DEFINITION_FORMATION_WITH_SPECIFIED_SOURCE('','',#6895,
 .NOT_KNOWN.);
#6880=PRODUCT_DEFINITION_FORMATION_WITH_SPECIFIED_SOURCE('','',#6896,
 .NOT_KNOWN.);
#6881=PRODUCT_DEFINITION_FORMATION_WITH_SPECIFIED_SOURCE('','',#6897,
 .NOT_KNOWN.);
#6882=PRODUCT_RELATED_PRODUCT_CATEGORY('','',(#6890));
#6883=PRODUCT_RELATED_PRODUCT_CATEGORY('','',(#6891));
#6884=PRODUCT_RELATED_PRODUCT_CATEGORY('','',(#6892));
#6885=PRODUCT_RELATED_PRODUCT_CATEGORY('','',(#6893));
#6886=PRODUCT_RELATED_PRODUCT_CATEGORY('','',(#6894));
#6887=PRODUCT_RELATED_PRODUCT_CATEGORY('','',(#6895));
#6888=PRODUCT_RELATED_PRODUCT_CATEGORY('','',(#6896));
#6889=PRODUCT_RELATED_PRODUCT_CATEGORY('','',(#6897));
#6890=PRODUCT('Magnetschiene_rechts','Magnetschiene_rechts',
'Magnetschiene_rechts',(#6906));
#6891=PRODUCT('Magnetschiene-0164.1-04-01-010_.1',
'Magnetschiene-0164.1-04-01-010_.1','Magnetschiene-0164.1-04-01-010_.1',
(#6907));
#6892=PRODUCT('Erg‰nzungsst¸ck-0164.1-04-01-009_',
'Erg‰nzungsst¸ck-0164.1-04-01-009_','Erg‰nzungsst¸ck-0164.1-04-01-009_',
(#6908));
#6893=PRODUCT('Sensorleiste','Sensorleiste','Sensorleiste',(#6909));
#6894=PRODUCT('Sensorleiste-0164.1-04-01-017_',
'Sensorleiste-0164.1-04-01-017_','Sensorleiste-0164.1-04-01-017_',(#6910));
#6895=PRODUCT('Zylinderschraube_DIN_912_-_M6_x_16_-_.4',
'Zylinderschraube_DIN_912_-_M6_x_16_-_.4',
'Zylinderschraube_DIN_912_-_M6_x_16_-_.4',(#6911));
#6896=PRODUCT('Schnorr_Zahnscheibe-S6_x_10_x_0.7_.99.2',
'Schnorr_Zahnscheibe-S6_x_10_x_0.7_.99.2',
'Schnorr_Zahnscheibe-S6_x_10_x_0.7_.99.2',(#6912));
#6897=PRODUCT('Einlegeleiste-0164.1-04-01-008_.1',
'Einlegeleiste-0164.1-04-01-008_.1','Einlegeleiste-0164.1-04-01-008_.1',
(#6913));
#6898=PRODUCT_CATEGORY('','');
#6899=PRODUCT_CATEGORY('','');
#6900=PRODUCT_CATEGORY('','');
#6901=PRODUCT_CATEGORY('','');
#6902=PRODUCT_CATEGORY('','');
#6903=PRODUCT_CATEGORY('','');
#6904=PRODUCT_CATEGORY('','');
#6905=PRODUCT_CATEGORY('','');
#6906=PRODUCT_CONTEXT('',#6915,'mechanical');
#6907=PRODUCT_CONTEXT('',#6915,'mechanical');
#6908=PRODUCT_CONTEXT('',#6915,'mechanical');
#6909=PRODUCT_CONTEXT('',#6915,'mechanical');
#6910=PRODUCT_CONTEXT('',#6915,'mechanical');
#6911=PRODUCT_CONTEXT('',#6915,'mechanical');
#6912=PRODUCT_CONTEXT('',#6915,'mechanical');
#6913=PRODUCT_CONTEXT('',#6915,'mechanical');
#6914=APPLICATION_PROTOCOL_DEFINITION('international standard',
'automotive_design',2010,#6915);
#6915=APPLICATION_CONTEXT(
'core data for automotive mechanical design processes');
ENDSEC;
END-ISO-10303-21;
