ISO-10303-21;
HEADER;
/* Generated by software containing ST-Developer
 * from STEP Tools, Inc. (www.steptools.com) 
 */
/* OPTION: using custom renumber hook */
/* OPTION: strings as raw bytes, not using required /X/ escapes */

FILE_DESCRIPTION(
/* description */ ('Unknown'),
/* implementation_level */ '2;1');

FILE_NAME(
/* name */ 'Magnetschiene_links',
/* time_stamp */ '2026-01-22T01:13:38+01:00',
/* author */ ('Unknown'),
/* organization */ ('Unknown'),
/* preprocessor_version */ 'ST-DEVELOPER v20',
/* originating_system */ 'Solid Edge',
/* authorisation */ 'Unknown');

FILE_SCHEMA (('AUTOMOTIVE_DESIGN {1 0 10303 214 3 1 1}'));
ENDSEC;

DATA;
#10=PROPERTY_DEFINITION_REPRESENTATION(#14,#12);
#11=PROPERTY_DEFINITION_REPRESENTATION(#15,#13);
#12=REPRESENTATION('',(#16),#6132);
#13=REPRESENTATION('',(#17),#6132);
#14=PROPERTY_DEFINITION('pmi validation property','',#6151);
#15=PROPERTY_DEFINITION('pmi validation property','',#6151);
#16=VALUE_REPRESENTATION_ITEM('number of annotations',COUNT_MEASURE(0.));
#17=VALUE_REPRESENTATION_ITEM('number of views',COUNT_MEASURE(0.));
#18=TOROIDAL_SURFACE('',#3667,4.4,0.6);
#19=B_SPLINE_CURVE_WITH_KNOTS('',3,(#5225,#5226,#5227,#5228,#5229),
 .UNSPECIFIED.,.F.,.F.,(4,1,4),(0.,0.5,1.),.UNSPECIFIED.);
#20=B_SPLINE_CURVE_WITH_KNOTS('',3,(#5232,#5233,#5234,#5235,#5236,#5237,
#5238,#5239,#5240,#5241,#5242),.UNSPECIFIED.,.F.,.F.,(4,1,1,1,1,1,1,1,4),
(0.,0.125,0.25,0.375,0.5,0.625,0.75,0.875,1.),.UNSPECIFIED.);
#21=B_SPLINE_CURVE_WITH_KNOTS('',3,(#5332,#5333,#5334,#5335,#5336),
 .UNSPECIFIED.,.F.,.F.,(4,1,4),(0.,0.5,1.),.UNSPECIFIED.);
#22=B_SPLINE_CURVE_WITH_KNOTS('',3,(#5339,#5340,#5341,#5342,#5343,#5344,
#5345,#5346,#5347,#5348,#5349),.UNSPECIFIED.,.F.,.F.,(4,1,1,1,1,1,1,1,4),
(0.,0.125,0.25,0.375,0.5,0.625,0.75,0.875,1.),.UNSPECIFIED.);
#23=B_SPLINE_CURVE_WITH_KNOTS('',3,(#5487,#5488,#5489,#5490,#5491,#5492,
#5493,#5494,#5495,#5496,#5497,#5498,#5499,#5500,#5501,#5502,#5503,#5504,
#5505,#5506,#5507,#5508,#5509,#5510,#5511,#5512,#5513,#5514,#5515,#5516,
#5517,#5518,#5519,#5520,#5521,#5522,#5523,#5524,#5525,#5526,#5527,#5528,
#5529,#5530,#5531,#5532,#5533,#5534,#5535,#5536,#5537,#5538,#5539,#5540,
#5541,#5542,#5543,#5544,#5545,#5546,#5547,#5548,#5549,#5550),
 .UNSPECIFIED.,.F.,.F.,(4,3,3,3,3,3,3,3,3,3,3,3,3,3,3,3,3,3,3,3,3,4),(0.,
0.189204854049871,0.378359095055311,0.755720916279854,0.849860067850131,
0.944046058757897,1.03854194116294,1.13330124541654,1.22824760805837,1.32330214679968,
1.41838606917284,1.51342305504998,1.60834163410695,1.70307783251575,1.79757836457228,
1.89180590588121,2.08018686670799,2.26903629366509,2.45837400155033,2.64798675701118,
2.83746889378365,3.02625433071131),.UNSPECIFIED.);
#24=B_SPLINE_CURVE_WITH_KNOTS('',3,(#5559,#5560,#5561,#5562,#5563,#5564,
#5565,#5566,#5567,#5568,#5569,#5570,#5571,#5572,#5573,#5574,#5575,#5576,
#5577,#5578,#5579,#5580,#5581,#5582,#5583,#5584,#5585,#5586,#5587,#5588,
#5589,#5590,#5591,#5592,#5593,#5594,#5595,#5596,#5597,#5598,#5599,#5600,
#5601,#5602,#5603,#5604,#5605,#5606,#5607,#5608,#5609,#5610,#5611,#5612,
#5613,#5614,#5615,#5616,#5617,#5618,#5619,#5620,#5621,#5622),
 .UNSPECIFIED.,.F.,.F.,(4,3,3,3,3,3,3,3,3,3,3,3,3,3,3,3,3,3,3,3,3,4),(0.,
0.189204854049873,0.37835909505529,0.755720916279834,0.849860067850122,
0.944046058757888,1.03854194116293,1.13330124541654,1.22824760805837,1.32330214679967,
1.41838606917283,1.51342305504997,1.60834163410694,1.70307783251574,1.79757836457228,
1.89180590588121,2.080186866708,2.26903629366511,2.45837400155034,2.6479867570112,
2.83746889378368,3.02625433071137),.UNSPECIFIED.);
#25=B_SPLINE_CURVE_WITH_KNOTS('',3,(#5628,#5629,#5630,#5631,#5632,#5633,
#5634,#5635,#5636,#5637,#5638,#5639,#5640,#5641,#5642,#5643,#5644,#5645,
#5646,#5647,#5648,#5649,#5650,#5651,#5652,#5653,#5654,#5655,#5656,#5657,
#5658,#5659,#5660,#5661,#5662,#5663,#5664,#5665,#5666,#5667,#5668,#5669,
#5670,#5671,#5672,#5673,#5674,#5675,#5676,#5677,#5678,#5679,#5680,#5681,
#5682,#5683,#5684,#5685,#5686,#5687,#5688,#5689,#5690,#5691),
 .UNSPECIFIED.,.F.,.F.,(4,3,3,3,3,3,3,3,3,3,3,3,3,3,3,3,3,3,3,3,3,4),(0.,
0.189204852033099,0.378359085275841,0.755720889577662,0.849860039322311,
0.944046039148801,1.0385419338272,1.13330124769168,1.22824761685353,1.32330215881673,
1.41838608110356,1.51342306376145,1.60834163682892,1.7030778270437,1.79757834949903,
1.89180588189474,2.08018685092206,2.26903629089736,2.45837401158249,2.64798677478075,
2.83746890964731,3.02625433071139),.UNSPECIFIED.);
#26=B_SPLINE_CURVE_WITH_KNOTS('',3,(#5697,#5698,#5699,#5700,#5701,#5702,
#5703,#5704,#5705,#5706,#5707,#5708,#5709,#5710,#5711,#5712,#5713,#5714,
#5715,#5716,#5717,#5718,#5719,#5720,#5721,#5722,#5723,#5724,#5725,#5726,
#5727,#5728,#5729,#5730,#5731,#5732,#5733,#5734,#5735,#5736,#5737,#5738,
#5739,#5740,#5741,#5742,#5743,#5744,#5745,#5746,#5747,#5748,#5749,#5750,
#5751,#5752,#5753,#5754,#5755,#5756,#5757,#5758,#5759,#5760),
 .UNSPECIFIED.,.F.,.F.,(4,3,3,3,3,3,3,3,3,3,3,3,3,3,3,3,3,3,3,3,3,4),(0.,
0.188785421064094,0.378267555930658,0.567880319128921,0.757218039814049,
0.946067479789352,1.13444844881667,1.22867598121238,1.32317650366771,1.4179126938825,
1.51283126694996,1.60786824960785,1.70295217189468,1.79800671385788,1.89295308301973,
1.9877123968842,2.08220829156258,2.17639429138908,2.27053344113375,2.64789524543558,
2.83704947867833,3.02625433071147),.UNSPECIFIED.);
#27=B_SPLINE_CURVE_WITH_KNOTS('',3,(#5766,#5767,#5768,#5769,#5770,#5771,
#5772,#5773,#5774,#5775,#5776,#5777,#5778,#5779,#5780,#5781,#5782,#5783,
#5784,#5785,#5786,#5787,#5788,#5789,#5790,#5791,#5792,#5793,#5794,#5795,
#5796,#5797,#5798,#5799,#5800,#5801,#5802,#5803,#5804,#5805,#5806,#5807,
#5808,#5809,#5810,#5811,#5812,#5813,#5814,#5815,#5816,#5817,#5818,#5819,
#5820,#5821,#5822,#5823,#5824,#5825,#5826,#5827,#5828,#5829),
 .UNSPECIFIED.,.F.,.F.,(4,3,3,3,3,3,3,3,3,3,3,3,3,3,3,3,3,3,3,3,3,4),(0.,
0.1892048540499,0.37835909505534,0.755720916279886,0.849860067850174,0.94404605875794,
1.038541941163,1.13330124541661,1.22824760805845,1.32330214679976,1.41838606917294,
1.51342305505007,1.60834163410704,1.70307783251584,1.79757836457237,1.89180590588131,
2.0801868667081,2.2690362936652,2.45837400155042,2.64798675701127,2.83746889378374,
3.02625433071137),.UNSPECIFIED.);
#28=B_SPLINE_CURVE_WITH_KNOTS('',3,(#5834,#5835,#5836,#5837,#5838,#5839,
#5840,#5841,#5842,#5843,#5844,#5845,#5846,#5847,#5848,#5849,#5850,#5851,
#5852,#5853,#5854,#5855,#5856,#5857,#5858,#5859,#5860,#5861,#5862,#5863,
#5864,#5865,#5866,#5867,#5868,#5869,#5870,#5871,#5872,#5873,#5874,#5875,
#5876,#5877,#5878,#5879,#5880,#5881,#5882,#5883,#5884,#5885,#5886,#5887,
#5888,#5889,#5890,#5891,#5892,#5893,#5894,#5895,#5896,#5897),
 .UNSPECIFIED.,.F.,.F.,(4,3,3,3,3,3,3,3,3,3,3,3,3,3,3,3,3,3,3,3,3,4),(0.,
0.189204854049871,0.378359095055289,0.755720916279835,0.849860067850113,
0.944046058757869,1.03854194116291,1.13330124541651,1.22824760805834,1.32330214679964,
1.41838606917279,1.51342305504991,1.60834163410688,1.70307783251568,1.79757836457222,
1.89180590588114,2.08018686670793,2.26903629366503,2.45837400155027,2.64798675701112,
2.83746889378358,3.02625433071124),.UNSPECIFIED.);
#29=CONTEXT_DEPENDENT_SHAPE_REPRESENTATION(#57,#6153);
#30=CONTEXT_DEPENDENT_SHAPE_REPRESENTATION(#58,#6155);
#31=CONTEXT_DEPENDENT_SHAPE_REPRESENTATION(#59,#6158);
#32=CONTEXT_DEPENDENT_SHAPE_REPRESENTATION(#60,#6160);
#33=CONTEXT_DEPENDENT_SHAPE_REPRESENTATION(#61,#6161);
#34=CONTEXT_DEPENDENT_SHAPE_REPRESENTATION(#62,#6162);
#35=CONTEXT_DEPENDENT_SHAPE_REPRESENTATION(#63,#6164);
#36=CONTEXT_DEPENDENT_SHAPE_REPRESENTATION(#64,#6165);
#37=CONTEXT_DEPENDENT_SHAPE_REPRESENTATION(#65,#6166);
#38=CONTEXT_DEPENDENT_SHAPE_REPRESENTATION(#66,#6167);
#39=CONTEXT_DEPENDENT_SHAPE_REPRESENTATION(#67,#6168);
#40=CONTEXT_DEPENDENT_SHAPE_REPRESENTATION(#68,#6169);
#41=CONTEXT_DEPENDENT_SHAPE_REPRESENTATION(#69,#6171);
#42=CONTEXT_DEPENDENT_SHAPE_REPRESENTATION(#70,#6172);
#43=NEXT_ASSEMBLY_USAGE_OCCURRENCE('Magnetschiene-0164.1-04-01-010_.1',
'Magnetschiene-0164.1-04-01-010_.1','Magnetschiene-0164.1-04-01-010_.1',
#6173,#6174,'');
#44=NEXT_ASSEMBLY_USAGE_OCCURRENCE(
'Erg√§nzungsst√ºck-0164.1-04-01-009_',
'Erg√§nzungsst√ºck-0164.1-04-01-009_',
'Erg√§nzungsst√ºck-0164.1-04-01-009_',#6173,#6175,'');
#45=NEXT_ASSEMBLY_USAGE_OCCURRENCE('Sensorleiste-0164.1-04-01-017_',
'Sensorleiste-0164.1-04-01-017_','Sensorleiste-0164.1-04-01-017_',#6176,
#6177,'');
#46=NEXT_ASSEMBLY_USAGE_OCCURRENCE(
'Zylinderschraube_DIN_912_-_M6_x_16_-_.4',
'Zylinderschraube_DIN_912_-_M6_x_16_-_.4',
'Zylinderschraube_DIN_912_-_M6_x_16_-_.4',#6176,#6178,'');
#47=NEXT_ASSEMBLY_USAGE_OCCURRENCE(
'Zylinderschraube_DIN_912_-_M6_x_16_-_.4',
'Zylinderschraube_DIN_912_-_M6_x_16_-_.4',
'Zylinderschraube_DIN_912_-_M6_x_16_-_.4',#6176,#6178,'');
#48=NEXT_ASSEMBLY_USAGE_OCCURRENCE(
'Zylinderschraube_DIN_912_-_M6_x_16_-_.4',
'Zylinderschraube_DIN_912_-_M6_x_16_-_.4',
'Zylinderschraube_DIN_912_-_M6_x_16_-_.4',#6176,#6178,'');
#49=NEXT_ASSEMBLY_USAGE_OCCURRENCE(
'Schnorr_Zahnscheibe-S6_x_10_x_0.7_.99.2',
'Schnorr_Zahnscheibe-S6_x_10_x_0.7_.99.2',
'Schnorr_Zahnscheibe-S6_x_10_x_0.7_.99.2',#6176,#6179,'');
#50=NEXT_ASSEMBLY_USAGE_OCCURRENCE(
'Schnorr_Zahnscheibe-S6_x_10_x_0.7_.99.2',
'Schnorr_Zahnscheibe-S6_x_10_x_0.7_.99.2',
'Schnorr_Zahnscheibe-S6_x_10_x_0.7_.99.2',#6176,#6179,'');
#51=NEXT_ASSEMBLY_USAGE_OCCURRENCE(
'Schnorr_Zahnscheibe-S6_x_10_x_0.7_.99.2',
'Schnorr_Zahnscheibe-S6_x_10_x_0.7_.99.2',
'Schnorr_Zahnscheibe-S6_x_10_x_0.7_.99.2',#6176,#6179,'');
#52=NEXT_ASSEMBLY_USAGE_OCCURRENCE(
'Zylinderschraube_DIN_912_-_M6_x_16_-_.4',
'Zylinderschraube_DIN_912_-_M6_x_16_-_.4',
'Zylinderschraube_DIN_912_-_M6_x_16_-_.4',#6176,#6178,'');
#53=NEXT_ASSEMBLY_USAGE_OCCURRENCE(
'Schnorr_Zahnscheibe-S6_x_10_x_0.7_.99.2',
'Schnorr_Zahnscheibe-S6_x_10_x_0.7_.99.2',
'Schnorr_Zahnscheibe-S6_x_10_x_0.7_.99.2',#6176,#6179,'');
#54=NEXT_ASSEMBLY_USAGE_OCCURRENCE('Sensorleiste','Sensorleiste',
'Sensorleiste',#6173,#6176,'');
#55=NEXT_ASSEMBLY_USAGE_OCCURRENCE('Einlegeleiste-0164.1-04-01-008_.1',
'Einlegeleiste-0164.1-04-01-008_.1','Einlegeleiste-0164.1-04-01-008_.1',
#6173,#6180,'');
#56=NEXT_ASSEMBLY_USAGE_OCCURRENCE('Einlegeleiste-0164.1-04-01-008_.1',
'Einlegeleiste-0164.1-04-01-008_.1','Einlegeleiste-0164.1-04-01-008_.1',
#6173,#6180,'');
#57=(
REPRESENTATION_RELATIONSHIP(' ',' ',#3356,#3357)
REPRESENTATION_RELATIONSHIP_WITH_TRANSFORMATION(#71)
SHAPE_REPRESENTATION_RELATIONSHIP()
);
#58=(
REPRESENTATION_RELATIONSHIP(' ',' ',#3358,#3357)
REPRESENTATION_RELATIONSHIP_WITH_TRANSFORMATION(#72)
SHAPE_REPRESENTATION_RELATIONSHIP()
);
#59=(
REPRESENTATION_RELATIONSHIP(' ',' ',#3359,#3360)
REPRESENTATION_RELATIONSHIP_WITH_TRANSFORMATION(#73)
SHAPE_REPRESENTATION_RELATIONSHIP()
);
#60=(
REPRESENTATION_RELATIONSHIP(' ',' ',#3361,#3360)
REPRESENTATION_RELATIONSHIP_WITH_TRANSFORMATION(#74)
SHAPE_REPRESENTATION_RELATIONSHIP()
);
#61=(
REPRESENTATION_RELATIONSHIP(' ',' ',#3361,#3360)
REPRESENTATION_RELATIONSHIP_WITH_TRANSFORMATION(#75)
SHAPE_REPRESENTATION_RELATIONSHIP()
);
#62=(
REPRESENTATION_RELATIONSHIP(' ',' ',#3361,#3360)
REPRESENTATION_RELATIONSHIP_WITH_TRANSFORMATION(#76)
SHAPE_REPRESENTATION_RELATIONSHIP()
);
#63=(
REPRESENTATION_RELATIONSHIP(' ',' ',#3362,#3360)
REPRESENTATION_RELATIONSHIP_WITH_TRANSFORMATION(#77)
SHAPE_REPRESENTATION_RELATIONSHIP()
);
#64=(
REPRESENTATION_RELATIONSHIP(' ',' ',#3362,#3360)
REPRESENTATION_RELATIONSHIP_WITH_TRANSFORMATION(#78)
SHAPE_REPRESENTATION_RELATIONSHIP()
);
#65=(
REPRESENTATION_RELATIONSHIP(' ',' ',#3362,#3360)
REPRESENTATION_RELATIONSHIP_WITH_TRANSFORMATION(#79)
SHAPE_REPRESENTATION_RELATIONSHIP()
);
#66=(
REPRESENTATION_RELATIONSHIP(' ',' ',#3361,#3360)
REPRESENTATION_RELATIONSHIP_WITH_TRANSFORMATION(#80)
SHAPE_REPRESENTATION_RELATIONSHIP()
);
#67=(
REPRESENTATION_RELATIONSHIP(' ',' ',#3362,#3360)
REPRESENTATION_RELATIONSHIP_WITH_TRANSFORMATION(#81)
SHAPE_REPRESENTATION_RELATIONSHIP()
);
#68=(
REPRESENTATION_RELATIONSHIP(' ',' ',#3360,#3357)
REPRESENTATION_RELATIONSHIP_WITH_TRANSFORMATION(#82)
SHAPE_REPRESENTATION_RELATIONSHIP()
);
#69=(
REPRESENTATION_RELATIONSHIP(' ',' ',#3363,#3357)
REPRESENTATION_RELATIONSHIP_WITH_TRANSFORMATION(#83)
SHAPE_REPRESENTATION_RELATIONSHIP()
);
#70=(
REPRESENTATION_RELATIONSHIP(' ',' ',#3363,#3357)
REPRESENTATION_RELATIONSHIP_WITH_TRANSFORMATION(#84)
SHAPE_REPRESENTATION_RELATIONSHIP()
);
#71=ITEM_DEFINED_TRANSFORMATION(' ',' ',#3364,#3541);
#72=ITEM_DEFINED_TRANSFORMATION(' ',' ',#3364,#3594);
#73=ITEM_DEFINED_TRANSFORMATION(' ',' ',#3364,#3631);
#74=ITEM_DEFINED_TRANSFORMATION(' ',' ',#3364,#3669);
#75=ITEM_DEFINED_TRANSFORMATION(' ',' ',#3364,#3670);
#76=ITEM_DEFINED_TRANSFORMATION(' ',' ',#3364,#3671);
#77=ITEM_DEFINED_TRANSFORMATION(' ',' ',#3364,#3680);
#78=ITEM_DEFINED_TRANSFORMATION(' ',' ',#3364,#3681);
#79=ITEM_DEFINED_TRANSFORMATION(' ',' ',#3364,#3682);
#80=ITEM_DEFINED_TRANSFORMATION(' ',' ',#3364,#3683);
#81=ITEM_DEFINED_TRANSFORMATION(' ',' ',#3364,#3684);
#82=ITEM_DEFINED_TRANSFORMATION(' ',' ',#3364,#3685);
#83=ITEM_DEFINED_TRANSFORMATION(' ',' ',#3364,#3776);
#84=ITEM_DEFINED_TRANSFORMATION(' ',' ',#3364,#3777);
#85=SHAPE_REPRESENTATION_RELATIONSHIP('','',#3356,#91);
#86=SHAPE_REPRESENTATION_RELATIONSHIP('','',#3358,#92);
#87=SHAPE_REPRESENTATION_RELATIONSHIP('','',#3359,#93);
#88=SHAPE_REPRESENTATION_RELATIONSHIP('','',#3361,#94);
#89=SHAPE_REPRESENTATION_RELATIONSHIP('','',#3362,#95);
#90=SHAPE_REPRESENTATION_RELATIONSHIP('','',#3363,#96);
#91=ADVANCED_BREP_SHAPE_REPRESENTATION('',(#3342),#6133);
#92=ADVANCED_BREP_SHAPE_REPRESENTATION('',(#3343),#6134);
#93=ADVANCED_BREP_SHAPE_REPRESENTATION('',(#3344),#6136);
#94=ADVANCED_BREP_SHAPE_REPRESENTATION('',(#3345),#6137);
#95=ADVANCED_BREP_SHAPE_REPRESENTATION('',(#3346),#6138);
#96=ADVANCED_BREP_SHAPE_REPRESENTATION('',(#3347),#6139);
#97=PLANE('',#3459);
#98=PLANE('',#3485);
#99=PLANE('',#3489);
#100=PLANE('',#3490);
#101=PLANE('',#3492);
#102=PLANE('',#3509);
#103=PLANE('',#3512);
#104=PLANE('',#3513);
#105=PLANE('',#3516);
#106=PLANE('',#3517);
#107=PLANE('',#3522);
#108=PLANE('',#3535);
#109=PLANE('',#3538);
#110=PLANE('',#3539);
#111=PLANE('',#3560);
#112=PLANE('',#3568);
#113=PLANE('',#3571);
#114=PLANE('',#3572);
#115=PLANE('',#3575);
#116=PLANE('',#3576);
#117=PLANE('',#3577);
#118=PLANE('',#3583);
#119=PLANE('',#3589);
#120=PLANE('',#3593);
#121=PLANE('',#3595);
#122=PLANE('',#3600);
#123=PLANE('',#3605);
#124=PLANE('',#3609);
#125=PLANE('',#3610);
#126=PLANE('',#3611);
#127=PLANE('',#3614);
#128=PLANE('',#3620);
#129=PLANE('',#3624);
#130=PLANE('',#3628);
#131=PLANE('',#3629);
#132=PLANE('',#3630);
#133=PLANE('',#3632);
#134=PLANE('',#3641);
#135=PLANE('',#3642);
#136=PLANE('',#3643);
#137=PLANE('',#3644);
#138=PLANE('',#3645);
#139=PLANE('',#3646);
#140=PLANE('',#3647);
#141=PLANE('',#3662);
#142=PLANE('',#3665);
#143=PLANE('',#3672);
#144=PLANE('',#3675);
#145=PLANE('',#3719);
#146=PLANE('',#3721);
#147=PLANE('',#3723);
#148=PLANE('',#3725);
#149=PLANE('',#3727);
#150=PLANE('',#3729);
#151=PLANE('',#3731);
#152=PLANE('',#3733);
#153=PLANE('',#3735);
#154=PLANE('',#3737);
#155=PLANE('',#3739);
#156=PLANE('',#3741);
#157=PLANE('',#3743);
#158=PLANE('',#3746);
#159=PLANE('',#3747);
#160=PLANE('',#3748);
#161=PLANE('',#3771);
#162=PLANE('',#3773);
#163=CYLINDRICAL_SURFACE('',#3367,2.49999999999989);
#164=CYLINDRICAL_SURFACE('',#3373,2.5);
#165=CYLINDRICAL_SURFACE('',#3376,2.5);
#166=CYLINDRICAL_SURFACE('',#3382,2.5);
#167=CYLINDRICAL_SURFACE('',#3385,2.5);
#168=CYLINDRICAL_SURFACE('',#3391,2.5);
#169=CYLINDRICAL_SURFACE('',#3394,2.5);
#170=CYLINDRICAL_SURFACE('',#3400,2.5);
#171=CYLINDRICAL_SURFACE('',#3403,2.5);
#172=CYLINDRICAL_SURFACE('',#3409,2.5);
#173=CYLINDRICAL_SURFACE('',#3412,2.5);
#174=CYLINDRICAL_SURFACE('',#3418,2.5);
#175=CYLINDRICAL_SURFACE('',#3427,3.4);
#176=CYLINDRICAL_SURFACE('',#3431,3.4);
#177=CYLINDRICAL_SURFACE('',#3440,3.4);
#178=CYLINDRICAL_SURFACE('',#3442,3.4);
#179=CYLINDRICAL_SURFACE('',#3446,3.4);
#180=CYLINDRICAL_SURFACE('',#3452,3.4);
#181=CYLINDRICAL_SURFACE('',#3453,4.24999999999998);
#182=CYLINDRICAL_SURFACE('',#3456,4.24999999999998);
#183=CYLINDRICAL_SURFACE('',#3460,4.24999999999998);
#184=CYLINDRICAL_SURFACE('',#3463,4.24999999999998);
#185=CYLINDRICAL_SURFACE('',#3466,4.24999999999998);
#186=CYLINDRICAL_SURFACE('',#3469,4.24999999999998);
#187=CYLINDRICAL_SURFACE('',#3472,4.24999999999998);
#188=CYLINDRICAL_SURFACE('',#3475,4.24999999999998);
#189=CYLINDRICAL_SURFACE('',#3478,4.24999999999998);
#190=CYLINDRICAL_SURFACE('',#3481,4.24999999999998);
#191=CYLINDRICAL_SURFACE('',#3484,3.4);
#192=CYLINDRICAL_SURFACE('',#3486,4.24999999999994);
#193=CYLINDRICAL_SURFACE('',#3491,3.4);
#194=CYLINDRICAL_SURFACE('',#3504,4.24999999999994);
#195=CYLINDRICAL_SURFACE('',#3506,4.24999999999998);
#196=CYLINDRICAL_SURFACE('',#3510,4.24999999999994);
#197=CYLINDRICAL_SURFACE('',#3514,4.24999999999994);
#198=CYLINDRICAL_SURFACE('',#3518,4.24999999999994);
#199=CYLINDRICAL_SURFACE('',#3520,4.24999999999994);
#200=CYLINDRICAL_SURFACE('',#3530,4.24999999999994);
#201=CYLINDRICAL_SURFACE('',#3531,4.24999999999994);
#202=CYLINDRICAL_SURFACE('',#3532,4.24999999999994);
#203=CYLINDRICAL_SURFACE('',#3533,4.24999999999994);
#204=CYLINDRICAL_SURFACE('',#3534,4.24999999999994);
#205=CYLINDRICAL_SURFACE('',#3536,4.24999999999998);
#206=CYLINDRICAL_SURFACE('',#3540,4.24999999999994);
#207=CYLINDRICAL_SURFACE('',#3544,2.49999999999989);
#208=CYLINDRICAL_SURFACE('',#3550,2.5);
#209=CYLINDRICAL_SURFACE('',#3555,2.49999999999977);
#210=CYLINDRICAL_SURFACE('',#3557,7.5);
#211=CYLINDRICAL_SURFACE('',#3563,7.5);
#212=CYLINDRICAL_SURFACE('',#3566,4.5);
#213=CYLINDRICAL_SURFACE('',#3569,4.5);
#214=CYLINDRICAL_SURFACE('',#3578,2.49999999999977);
#215=CYLINDRICAL_SURFACE('',#3581,4.25);
#216=CYLINDRICAL_SURFACE('',#3585,7.5);
#217=CYLINDRICAL_SURFACE('',#3587,4.25);
#218=CYLINDRICAL_SURFACE('',#3591,7.5);
#219=CYLINDRICAL_SURFACE('',#3603,5.5);
#220=CYLINDRICAL_SURFACE('',#3612,3.25);
#221=CYLINDRICAL_SURFACE('',#3617,5.5);
#222=CYLINDRICAL_SURFACE('',#3618,3.25);
#223=CYLINDRICAL_SURFACE('',#3622,5.5);
#224=CYLINDRICAL_SURFACE('',#3623,3.25);
#225=CYLINDRICAL_SURFACE('',#3626,5.5);
#226=CYLINDRICAL_SURFACE('',#3627,3.25);
#227=CYLINDRICAL_SURFACE('',#3637,3.);
#228=CYLINDRICAL_SURFACE('',#3639,3.);
#229=CYLINDRICAL_SURFACE('',#3658,5.);
#230=CYLINDRICAL_SURFACE('',#3678,3.2);
#231=CYLINDRICAL_SURFACE('',#3679,5.);
#232=CYLINDRICAL_SURFACE('',#3686,4.5);
#233=CYLINDRICAL_SURFACE('',#3689,4.5);
#234=CYLINDRICAL_SURFACE('',#3692,4.5);
#235=CYLINDRICAL_SURFACE('',#3695,4.5);
#236=CYLINDRICAL_SURFACE('',#3698,4.5);
#237=CYLINDRICAL_SURFACE('',#3701,4.5);
#238=CYLINDRICAL_SURFACE('',#3704,4.5);
#239=CYLINDRICAL_SURFACE('',#3707,4.5);
#240=CYLINDRICAL_SURFACE('',#3710,4.49999999999995);
#241=CYLINDRICAL_SURFACE('',#3713,4.49999999999995);
#242=CYLINDRICAL_SURFACE('',#3716,4.5);
#243=CYLINDRICAL_SURFACE('',#3744,7.50000000000001);
#244=CYLINDRICAL_SURFACE('',#3749,7.50000000000001);
#245=CYLINDRICAL_SURFACE('',#3751,7.50000000000001);
#246=CYLINDRICAL_SURFACE('',#3753,7.50000000000001);
#247=CYLINDRICAL_SURFACE('',#3755,7.49999999999995);
#248=CYLINDRICAL_SURFACE('',#3757,7.50000000000001);
#249=CYLINDRICAL_SURFACE('',#3759,7.5);
#250=CYLINDRICAL_SURFACE('',#3761,7.49999999999995);
#251=CYLINDRICAL_SURFACE('',#3763,7.50000000000001);
#252=CYLINDRICAL_SURFACE('',#3765,7.50000000000001);
#253=CYLINDRICAL_SURFACE('',#3767,7.50000000000001);
#254=CYLINDRICAL_SURFACE('',#3769,4.5);
#255=CYLINDRICAL_SURFACE('',#3775,7.50000000000001);
#256=CIRCLE('',#3366,2.49999999999989);
#257=CIRCLE('',#3368,2.49999999999989);
#258=CIRCLE('',#3370,2.50000000000001);
#259=CIRCLE('',#3371,2.50000000000001);
#260=CIRCLE('',#3372,3.04848275573016);
#261=CIRCLE('',#3375,2.5);
#262=CIRCLE('',#3377,2.5);
#263=CIRCLE('',#3379,2.50000000000001);
#264=CIRCLE('',#3380,2.50000000000001);
#265=CIRCLE('',#3381,3.0484827557301);
#266=CIRCLE('',#3384,2.5);
#267=CIRCLE('',#3386,2.5);
#268=CIRCLE('',#3388,2.50000000000001);
#269=CIRCLE('',#3389,2.50000000000001);
#270=CIRCLE('',#3390,3.0484827557301);
#271=CIRCLE('',#3393,2.5);
#272=CIRCLE('',#3395,2.5);
#273=CIRCLE('',#3397,2.5);
#274=CIRCLE('',#3398,3.0484827557301);
#275=CIRCLE('',#3399,2.5);
#276=CIRCLE('',#3402,2.5);
#277=CIRCLE('',#3404,2.5);
#278=CIRCLE('',#3406,2.5);
#279=CIRCLE('',#3407,3.0484827557301);
#280=CIRCLE('',#3408,2.5);
#281=CIRCLE('',#3411,2.5);
#282=CIRCLE('',#3413,2.5);
#283=CIRCLE('',#3415,2.5);
#284=CIRCLE('',#3416,3.04848275573016);
#285=CIRCLE('',#3417,2.5);
#286=CIRCLE('',#3420,3.40000000000001);
#287=CIRCLE('',#3421,4.5625);
#288=CIRCLE('',#3422,3.40000000000001);
#289=CIRCLE('',#3424,3.4);
#290=CIRCLE('',#3426,3.4);
#291=CIRCLE('',#3428,3.4);
#292=CIRCLE('',#3429,3.4);
#293=CIRCLE('',#3430,3.4);
#294=CIRCLE('',#3432,3.4);
#295=CIRCLE('',#3433,3.4);
#296=CIRCLE('',#3435,3.39999999999999);
#297=CIRCLE('',#3436,4.5624999999999);
#298=CIRCLE('',#3437,3.39999999999999);
#299=CIRCLE('',#3439,4.56249999999991);
#300=CIRCLE('',#3443,3.4);
#301=CIRCLE('',#3444,3.4);
#302=CIRCLE('',#3447,3.4);
#303=CIRCLE('',#3449,3.4);
#304=CIRCLE('',#3450,4.5625);
#305=CIRCLE('',#3451,3.4);
#306=CIRCLE('',#3454,4.24999999999998);
#307=CIRCLE('',#3455,4.24999999999998);
#308=CIRCLE('',#3457,4.24999999999998);
#309=CIRCLE('',#3458,4.24999999999998);
#310=CIRCLE('',#3461,4.24999999999998);
#311=CIRCLE('',#3462,4.24999999999998);
#312=CIRCLE('',#3464,4.24999999999998);
#313=CIRCLE('',#3465,4.24999999999998);
#314=CIRCLE('',#3467,4.24999999999998);
#315=CIRCLE('',#3468,4.24999999999998);
#316=CIRCLE('',#3470,4.24999999999998);
#317=CIRCLE('',#3471,4.24999999999998);
#318=CIRCLE('',#3473,4.24999999999998);
#319=CIRCLE('',#3474,4.24999999999998);
#320=CIRCLE('',#3476,4.24999999999998);
#321=CIRCLE('',#3477,4.24999999999998);
#322=CIRCLE('',#3479,4.24999999999998);
#323=CIRCLE('',#3480,4.24999999999998);
#324=CIRCLE('',#3482,4.24999999999998);
#325=CIRCLE('',#3483,4.24999999999998);
#326=CIRCLE('',#3487,4.24999999999994);
#327=CIRCLE('',#3488,4.24999999999994);
#328=CIRCLE('',#3493,4.24999999999994);
#329=CIRCLE('',#3494,4.24999999999994);
#330=CIRCLE('',#3495,4.24999999999994);
#331=CIRCLE('',#3496,4.24999999999994);
#332=CIRCLE('',#3497,4.24999999999994);
#333=CIRCLE('',#3498,4.24999999999994);
#334=CIRCLE('',#3499,4.24999999999994);
#335=CIRCLE('',#3500,4.24999999999994);
#336=CIRCLE('',#3501,4.24999999999994);
#337=CIRCLE('',#3502,4.24999999999994);
#338=CIRCLE('',#3503,4.24999999999994);
#339=CIRCLE('',#3505,4.24999999999994);
#340=CIRCLE('',#3507,4.24999999999998);
#341=CIRCLE('',#3508,4.24999999999998);
#342=CIRCLE('',#3511,4.24999999999994);
#343=CIRCLE('',#3515,4.24999999999994);
#344=CIRCLE('',#3519,4.24999999999994);
#345=CIRCLE('',#3521,4.24999999999994);
#346=CIRCLE('',#3523,4.24999999999998);
#347=CIRCLE('',#3524,4.24999999999994);
#348=CIRCLE('',#3525,4.24999999999994);
#349=CIRCLE('',#3526,4.24999999999994);
#350=CIRCLE('',#3527,4.24999999999994);
#351=CIRCLE('',#3528,4.24999999999994);
#352=CIRCLE('',#3529,4.24999999999994);
#353=CIRCLE('',#3537,4.24999999999998);
#354=CIRCLE('',#3543,2.49999999999989);
#355=CIRCLE('',#3545,2.5);
#356=CIRCLE('',#3547,2.50000000000001);
#357=CIRCLE('',#3548,2.50000000000001);
#358=CIRCLE('',#3549,3.04848275573015);
#359=CIRCLE('',#3552,2.49999999999978);
#360=CIRCLE('',#3553,3.04848275572992);
#361=CIRCLE('',#3554,2.49999999999978);
#362=CIRCLE('',#3556,2.49999999999977);
#363=CIRCLE('',#3558,7.5);
#364=CIRCLE('',#3559,7.5);
#365=CIRCLE('',#3561,4.5);
#366=CIRCLE('',#3562,4.5);
#367=CIRCLE('',#3564,7.5);
#368=CIRCLE('',#3565,7.5);
#369=CIRCLE('',#3567,4.5);
#370=CIRCLE('',#3570,4.5);
#371=CIRCLE('',#3573,4.25);
#372=CIRCLE('',#3574,4.25);
#373=CIRCLE('',#3579,2.49999999999977);
#374=CIRCLE('',#3582,4.25);
#375=CIRCLE('',#3584,7.5);
#376=CIRCLE('',#3586,7.5);
#377=CIRCLE('',#3588,4.25);
#378=CIRCLE('',#3590,7.5);
#379=CIRCLE('',#3592,7.5);
#380=CIRCLE('',#3596,3.25);
#381=CIRCLE('',#3597,3.25);
#382=CIRCLE('',#3598,3.25);
#383=CIRCLE('',#3599,3.25);
#384=CIRCLE('',#3601,3.25);
#385=CIRCLE('',#3602,5.5);
#386=CIRCLE('',#3604,5.5);
#387=CIRCLE('',#3606,5.5);
#388=CIRCLE('',#3607,5.5);
#389=CIRCLE('',#3608,5.5);
#390=CIRCLE('',#3613,3.25);
#391=CIRCLE('',#3615,3.25);
#392=CIRCLE('',#3616,5.5);
#393=CIRCLE('',#3619,3.25);
#394=CIRCLE('',#3621,5.5);
#395=CIRCLE('',#3625,5.5);
#396=CIRCLE('',#3633,2.386565);
#397=CIRCLE('',#3635,3.);
#398=CIRCLE('',#3636,3.);
#399=CIRCLE('',#3638,3.);
#400=CIRCLE('',#3640,3.);
#401=CIRCLE('',#3649,2.88675139776021);
#402=CIRCLE('',#3651,2.88675139776021);
#403=CIRCLE('',#3653,2.88675139776021);
#404=CIRCLE('',#3655,2.88675139776021);
#405=CIRCLE('',#3657,2.88675139776021);
#406=CIRCLE('',#3659,5.);
#407=CIRCLE('',#3660,5.);
#408=CIRCLE('',#3661,5.);
#409=CIRCLE('',#3664,2.88675139776021);
#410=CIRCLE('',#3666,4.4);
#411=CIRCLE('',#3668,0.6);
#412=CIRCLE('',#3673,3.2);
#413=CIRCLE('',#3674,5.);
#414=CIRCLE('',#3676,3.2);
#415=CIRCLE('',#3677,5.);
#416=CIRCLE('',#3687,4.5);
#417=CIRCLE('',#3688,4.5);
#418=CIRCLE('',#3690,4.5);
#419=CIRCLE('',#3691,4.5);
#420=CIRCLE('',#3693,4.5);
#421=CIRCLE('',#3694,4.5);
#422=CIRCLE('',#3696,4.5);
#423=CIRCLE('',#3697,4.5);
#424=CIRCLE('',#3699,4.5);
#425=CIRCLE('',#3700,4.5);
#426=CIRCLE('',#3702,4.5);
#427=CIRCLE('',#3703,4.5);
#428=CIRCLE('',#3705,4.5);
#429=CIRCLE('',#3706,4.5);
#430=CIRCLE('',#3708,4.5);
#431=CIRCLE('',#3709,4.5);
#432=CIRCLE('',#3711,4.49999999999995);
#433=CIRCLE('',#3712,4.49999999999995);
#434=CIRCLE('',#3714,4.49999999999995);
#435=CIRCLE('',#3715,4.49999999999995);
#436=CIRCLE('',#3717,4.5);
#437=CIRCLE('',#3718,4.5);
#438=CIRCLE('',#3720,7.50000000000001);
#439=CIRCLE('',#3722,7.50000000000001);
#440=CIRCLE('',#3724,7.50000000000001);
#441=CIRCLE('',#3726,7.50000000000001);
#442=CIRCLE('',#3728,7.49999999999995);
#443=CIRCLE('',#3730,7.50000000000001);
#444=CIRCLE('',#3732,7.5);
#445=CIRCLE('',#3734,7.49999999999995);
#446=CIRCLE('',#3736,7.50000000000001);
#447=CIRCLE('',#3738,7.50000000000001);
#448=CIRCLE('',#3740,7.50000000000001);
#449=CIRCLE('',#3742,4.5);
#450=CIRCLE('',#3745,7.50000000000001);
#451=CIRCLE('',#3750,7.50000000000001);
#452=CIRCLE('',#3752,7.50000000000001);
#453=CIRCLE('',#3754,7.50000000000001);
#454=CIRCLE('',#3756,7.49999999999995);
#455=CIRCLE('',#3758,7.50000000000001);
#456=CIRCLE('',#3760,7.5);
#457=CIRCLE('',#3762,7.49999999999995);
#458=CIRCLE('',#3764,7.50000000000001);
#459=CIRCLE('',#3766,7.50000000000001);
#460=CIRCLE('',#3768,7.50000000000001);
#461=CIRCLE('',#3770,4.5);
#462=CIRCLE('',#3772,7.50000000000001);
#463=CIRCLE('',#3774,7.50000000000001);
#464=ORIENTED_EDGE('',*,*,#1316,.T.);
#465=ORIENTED_EDGE('',*,*,#1317,.F.);
#466=ORIENTED_EDGE('',*,*,#1316,.F.);
#467=ORIENTED_EDGE('',*,*,#1317,.T.);
#468=ORIENTED_EDGE('',*,*,#1318,.T.);
#469=ORIENTED_EDGE('',*,*,#1319,.T.);
#470=ORIENTED_EDGE('',*,*,#1318,.F.);
#471=ORIENTED_EDGE('',*,*,#1320,.F.);
#472=ORIENTED_EDGE('',*,*,#1321,.F.);
#473=ORIENTED_EDGE('',*,*,#1322,.T.);
#474=ORIENTED_EDGE('',*,*,#1323,.T.);
#475=ORIENTED_EDGE('',*,*,#1322,.F.);
#476=ORIENTED_EDGE('',*,*,#1319,.F.);
#477=ORIENTED_EDGE('',*,*,#1324,.T.);
#478=ORIENTED_EDGE('',*,*,#1320,.T.);
#479=ORIENTED_EDGE('',*,*,#1321,.T.);
#480=ORIENTED_EDGE('',*,*,#1324,.F.);
#481=ORIENTED_EDGE('',*,*,#1325,.T.);
#482=ORIENTED_EDGE('',*,*,#1326,.F.);
#483=ORIENTED_EDGE('',*,*,#1325,.F.);
#484=ORIENTED_EDGE('',*,*,#1326,.T.);
#485=ORIENTED_EDGE('',*,*,#1327,.T.);
#486=ORIENTED_EDGE('',*,*,#1328,.T.);
#487=ORIENTED_EDGE('',*,*,#1327,.F.);
#488=ORIENTED_EDGE('',*,*,#1329,.F.);
#489=ORIENTED_EDGE('',*,*,#1330,.F.);
#490=ORIENTED_EDGE('',*,*,#1331,.T.);
#491=ORIENTED_EDGE('',*,*,#1332,.T.);
#492=ORIENTED_EDGE('',*,*,#1331,.F.);
#493=ORIENTED_EDGE('',*,*,#1328,.F.);
#494=ORIENTED_EDGE('',*,*,#1333,.T.);
#495=ORIENTED_EDGE('',*,*,#1329,.T.);
#496=ORIENTED_EDGE('',*,*,#1330,.T.);
#497=ORIENTED_EDGE('',*,*,#1333,.F.);
#498=ORIENTED_EDGE('',*,*,#1334,.T.);
#499=ORIENTED_EDGE('',*,*,#1335,.F.);
#500=ORIENTED_EDGE('',*,*,#1334,.F.);
#501=ORIENTED_EDGE('',*,*,#1335,.T.);
#502=ORIENTED_EDGE('',*,*,#1336,.T.);
#503=ORIENTED_EDGE('',*,*,#1337,.T.);
#504=ORIENTED_EDGE('',*,*,#1336,.F.);
#505=ORIENTED_EDGE('',*,*,#1338,.F.);
#506=ORIENTED_EDGE('',*,*,#1339,.F.);
#507=ORIENTED_EDGE('',*,*,#1340,.T.);
#508=ORIENTED_EDGE('',*,*,#1341,.T.);
#509=ORIENTED_EDGE('',*,*,#1340,.F.);
#510=ORIENTED_EDGE('',*,*,#1337,.F.);
#511=ORIENTED_EDGE('',*,*,#1342,.T.);
#512=ORIENTED_EDGE('',*,*,#1338,.T.);
#513=ORIENTED_EDGE('',*,*,#1339,.T.);
#514=ORIENTED_EDGE('',*,*,#1342,.F.);
#515=ORIENTED_EDGE('',*,*,#1343,.T.);
#516=ORIENTED_EDGE('',*,*,#1344,.F.);
#517=ORIENTED_EDGE('',*,*,#1343,.F.);
#518=ORIENTED_EDGE('',*,*,#1344,.T.);
#519=ORIENTED_EDGE('',*,*,#1345,.T.);
#520=ORIENTED_EDGE('',*,*,#1346,.T.);
#521=ORIENTED_EDGE('',*,*,#1345,.F.);
#522=ORIENTED_EDGE('',*,*,#1347,.F.);
#523=ORIENTED_EDGE('',*,*,#1348,.T.);
#524=ORIENTED_EDGE('',*,*,#1349,.T.);
#525=ORIENTED_EDGE('',*,*,#1348,.F.);
#526=ORIENTED_EDGE('',*,*,#1350,.F.);
#527=ORIENTED_EDGE('',*,*,#1346,.F.);
#528=ORIENTED_EDGE('',*,*,#1351,.T.);
#529=ORIENTED_EDGE('',*,*,#1350,.T.);
#530=ORIENTED_EDGE('',*,*,#1347,.T.);
#531=ORIENTED_EDGE('',*,*,#1351,.F.);
#532=ORIENTED_EDGE('',*,*,#1352,.T.);
#533=ORIENTED_EDGE('',*,*,#1353,.F.);
#534=ORIENTED_EDGE('',*,*,#1352,.F.);
#535=ORIENTED_EDGE('',*,*,#1353,.T.);
#536=ORIENTED_EDGE('',*,*,#1354,.T.);
#537=ORIENTED_EDGE('',*,*,#1355,.T.);
#538=ORIENTED_EDGE('',*,*,#1354,.F.);
#539=ORIENTED_EDGE('',*,*,#1356,.F.);
#540=ORIENTED_EDGE('',*,*,#1357,.T.);
#541=ORIENTED_EDGE('',*,*,#1358,.T.);
#542=ORIENTED_EDGE('',*,*,#1357,.F.);
#543=ORIENTED_EDGE('',*,*,#1359,.F.);
#544=ORIENTED_EDGE('',*,*,#1355,.F.);
#545=ORIENTED_EDGE('',*,*,#1360,.T.);
#546=ORIENTED_EDGE('',*,*,#1359,.T.);
#547=ORIENTED_EDGE('',*,*,#1356,.T.);
#548=ORIENTED_EDGE('',*,*,#1360,.F.);
#549=ORIENTED_EDGE('',*,*,#1361,.T.);
#550=ORIENTED_EDGE('',*,*,#1362,.F.);
#551=ORIENTED_EDGE('',*,*,#1361,.F.);
#552=ORIENTED_EDGE('',*,*,#1362,.T.);
#553=ORIENTED_EDGE('',*,*,#1363,.T.);
#554=ORIENTED_EDGE('',*,*,#1364,.T.);
#555=ORIENTED_EDGE('',*,*,#1363,.F.);
#556=ORIENTED_EDGE('',*,*,#1365,.F.);
#557=ORIENTED_EDGE('',*,*,#1366,.T.);
#558=ORIENTED_EDGE('',*,*,#1367,.T.);
#559=ORIENTED_EDGE('',*,*,#1366,.F.);
#560=ORIENTED_EDGE('',*,*,#1368,.F.);
#561=ORIENTED_EDGE('',*,*,#1364,.F.);
#562=ORIENTED_EDGE('',*,*,#1369,.T.);
#563=ORIENTED_EDGE('',*,*,#1368,.T.);
#564=ORIENTED_EDGE('',*,*,#1365,.T.);
#565=ORIENTED_EDGE('',*,*,#1369,.F.);
#566=ORIENTED_EDGE('',*,*,#1370,.F.);
#567=ORIENTED_EDGE('',*,*,#1371,.T.);
#568=ORIENTED_EDGE('',*,*,#1372,.T.);
#569=ORIENTED_EDGE('',*,*,#1371,.F.);
#570=ORIENTED_EDGE('',*,*,#1373,.F.);
#571=ORIENTED_EDGE('',*,*,#1374,.T.);
#572=ORIENTED_EDGE('',*,*,#1375,.F.);
#573=ORIENTED_EDGE('',*,*,#1374,.F.);
#574=ORIENTED_EDGE('',*,*,#1376,.T.);
#575=ORIENTED_EDGE('',*,*,#1377,.F.);
#576=ORIENTED_EDGE('',*,*,#1376,.F.);
#577=ORIENTED_EDGE('',*,*,#1378,.F.);
#578=ORIENTED_EDGE('',*,*,#1379,.T.);
#579=ORIENTED_EDGE('',*,*,#1380,.T.);
#580=ORIENTED_EDGE('',*,*,#1381,.T.);
#581=ORIENTED_EDGE('',*,*,#1379,.F.);
#582=ORIENTED_EDGE('',*,*,#1382,.T.);
#583=ORIENTED_EDGE('',*,*,#1383,.T.);
#584=ORIENTED_EDGE('',*,*,#1384,.T.);
#585=ORIENTED_EDGE('',*,*,#1383,.F.);
#586=ORIENTED_EDGE('',*,*,#1385,.F.);
#587=ORIENTED_EDGE('',*,*,#1386,.T.);
#588=ORIENTED_EDGE('',*,*,#1387,.T.);
#589=ORIENTED_EDGE('',*,*,#1386,.F.);
#590=ORIENTED_EDGE('',*,*,#1388,.F.);
#591=ORIENTED_EDGE('',*,*,#1381,.F.);
#592=ORIENTED_EDGE('',*,*,#1389,.T.);
#593=ORIENTED_EDGE('',*,*,#1390,.T.);
#594=ORIENTED_EDGE('',*,*,#1389,.F.);
#595=ORIENTED_EDGE('',*,*,#1380,.F.);
#596=ORIENTED_EDGE('',*,*,#1375,.T.);
#597=ORIENTED_EDGE('',*,*,#1391,.T.);
#598=ORIENTED_EDGE('',*,*,#1378,.T.);
#599=ORIENTED_EDGE('',*,*,#1391,.F.);
#600=ORIENTED_EDGE('',*,*,#1392,.T.);
#601=ORIENTED_EDGE('',*,*,#1382,.F.);
#602=ORIENTED_EDGE('',*,*,#1392,.F.);
#603=ORIENTED_EDGE('',*,*,#1393,.T.);
#604=ORIENTED_EDGE('',*,*,#1394,.T.);
#605=ORIENTED_EDGE('',*,*,#1395,.T.);
#606=ORIENTED_EDGE('',*,*,#1394,.F.);
#607=ORIENTED_EDGE('',*,*,#1396,.T.);
#608=ORIENTED_EDGE('',*,*,#1393,.F.);
#609=ORIENTED_EDGE('',*,*,#1396,.F.);
#610=ORIENTED_EDGE('',*,*,#1397,.F.);
#611=ORIENTED_EDGE('',*,*,#1398,.T.);
#612=ORIENTED_EDGE('',*,*,#1373,.T.);
#613=ORIENTED_EDGE('',*,*,#1370,.T.);
#614=ORIENTED_EDGE('',*,*,#1398,.F.);
#615=ORIENTED_EDGE('',*,*,#1399,.F.);
#616=ORIENTED_EDGE('',*,*,#1400,.T.);
#617=ORIENTED_EDGE('',*,*,#1401,.T.);
#618=ORIENTED_EDGE('',*,*,#1400,.F.);
#619=ORIENTED_EDGE('',*,*,#1402,.F.);
#620=ORIENTED_EDGE('',*,*,#1384,.F.);
#621=ORIENTED_EDGE('',*,*,#1403,.T.);
#622=ORIENTED_EDGE('',*,*,#1402,.T.);
#623=ORIENTED_EDGE('',*,*,#1399,.T.);
#624=ORIENTED_EDGE('',*,*,#1403,.F.);
#625=ORIENTED_EDGE('',*,*,#1404,.F.);
#626=ORIENTED_EDGE('',*,*,#1405,.T.);
#627=ORIENTED_EDGE('',*,*,#1406,.T.);
#628=ORIENTED_EDGE('',*,*,#1405,.F.);
#629=ORIENTED_EDGE('',*,*,#1407,.F.);
#630=ORIENTED_EDGE('',*,*,#1408,.T.);
#631=ORIENTED_EDGE('',*,*,#1409,.T.);
#632=ORIENTED_EDGE('',*,*,#1408,.F.);
#633=ORIENTED_EDGE('',*,*,#1410,.F.);
#634=ORIENTED_EDGE('',*,*,#1411,.T.);
#635=ORIENTED_EDGE('',*,*,#1412,.T.);
#636=ORIENTED_EDGE('',*,*,#1413,.F.);
#637=ORIENTED_EDGE('',*,*,#1414,.F.);
#638=ORIENTED_EDGE('',*,*,#1415,.T.);
#639=ORIENTED_EDGE('',*,*,#1416,.T.);
#640=ORIENTED_EDGE('',*,*,#1415,.F.);
#641=ORIENTED_EDGE('',*,*,#1417,.F.);
#642=ORIENTED_EDGE('',*,*,#1418,.T.);
#643=ORIENTED_EDGE('',*,*,#1419,.T.);
#644=ORIENTED_EDGE('',*,*,#1418,.F.);
#645=ORIENTED_EDGE('',*,*,#1420,.F.);
#646=ORIENTED_EDGE('',*,*,#1421,.T.);
#647=ORIENTED_EDGE('',*,*,#1422,.T.);
#648=ORIENTED_EDGE('',*,*,#1421,.F.);
#649=ORIENTED_EDGE('',*,*,#1423,.F.);
#650=ORIENTED_EDGE('',*,*,#1424,.T.);
#651=ORIENTED_EDGE('',*,*,#1425,.T.);
#652=ORIENTED_EDGE('',*,*,#1424,.F.);
#653=ORIENTED_EDGE('',*,*,#1426,.F.);
#654=ORIENTED_EDGE('',*,*,#1427,.T.);
#655=ORIENTED_EDGE('',*,*,#1428,.T.);
#656=ORIENTED_EDGE('',*,*,#1427,.F.);
#657=ORIENTED_EDGE('',*,*,#1429,.F.);
#658=ORIENTED_EDGE('',*,*,#1430,.T.);
#659=ORIENTED_EDGE('',*,*,#1431,.T.);
#660=ORIENTED_EDGE('',*,*,#1430,.F.);
#661=ORIENTED_EDGE('',*,*,#1432,.F.);
#662=ORIENTED_EDGE('',*,*,#1433,.T.);
#663=ORIENTED_EDGE('',*,*,#1434,.T.);
#664=ORIENTED_EDGE('',*,*,#1433,.F.);
#665=ORIENTED_EDGE('',*,*,#1435,.F.);
#666=ORIENTED_EDGE('',*,*,#1436,.T.);
#667=ORIENTED_EDGE('',*,*,#1437,.T.);
#668=ORIENTED_EDGE('',*,*,#1436,.F.);
#669=ORIENTED_EDGE('',*,*,#1377,.T.);
#670=ORIENTED_EDGE('',*,*,#1438,.T.);
#671=ORIENTED_EDGE('',*,*,#1397,.T.);
#672=ORIENTED_EDGE('',*,*,#1438,.F.);
#673=ORIENTED_EDGE('',*,*,#1439,.F.);
#674=ORIENTED_EDGE('',*,*,#1440,.T.);
#675=ORIENTED_EDGE('',*,*,#1441,.T.);
#676=ORIENTED_EDGE('',*,*,#1442,.F.);
#677=ORIENTED_EDGE('',*,*,#1443,.F.);
#678=ORIENTED_EDGE('',*,*,#1444,.T.);
#679=ORIENTED_EDGE('',*,*,#1445,.T.);
#680=ORIENTED_EDGE('',*,*,#1444,.F.);
#681=ORIENTED_EDGE('',*,*,#1446,.F.);
#682=ORIENTED_EDGE('',*,*,#1447,.F.);
#683=ORIENTED_EDGE('',*,*,#1410,.T.);
#684=ORIENTED_EDGE('',*,*,#1448,.T.);
#685=ORIENTED_EDGE('',*,*,#1412,.F.);
#686=ORIENTED_EDGE('',*,*,#1449,.T.);
#687=ORIENTED_EDGE('',*,*,#1450,.T.);
#688=ORIENTED_EDGE('',*,*,#1451,.F.);
#689=ORIENTED_EDGE('',*,*,#1395,.F.);
#690=ORIENTED_EDGE('',*,*,#1452,.T.);
#691=ORIENTED_EDGE('',*,*,#1388,.T.);
#692=ORIENTED_EDGE('',*,*,#1385,.T.);
#693=ORIENTED_EDGE('',*,*,#1452,.F.);
#694=ORIENTED_EDGE('',*,*,#1453,.F.);
#695=ORIENTED_EDGE('',*,*,#1454,.F.);
#696=ORIENTED_EDGE('',*,*,#1455,.F.);
#697=ORIENTED_EDGE('',*,*,#1456,.F.);
#698=ORIENTED_EDGE('',*,*,#1457,.F.);
#699=ORIENTED_EDGE('',*,*,#1458,.F.);
#700=ORIENTED_EDGE('',*,*,#1445,.F.);
#701=ORIENTED_EDGE('',*,*,#1459,.F.);
#702=ORIENTED_EDGE('',*,*,#1460,.F.);
#703=ORIENTED_EDGE('',*,*,#1461,.F.);
#704=ORIENTED_EDGE('',*,*,#1462,.F.);
#705=ORIENTED_EDGE('',*,*,#1463,.F.);
#706=ORIENTED_EDGE('',*,*,#1464,.F.);
#707=ORIENTED_EDGE('',*,*,#1465,.F.);
#708=ORIENTED_EDGE('',*,*,#1446,.T.);
#709=ORIENTED_EDGE('',*,*,#1466,.T.);
#710=ORIENTED_EDGE('',*,*,#1467,.F.);
#711=ORIENTED_EDGE('',*,*,#1468,.T.);
#712=ORIENTED_EDGE('',*,*,#1455,.T.);
#713=ORIENTED_EDGE('',*,*,#1468,.F.);
#714=ORIENTED_EDGE('',*,*,#1469,.F.);
#715=ORIENTED_EDGE('',*,*,#1470,.T.);
#716=ORIENTED_EDGE('',*,*,#1471,.T.);
#717=ORIENTED_EDGE('',*,*,#1470,.F.);
#718=ORIENTED_EDGE('',*,*,#1472,.F.);
#719=ORIENTED_EDGE('',*,*,#1473,.T.);
#720=ORIENTED_EDGE('',*,*,#1439,.T.);
#721=ORIENTED_EDGE('',*,*,#1474,.F.);
#722=ORIENTED_EDGE('',*,*,#1475,.F.);
#723=ORIENTED_EDGE('',*,*,#1476,.T.);
#724=ORIENTED_EDGE('',*,*,#1463,.T.);
#725=ORIENTED_EDGE('',*,*,#1476,.F.);
#726=ORIENTED_EDGE('',*,*,#1477,.T.);
#727=ORIENTED_EDGE('',*,*,#1478,.F.);
#728=ORIENTED_EDGE('',*,*,#1479,.T.);
#729=ORIENTED_EDGE('',*,*,#1480,.T.);
#730=ORIENTED_EDGE('',*,*,#1401,.F.);
#731=ORIENTED_EDGE('',*,*,#1372,.F.);
#732=ORIENTED_EDGE('',*,*,#1481,.T.);
#733=ORIENTED_EDGE('',*,*,#1482,.T.);
#734=ORIENTED_EDGE('',*,*,#1480,.F.);
#735=ORIENTED_EDGE('',*,*,#1483,.F.);
#736=ORIENTED_EDGE('',*,*,#1466,.F.);
#737=ORIENTED_EDGE('',*,*,#1448,.F.);
#738=ORIENTED_EDGE('',*,*,#1413,.T.);
#739=ORIENTED_EDGE('',*,*,#1451,.T.);
#740=ORIENTED_EDGE('',*,*,#1484,.T.);
#741=ORIENTED_EDGE('',*,*,#1474,.T.);
#742=ORIENTED_EDGE('',*,*,#1442,.T.);
#743=ORIENTED_EDGE('',*,*,#1485,.T.);
#744=ORIENTED_EDGE('',*,*,#1486,.F.);
#745=ORIENTED_EDGE('',*,*,#1487,.T.);
#746=ORIENTED_EDGE('',*,*,#1453,.T.);
#747=ORIENTED_EDGE('',*,*,#1487,.F.);
#748=ORIENTED_EDGE('',*,*,#1332,.F.);
#749=ORIENTED_EDGE('',*,*,#1323,.F.);
#750=ORIENTED_EDGE('',*,*,#1341,.F.);
#751=ORIENTED_EDGE('',*,*,#1441,.F.);
#752=ORIENTED_EDGE('',*,*,#1488,.T.);
#753=ORIENTED_EDGE('',*,*,#1489,.T.);
#754=ORIENTED_EDGE('',*,*,#1485,.F.);
#755=ORIENTED_EDGE('',*,*,#1358,.F.);
#756=ORIENTED_EDGE('',*,*,#1349,.F.);
#757=ORIENTED_EDGE('',*,*,#1367,.F.);
#758=ORIENTED_EDGE('',*,*,#1490,.T.);
#759=ORIENTED_EDGE('',*,*,#1491,.T.);
#760=ORIENTED_EDGE('',*,*,#1477,.F.);
#761=ORIENTED_EDGE('',*,*,#1482,.F.);
#762=ORIENTED_EDGE('',*,*,#1492,.F.);
#763=ORIENTED_EDGE('',*,*,#1493,.T.);
#764=ORIENTED_EDGE('',*,*,#1457,.T.);
#765=ORIENTED_EDGE('',*,*,#1493,.F.);
#766=ORIENTED_EDGE('',*,*,#1494,.F.);
#767=ORIENTED_EDGE('',*,*,#1495,.T.);
#768=ORIENTED_EDGE('',*,*,#1462,.T.);
#769=ORIENTED_EDGE('',*,*,#1495,.F.);
#770=ORIENTED_EDGE('',*,*,#1494,.T.);
#771=ORIENTED_EDGE('',*,*,#1417,.T.);
#772=ORIENTED_EDGE('',*,*,#1423,.T.);
#773=ORIENTED_EDGE('',*,*,#1432,.T.);
#774=ORIENTED_EDGE('',*,*,#1407,.T.);
#775=ORIENTED_EDGE('',*,*,#1404,.T.);
#776=ORIENTED_EDGE('',*,*,#1420,.T.);
#777=ORIENTED_EDGE('',*,*,#1429,.T.);
#778=ORIENTED_EDGE('',*,*,#1426,.T.);
#779=ORIENTED_EDGE('',*,*,#1469,.T.);
#780=ORIENTED_EDGE('',*,*,#1414,.T.);
#781=ORIENTED_EDGE('',*,*,#1435,.T.);
#782=ORIENTED_EDGE('',*,*,#1496,.T.);
#783=ORIENTED_EDGE('',*,*,#1497,.T.);
#784=ORIENTED_EDGE('',*,*,#1498,.T.);
#785=ORIENTED_EDGE('',*,*,#1499,.T.);
#786=ORIENTED_EDGE('',*,*,#1443,.T.);
#787=ORIENTED_EDGE('',*,*,#1500,.T.);
#788=ORIENTED_EDGE('',*,*,#1492,.T.);
#789=ORIENTED_EDGE('',*,*,#1501,.T.);
#790=ORIENTED_EDGE('',*,*,#1467,.T.);
#791=ORIENTED_EDGE('',*,*,#1502,.T.);
#792=ORIENTED_EDGE('',*,*,#1486,.T.);
#793=ORIENTED_EDGE('',*,*,#1475,.T.);
#794=ORIENTED_EDGE('',*,*,#1490,.F.);
#795=ORIENTED_EDGE('',*,*,#1481,.F.);
#796=ORIENTED_EDGE('',*,*,#1489,.F.);
#797=ORIENTED_EDGE('',*,*,#1503,.T.);
#798=ORIENTED_EDGE('',*,*,#1500,.F.);
#799=ORIENTED_EDGE('',*,*,#1504,.T.);
#800=ORIENTED_EDGE('',*,*,#1458,.T.);
#801=ORIENTED_EDGE('',*,*,#1504,.F.);
#802=ORIENTED_EDGE('',*,*,#1502,.F.);
#803=ORIENTED_EDGE('',*,*,#1505,.T.);
#804=ORIENTED_EDGE('',*,*,#1454,.T.);
#805=ORIENTED_EDGE('',*,*,#1505,.F.);
#806=ORIENTED_EDGE('',*,*,#1501,.F.);
#807=ORIENTED_EDGE('',*,*,#1506,.T.);
#808=ORIENTED_EDGE('',*,*,#1456,.T.);
#809=ORIENTED_EDGE('',*,*,#1506,.F.);
#810=ORIENTED_EDGE('',*,*,#1498,.F.);
#811=ORIENTED_EDGE('',*,*,#1507,.T.);
#812=ORIENTED_EDGE('',*,*,#1460,.T.);
#813=ORIENTED_EDGE('',*,*,#1507,.F.);
#814=ORIENTED_EDGE('',*,*,#1497,.F.);
#815=ORIENTED_EDGE('',*,*,#1508,.T.);
#816=ORIENTED_EDGE('',*,*,#1461,.T.);
#817=ORIENTED_EDGE('',*,*,#1508,.F.);
#818=ORIENTED_EDGE('',*,*,#1509,.F.);
#819=ORIENTED_EDGE('',*,*,#1464,.T.);
#820=ORIENTED_EDGE('',*,*,#1483,.T.);
#821=ORIENTED_EDGE('',*,*,#1479,.F.);
#822=ORIENTED_EDGE('',*,*,#1496,.F.);
#823=ORIENTED_EDGE('',*,*,#1510,.T.);
#824=ORIENTED_EDGE('',*,*,#1511,.T.);
#825=ORIENTED_EDGE('',*,*,#1510,.F.);
#826=ORIENTED_EDGE('',*,*,#1437,.F.);
#827=ORIENTED_EDGE('',*,*,#1416,.F.);
#828=ORIENTED_EDGE('',*,*,#1471,.F.);
#829=ORIENTED_EDGE('',*,*,#1428,.F.);
#830=ORIENTED_EDGE('',*,*,#1431,.F.);
#831=ORIENTED_EDGE('',*,*,#1422,.F.);
#832=ORIENTED_EDGE('',*,*,#1406,.F.);
#833=ORIENTED_EDGE('',*,*,#1409,.F.);
#834=ORIENTED_EDGE('',*,*,#1434,.F.);
#835=ORIENTED_EDGE('',*,*,#1425,.F.);
#836=ORIENTED_EDGE('',*,*,#1419,.F.);
#837=ORIENTED_EDGE('',*,*,#1511,.F.);
#838=ORIENTED_EDGE('',*,*,#1450,.F.);
#839=ORIENTED_EDGE('',*,*,#1512,.T.);
#840=ORIENTED_EDGE('',*,*,#1472,.T.);
#841=ORIENTED_EDGE('',*,*,#1484,.F.);
#842=ORIENTED_EDGE('',*,*,#1387,.F.);
#843=ORIENTED_EDGE('',*,*,#1390,.F.);
#844=ORIENTED_EDGE('',*,*,#1491,.F.);
#845=ORIENTED_EDGE('',*,*,#1503,.F.);
#846=ORIENTED_EDGE('',*,*,#1488,.F.);
#847=ORIENTED_EDGE('',*,*,#1440,.F.);
#848=ORIENTED_EDGE('',*,*,#1473,.F.);
#849=ORIENTED_EDGE('',*,*,#1512,.F.);
#850=ORIENTED_EDGE('',*,*,#1449,.F.);
#851=ORIENTED_EDGE('',*,*,#1411,.F.);
#852=ORIENTED_EDGE('',*,*,#1447,.T.);
#853=ORIENTED_EDGE('',*,*,#1465,.T.);
#854=ORIENTED_EDGE('',*,*,#1509,.T.);
#855=ORIENTED_EDGE('',*,*,#1478,.T.);
#856=ORIENTED_EDGE('',*,*,#1499,.F.);
#857=ORIENTED_EDGE('',*,*,#1513,.T.);
#858=ORIENTED_EDGE('',*,*,#1459,.T.);
#859=ORIENTED_EDGE('',*,*,#1513,.F.);
#860=ORIENTED_EDGE('',*,*,#1514,.F.);
#861=ORIENTED_EDGE('',*,*,#1515,.F.);
#862=ORIENTED_EDGE('',*,*,#1516,.T.);
#863=ORIENTED_EDGE('',*,*,#1517,.F.);
#864=ORIENTED_EDGE('',*,*,#1516,.F.);
#865=ORIENTED_EDGE('',*,*,#1517,.T.);
#866=ORIENTED_EDGE('',*,*,#1518,.T.);
#867=ORIENTED_EDGE('',*,*,#1519,.T.);
#868=ORIENTED_EDGE('',*,*,#1518,.F.);
#869=ORIENTED_EDGE('',*,*,#1520,.F.);
#870=ORIENTED_EDGE('',*,*,#1521,.F.);
#871=ORIENTED_EDGE('',*,*,#1522,.T.);
#872=ORIENTED_EDGE('',*,*,#1523,.T.);
#873=ORIENTED_EDGE('',*,*,#1522,.F.);
#874=ORIENTED_EDGE('',*,*,#1519,.F.);
#875=ORIENTED_EDGE('',*,*,#1524,.T.);
#876=ORIENTED_EDGE('',*,*,#1520,.T.);
#877=ORIENTED_EDGE('',*,*,#1521,.T.);
#878=ORIENTED_EDGE('',*,*,#1524,.F.);
#879=ORIENTED_EDGE('',*,*,#1525,.F.);
#880=ORIENTED_EDGE('',*,*,#1526,.T.);
#881=ORIENTED_EDGE('',*,*,#1527,.T.);
#882=ORIENTED_EDGE('',*,*,#1526,.F.);
#883=ORIENTED_EDGE('',*,*,#1528,.F.);
#884=ORIENTED_EDGE('',*,*,#1529,.F.);
#885=ORIENTED_EDGE('',*,*,#1530,.T.);
#886=ORIENTED_EDGE('',*,*,#1528,.T.);
#887=ORIENTED_EDGE('',*,*,#1525,.T.);
#888=ORIENTED_EDGE('',*,*,#1530,.F.);
#889=ORIENTED_EDGE('',*,*,#1531,.F.);
#890=ORIENTED_EDGE('',*,*,#1532,.T.);
#891=ORIENTED_EDGE('',*,*,#1533,.T.);
#892=ORIENTED_EDGE('',*,*,#1532,.F.);
#893=ORIENTED_EDGE('',*,*,#1534,.T.);
#894=ORIENTED_EDGE('',*,*,#1535,.T.);
#895=ORIENTED_EDGE('',*,*,#1536,.F.);
#896=ORIENTED_EDGE('',*,*,#1537,.F.);
#897=ORIENTED_EDGE('',*,*,#1538,.T.);
#898=ORIENTED_EDGE('',*,*,#1539,.T.);
#899=ORIENTED_EDGE('',*,*,#1540,.F.);
#900=ORIENTED_EDGE('',*,*,#1541,.T.);
#901=ORIENTED_EDGE('',*,*,#1542,.T.);
#902=ORIENTED_EDGE('',*,*,#1541,.F.);
#903=ORIENTED_EDGE('',*,*,#1534,.F.);
#904=ORIENTED_EDGE('',*,*,#1543,.T.);
#905=ORIENTED_EDGE('',*,*,#1544,.T.);
#906=ORIENTED_EDGE('',*,*,#1543,.F.);
#907=ORIENTED_EDGE('',*,*,#1523,.F.);
#908=ORIENTED_EDGE('',*,*,#1536,.T.);
#909=ORIENTED_EDGE('',*,*,#1545,.T.);
#910=ORIENTED_EDGE('',*,*,#1546,.F.);
#911=ORIENTED_EDGE('',*,*,#1547,.F.);
#912=ORIENTED_EDGE('',*,*,#1535,.F.);
#913=ORIENTED_EDGE('',*,*,#1548,.T.);
#914=ORIENTED_EDGE('',*,*,#1549,.T.);
#915=ORIENTED_EDGE('',*,*,#1548,.F.);
#916=ORIENTED_EDGE('',*,*,#1527,.F.);
#917=ORIENTED_EDGE('',*,*,#1538,.F.);
#918=ORIENTED_EDGE('',*,*,#1550,.T.);
#919=ORIENTED_EDGE('',*,*,#1551,.F.);
#920=ORIENTED_EDGE('',*,*,#1552,.F.);
#921=ORIENTED_EDGE('',*,*,#1553,.T.);
#922=ORIENTED_EDGE('',*,*,#1554,.T.);
#923=ORIENTED_EDGE('',*,*,#1545,.F.);
#924=ORIENTED_EDGE('',*,*,#1539,.F.);
#925=ORIENTED_EDGE('',*,*,#1552,.T.);
#926=ORIENTED_EDGE('',*,*,#1555,.T.);
#927=ORIENTED_EDGE('',*,*,#1544,.F.);
#928=ORIENTED_EDGE('',*,*,#1531,.T.);
#929=ORIENTED_EDGE('',*,*,#1549,.F.);
#930=ORIENTED_EDGE('',*,*,#1540,.T.);
#931=ORIENTED_EDGE('',*,*,#1533,.F.);
#932=ORIENTED_EDGE('',*,*,#1542,.F.);
#933=ORIENTED_EDGE('',*,*,#1555,.F.);
#934=ORIENTED_EDGE('',*,*,#1551,.T.);
#935=ORIENTED_EDGE('',*,*,#1556,.T.);
#936=ORIENTED_EDGE('',*,*,#1546,.T.);
#937=ORIENTED_EDGE('',*,*,#1557,.T.);
#938=ORIENTED_EDGE('',*,*,#1558,.T.);
#939=ORIENTED_EDGE('',*,*,#1529,.T.);
#940=ORIENTED_EDGE('',*,*,#1558,.F.);
#941=ORIENTED_EDGE('',*,*,#1559,.F.);
#942=ORIENTED_EDGE('',*,*,#1560,.F.);
#943=ORIENTED_EDGE('',*,*,#1561,.T.);
#944=ORIENTED_EDGE('',*,*,#1557,.F.);
#945=ORIENTED_EDGE('',*,*,#1561,.F.);
#946=ORIENTED_EDGE('',*,*,#1559,.T.);
#947=ORIENTED_EDGE('',*,*,#1560,.T.);
#948=ORIENTED_EDGE('',*,*,#1553,.F.);
#949=ORIENTED_EDGE('',*,*,#1562,.T.);
#950=ORIENTED_EDGE('',*,*,#1563,.F.);
#951=ORIENTED_EDGE('',*,*,#1562,.F.);
#952=ORIENTED_EDGE('',*,*,#1563,.T.);
#953=ORIENTED_EDGE('',*,*,#1564,.F.);
#954=ORIENTED_EDGE('',*,*,#1564,.T.);
#955=ORIENTED_EDGE('',*,*,#1565,.T.);
#956=ORIENTED_EDGE('',*,*,#1566,.T.);
#957=ORIENTED_EDGE('',*,*,#1565,.F.);
#958=ORIENTED_EDGE('',*,*,#1514,.T.);
#959=ORIENTED_EDGE('',*,*,#1515,.T.);
#960=ORIENTED_EDGE('',*,*,#1554,.F.);
#961=ORIENTED_EDGE('',*,*,#1567,.T.);
#962=ORIENTED_EDGE('',*,*,#1568,.F.);
#963=ORIENTED_EDGE('',*,*,#1567,.F.);
#964=ORIENTED_EDGE('',*,*,#1568,.T.);
#965=ORIENTED_EDGE('',*,*,#1569,.F.);
#966=ORIENTED_EDGE('',*,*,#1569,.T.);
#967=ORIENTED_EDGE('',*,*,#1570,.T.);
#968=ORIENTED_EDGE('',*,*,#1571,.T.);
#969=ORIENTED_EDGE('',*,*,#1570,.F.);
#970=ORIENTED_EDGE('',*,*,#1566,.F.);
#971=ORIENTED_EDGE('',*,*,#1571,.F.);
#972=ORIENTED_EDGE('',*,*,#1537,.T.);
#973=ORIENTED_EDGE('',*,*,#1547,.T.);
#974=ORIENTED_EDGE('',*,*,#1556,.F.);
#975=ORIENTED_EDGE('',*,*,#1550,.F.);
#976=ORIENTED_EDGE('',*,*,#1572,.T.);
#977=ORIENTED_EDGE('',*,*,#1573,.T.);
#978=ORIENTED_EDGE('',*,*,#1574,.T.);
#979=ORIENTED_EDGE('',*,*,#1575,.T.);
#980=ORIENTED_EDGE('',*,*,#1576,.T.);
#981=ORIENTED_EDGE('',*,*,#1577,.T.);
#982=ORIENTED_EDGE('',*,*,#1578,.T.);
#983=ORIENTED_EDGE('',*,*,#1579,.T.);
#984=ORIENTED_EDGE('',*,*,#1580,.F.);
#985=ORIENTED_EDGE('',*,*,#1581,.T.);
#986=ORIENTED_EDGE('',*,*,#1581,.F.);
#987=ORIENTED_EDGE('',*,*,#1582,.T.);
#988=ORIENTED_EDGE('',*,*,#1583,.T.);
#989=ORIENTED_EDGE('',*,*,#1582,.F.);
#990=ORIENTED_EDGE('',*,*,#1584,.F.);
#991=ORIENTED_EDGE('',*,*,#1585,.F.);
#992=ORIENTED_EDGE('',*,*,#1586,.F.);
#993=ORIENTED_EDGE('',*,*,#1583,.F.);
#994=ORIENTED_EDGE('',*,*,#1587,.F.);
#995=ORIENTED_EDGE('',*,*,#1588,.F.);
#996=ORIENTED_EDGE('',*,*,#1589,.F.);
#997=ORIENTED_EDGE('',*,*,#1590,.F.);
#998=ORIENTED_EDGE('',*,*,#1591,.F.);
#999=ORIENTED_EDGE('',*,*,#1592,.F.);
#1000=ORIENTED_EDGE('',*,*,#1593,.F.);
#1001=ORIENTED_EDGE('',*,*,#1594,.F.);
#1002=ORIENTED_EDGE('',*,*,#1595,.T.);
#1003=ORIENTED_EDGE('',*,*,#1592,.T.);
#1004=ORIENTED_EDGE('',*,*,#1596,.F.);
#1005=ORIENTED_EDGE('',*,*,#1576,.F.);
#1006=ORIENTED_EDGE('',*,*,#1597,.T.);
#1007=ORIENTED_EDGE('',*,*,#1590,.T.);
#1008=ORIENTED_EDGE('',*,*,#1589,.T.);
#1009=ORIENTED_EDGE('',*,*,#1598,.T.);
#1010=ORIENTED_EDGE('',*,*,#1593,.T.);
#1011=ORIENTED_EDGE('',*,*,#1595,.F.);
#1012=ORIENTED_EDGE('',*,*,#1574,.F.);
#1013=ORIENTED_EDGE('',*,*,#1599,.T.);
#1014=ORIENTED_EDGE('',*,*,#1600,.T.);
#1015=ORIENTED_EDGE('',*,*,#1599,.F.);
#1016=ORIENTED_EDGE('',*,*,#1601,.F.);
#1017=ORIENTED_EDGE('',*,*,#1602,.T.);
#1018=ORIENTED_EDGE('',*,*,#1602,.F.);
#1019=ORIENTED_EDGE('',*,*,#1603,.T.);
#1020=ORIENTED_EDGE('',*,*,#1585,.T.);
#1021=ORIENTED_EDGE('',*,*,#1603,.F.);
#1022=ORIENTED_EDGE('',*,*,#1572,.F.);
#1023=ORIENTED_EDGE('',*,*,#1604,.T.);
#1024=ORIENTED_EDGE('',*,*,#1605,.T.);
#1025=ORIENTED_EDGE('',*,*,#1604,.F.);
#1026=ORIENTED_EDGE('',*,*,#1605,.F.);
#1027=ORIENTED_EDGE('',*,*,#1606,.T.);
#1028=ORIENTED_EDGE('',*,*,#1606,.F.);
#1029=ORIENTED_EDGE('',*,*,#1607,.T.);
#1030=ORIENTED_EDGE('',*,*,#1586,.T.);
#1031=ORIENTED_EDGE('',*,*,#1607,.F.);
#1032=ORIENTED_EDGE('',*,*,#1573,.F.);
#1033=ORIENTED_EDGE('',*,*,#1608,.T.);
#1034=ORIENTED_EDGE('',*,*,#1580,.T.);
#1035=ORIENTED_EDGE('',*,*,#1608,.F.);
#1036=ORIENTED_EDGE('',*,*,#1600,.F.);
#1037=ORIENTED_EDGE('',*,*,#1609,.T.);
#1038=ORIENTED_EDGE('',*,*,#1609,.F.);
#1039=ORIENTED_EDGE('',*,*,#1610,.T.);
#1040=ORIENTED_EDGE('',*,*,#1584,.T.);
#1041=ORIENTED_EDGE('',*,*,#1610,.F.);
#1042=ORIENTED_EDGE('',*,*,#1575,.F.);
#1043=ORIENTED_EDGE('',*,*,#1611,.T.);
#1044=ORIENTED_EDGE('',*,*,#1601,.T.);
#1045=ORIENTED_EDGE('',*,*,#1611,.F.);
#1046=ORIENTED_EDGE('',*,*,#1578,.F.);
#1047=ORIENTED_EDGE('',*,*,#1612,.T.);
#1048=ORIENTED_EDGE('',*,*,#1594,.T.);
#1049=ORIENTED_EDGE('',*,*,#1598,.F.);
#1050=ORIENTED_EDGE('',*,*,#1588,.T.);
#1051=ORIENTED_EDGE('',*,*,#1613,.F.);
#1052=ORIENTED_EDGE('',*,*,#1579,.F.);
#1053=ORIENTED_EDGE('',*,*,#1613,.T.);
#1054=ORIENTED_EDGE('',*,*,#1587,.T.);
#1055=ORIENTED_EDGE('',*,*,#1597,.F.);
#1056=ORIENTED_EDGE('',*,*,#1577,.F.);
#1057=ORIENTED_EDGE('',*,*,#1596,.T.);
#1058=ORIENTED_EDGE('',*,*,#1591,.T.);
#1059=ORIENTED_EDGE('',*,*,#1612,.F.);
#1060=ORIENTED_EDGE('',*,*,#1614,.T.);
#1061=ORIENTED_EDGE('',*,*,#1615,.T.);
#1062=ORIENTED_EDGE('',*,*,#1616,.T.);
#1063=ORIENTED_EDGE('',*,*,#1617,.T.);
#1064=ORIENTED_EDGE('',*,*,#1614,.F.);
#1065=ORIENTED_EDGE('',*,*,#1617,.F.);
#1066=ORIENTED_EDGE('',*,*,#1615,.F.);
#1067=ORIENTED_EDGE('',*,*,#1616,.F.);
#1068=ORIENTED_EDGE('',*,*,#1618,.T.);
#1069=ORIENTED_EDGE('',*,*,#1619,.T.);
#1070=ORIENTED_EDGE('',*,*,#1618,.F.);
#1071=ORIENTED_EDGE('',*,*,#1619,.F.);
#1072=ORIENTED_EDGE('',*,*,#1620,.T.);
#1073=ORIENTED_EDGE('',*,*,#1621,.T.);
#1074=ORIENTED_EDGE('',*,*,#1620,.F.);
#1075=ORIENTED_EDGE('',*,*,#1622,.T.);
#1076=ORIENTED_EDGE('',*,*,#1623,.T.);
#1077=ORIENTED_EDGE('',*,*,#1624,.F.);
#1078=ORIENTED_EDGE('',*,*,#1625,.T.);
#1079=ORIENTED_EDGE('',*,*,#1626,.T.);
#1080=ORIENTED_EDGE('',*,*,#1627,.T.);
#1081=ORIENTED_EDGE('',*,*,#1622,.F.);
#1082=ORIENTED_EDGE('',*,*,#1628,.T.);
#1083=ORIENTED_EDGE('',*,*,#1629,.T.);
#1084=ORIENTED_EDGE('',*,*,#1630,.T.);
#1085=ORIENTED_EDGE('',*,*,#1631,.F.);
#1086=ORIENTED_EDGE('',*,*,#1632,.T.);
#1087=ORIENTED_EDGE('',*,*,#1631,.T.);
#1088=ORIENTED_EDGE('',*,*,#1633,.T.);
#1089=ORIENTED_EDGE('',*,*,#1634,.F.);
#1090=ORIENTED_EDGE('',*,*,#1635,.T.);
#1091=ORIENTED_EDGE('',*,*,#1634,.T.);
#1092=ORIENTED_EDGE('',*,*,#1636,.T.);
#1093=ORIENTED_EDGE('',*,*,#1626,.F.);
#1094=ORIENTED_EDGE('',*,*,#1637,.T.);
#1095=ORIENTED_EDGE('',*,*,#1632,.F.);
#1096=ORIENTED_EDGE('',*,*,#1635,.F.);
#1097=ORIENTED_EDGE('',*,*,#1637,.F.);
#1098=ORIENTED_EDGE('',*,*,#1628,.F.);
#1099=ORIENTED_EDGE('',*,*,#1625,.F.);
#1100=ORIENTED_EDGE('',*,*,#1638,.F.);
#1101=ORIENTED_EDGE('',*,*,#1624,.T.);
#1102=ORIENTED_EDGE('',*,*,#1639,.T.);
#1103=ORIENTED_EDGE('',*,*,#1629,.F.);
#1104=ORIENTED_EDGE('',*,*,#1638,.T.);
#1105=ORIENTED_EDGE('',*,*,#1639,.F.);
#1106=ORIENTED_EDGE('',*,*,#1640,.F.);
#1107=ORIENTED_EDGE('',*,*,#1630,.F.);
#1108=ORIENTED_EDGE('',*,*,#1641,.F.);
#1109=ORIENTED_EDGE('',*,*,#1633,.F.);
#1110=ORIENTED_EDGE('',*,*,#1642,.F.);
#1111=ORIENTED_EDGE('',*,*,#1636,.F.);
#1112=ORIENTED_EDGE('',*,*,#1643,.F.);
#1113=ORIENTED_EDGE('',*,*,#1627,.F.);
#1114=ORIENTED_EDGE('',*,*,#1644,.F.);
#1115=ORIENTED_EDGE('',*,*,#1645,.F.);
#1116=ORIENTED_EDGE('',*,*,#1646,.T.);
#1117=ORIENTED_EDGE('',*,*,#1647,.T.);
#1118=ORIENTED_EDGE('',*,*,#1648,.T.);
#1119=ORIENTED_EDGE('',*,*,#1646,.F.);
#1120=ORIENTED_EDGE('',*,*,#1621,.F.);
#1121=ORIENTED_EDGE('',*,*,#1645,.T.);
#1122=ORIENTED_EDGE('',*,*,#1649,.F.);
#1123=ORIENTED_EDGE('',*,*,#1623,.F.);
#1124=ORIENTED_EDGE('',*,*,#1649,.T.);
#1125=ORIENTED_EDGE('',*,*,#1644,.T.);
#1126=ORIENTED_EDGE('',*,*,#1643,.T.);
#1127=ORIENTED_EDGE('',*,*,#1642,.T.);
#1128=ORIENTED_EDGE('',*,*,#1641,.T.);
#1129=ORIENTED_EDGE('',*,*,#1640,.T.);
#1130=ORIENTED_EDGE('',*,*,#1650,.F.);
#1131=ORIENTED_EDGE('',*,*,#1648,.F.);
#1132=ORIENTED_EDGE('',*,*,#1651,.T.);
#1133=ORIENTED_EDGE('',*,*,#1650,.T.);
#1134=ORIENTED_EDGE('',*,*,#1651,.F.);
#1135=ORIENTED_EDGE('',*,*,#1647,.F.);
#1136=ORIENTED_EDGE('',*,*,#1652,.T.);
#1137=ORIENTED_EDGE('',*,*,#1653,.F.);
#1138=ORIENTED_EDGE('',*,*,#1654,.F.);
#1139=ORIENTED_EDGE('',*,*,#1655,.T.);
#1140=ORIENTED_EDGE('',*,*,#1652,.F.);
#1141=ORIENTED_EDGE('',*,*,#1656,.T.);
#1142=ORIENTED_EDGE('',*,*,#1654,.T.);
#1143=ORIENTED_EDGE('',*,*,#1656,.F.);
#1144=ORIENTED_EDGE('',*,*,#1655,.F.);
#1145=ORIENTED_EDGE('',*,*,#1657,.T.);
#1146=ORIENTED_EDGE('',*,*,#1653,.T.);
#1147=ORIENTED_EDGE('',*,*,#1657,.F.);
#1148=ORIENTED_EDGE('',*,*,#1658,.F.);
#1149=ORIENTED_EDGE('',*,*,#1659,.T.);
#1150=ORIENTED_EDGE('',*,*,#1660,.F.);
#1151=ORIENTED_EDGE('',*,*,#1659,.F.);
#1152=ORIENTED_EDGE('',*,*,#1661,.F.);
#1153=ORIENTED_EDGE('',*,*,#1662,.T.);
#1154=ORIENTED_EDGE('',*,*,#1663,.F.);
#1155=ORIENTED_EDGE('',*,*,#1662,.F.);
#1156=ORIENTED_EDGE('',*,*,#1664,.F.);
#1157=ORIENTED_EDGE('',*,*,#1665,.T.);
#1158=ORIENTED_EDGE('',*,*,#1666,.F.);
#1159=ORIENTED_EDGE('',*,*,#1665,.F.);
#1160=ORIENTED_EDGE('',*,*,#1667,.F.);
#1161=ORIENTED_EDGE('',*,*,#1668,.T.);
#1162=ORIENTED_EDGE('',*,*,#1669,.F.);
#1163=ORIENTED_EDGE('',*,*,#1668,.F.);
#1164=ORIENTED_EDGE('',*,*,#1670,.F.);
#1165=ORIENTED_EDGE('',*,*,#1671,.T.);
#1166=ORIENTED_EDGE('',*,*,#1672,.F.);
#1167=ORIENTED_EDGE('',*,*,#1671,.F.);
#1168=ORIENTED_EDGE('',*,*,#1673,.F.);
#1169=ORIENTED_EDGE('',*,*,#1674,.T.);
#1170=ORIENTED_EDGE('',*,*,#1675,.F.);
#1171=ORIENTED_EDGE('',*,*,#1674,.F.);
#1172=ORIENTED_EDGE('',*,*,#1676,.F.);
#1173=ORIENTED_EDGE('',*,*,#1677,.T.);
#1174=ORIENTED_EDGE('',*,*,#1678,.F.);
#1175=ORIENTED_EDGE('',*,*,#1677,.F.);
#1176=ORIENTED_EDGE('',*,*,#1679,.F.);
#1177=ORIENTED_EDGE('',*,*,#1680,.T.);
#1178=ORIENTED_EDGE('',*,*,#1681,.F.);
#1179=ORIENTED_EDGE('',*,*,#1680,.F.);
#1180=ORIENTED_EDGE('',*,*,#1682,.F.);
#1181=ORIENTED_EDGE('',*,*,#1683,.T.);
#1182=ORIENTED_EDGE('',*,*,#1684,.F.);
#1183=ORIENTED_EDGE('',*,*,#1683,.F.);
#1184=ORIENTED_EDGE('',*,*,#1685,.F.);
#1185=ORIENTED_EDGE('',*,*,#1686,.T.);
#1186=ORIENTED_EDGE('',*,*,#1687,.F.);
#1187=ORIENTED_EDGE('',*,*,#1686,.F.);
#1188=ORIENTED_EDGE('',*,*,#1688,.F.);
#1189=ORIENTED_EDGE('',*,*,#1689,.T.);
#1190=ORIENTED_EDGE('',*,*,#1690,.F.);
#1191=ORIENTED_EDGE('',*,*,#1689,.F.);
#1192=ORIENTED_EDGE('',*,*,#1663,.T.);
#1193=ORIENTED_EDGE('',*,*,#1691,.T.);
#1194=ORIENTED_EDGE('',*,*,#1678,.T.);
#1195=ORIENTED_EDGE('',*,*,#1692,.T.);
#1196=ORIENTED_EDGE('',*,*,#1681,.T.);
#1197=ORIENTED_EDGE('',*,*,#1693,.T.);
#1198=ORIENTED_EDGE('',*,*,#1666,.T.);
#1199=ORIENTED_EDGE('',*,*,#1694,.T.);
#1200=ORIENTED_EDGE('',*,*,#1684,.T.);
#1201=ORIENTED_EDGE('',*,*,#1695,.T.);
#1202=ORIENTED_EDGE('',*,*,#1672,.T.);
#1203=ORIENTED_EDGE('',*,*,#1696,.T.);
#1204=ORIENTED_EDGE('',*,*,#1660,.T.);
#1205=ORIENTED_EDGE('',*,*,#1697,.T.);
#1206=ORIENTED_EDGE('',*,*,#1687,.T.);
#1207=ORIENTED_EDGE('',*,*,#1698,.T.);
#1208=ORIENTED_EDGE('',*,*,#1669,.T.);
#1209=ORIENTED_EDGE('',*,*,#1699,.T.);
#1210=ORIENTED_EDGE('',*,*,#1675,.T.);
#1211=ORIENTED_EDGE('',*,*,#1700,.T.);
#1212=ORIENTED_EDGE('',*,*,#1690,.T.);
#1213=ORIENTED_EDGE('',*,*,#1701,.T.);
#1214=ORIENTED_EDGE('',*,*,#1658,.T.);
#1215=ORIENTED_EDGE('',*,*,#1673,.T.);
#1216=ORIENTED_EDGE('',*,*,#1688,.T.);
#1217=ORIENTED_EDGE('',*,*,#1664,.T.);
#1218=ORIENTED_EDGE('',*,*,#1661,.T.);
#1219=ORIENTED_EDGE('',*,*,#1679,.T.);
#1220=ORIENTED_EDGE('',*,*,#1670,.T.);
#1221=ORIENTED_EDGE('',*,*,#1667,.T.);
#1222=ORIENTED_EDGE('',*,*,#1702,.T.);
#1223=ORIENTED_EDGE('',*,*,#1676,.T.);
#1224=ORIENTED_EDGE('',*,*,#1685,.T.);
#1225=ORIENTED_EDGE('',*,*,#1682,.T.);
#1226=ORIENTED_EDGE('',*,*,#1703,.F.);
#1227=ORIENTED_EDGE('',*,*,#1704,.T.);
#1228=ORIENTED_EDGE('',*,*,#1705,.T.);
#1229=ORIENTED_EDGE('',*,*,#1706,.T.);
#1230=ORIENTED_EDGE('',*,*,#1706,.F.);
#1231=ORIENTED_EDGE('',*,*,#1707,.T.);
#1232=ORIENTED_EDGE('',*,*,#1708,.T.);
#1233=ORIENTED_EDGE('',*,*,#1709,.T.);
#1234=ORIENTED_EDGE('',*,*,#1691,.F.);
#1235=ORIENTED_EDGE('',*,*,#1710,.T.);
#1236=ORIENTED_EDGE('',*,*,#1711,.T.);
#1237=ORIENTED_EDGE('',*,*,#1710,.F.);
#1238=ORIENTED_EDGE('',*,*,#1712,.T.);
#1239=ORIENTED_EDGE('',*,*,#1713,.T.);
#1240=ORIENTED_EDGE('',*,*,#1707,.F.);
#1241=ORIENTED_EDGE('',*,*,#1705,.F.);
#1242=ORIENTED_EDGE('',*,*,#1704,.F.);
#1243=ORIENTED_EDGE('',*,*,#1714,.F.);
#1244=ORIENTED_EDGE('',*,*,#1715,.F.);
#1245=ORIENTED_EDGE('',*,*,#1712,.F.);
#1246=ORIENTED_EDGE('',*,*,#1716,.F.);
#1247=ORIENTED_EDGE('',*,*,#1714,.T.);
#1248=ORIENTED_EDGE('',*,*,#1703,.T.);
#1249=ORIENTED_EDGE('',*,*,#1709,.F.);
#1250=ORIENTED_EDGE('',*,*,#1692,.F.);
#1251=ORIENTED_EDGE('',*,*,#1717,.T.);
#1252=ORIENTED_EDGE('',*,*,#1718,.T.);
#1253=ORIENTED_EDGE('',*,*,#1717,.F.);
#1254=ORIENTED_EDGE('',*,*,#1693,.F.);
#1255=ORIENTED_EDGE('',*,*,#1719,.T.);
#1256=ORIENTED_EDGE('',*,*,#1720,.T.);
#1257=ORIENTED_EDGE('',*,*,#1719,.F.);
#1258=ORIENTED_EDGE('',*,*,#1694,.F.);
#1259=ORIENTED_EDGE('',*,*,#1721,.T.);
#1260=ORIENTED_EDGE('',*,*,#1722,.T.);
#1261=ORIENTED_EDGE('',*,*,#1721,.F.);
#1262=ORIENTED_EDGE('',*,*,#1695,.F.);
#1263=ORIENTED_EDGE('',*,*,#1723,.T.);
#1264=ORIENTED_EDGE('',*,*,#1724,.T.);
#1265=ORIENTED_EDGE('',*,*,#1723,.F.);
#1266=ORIENTED_EDGE('',*,*,#1696,.F.);
#1267=ORIENTED_EDGE('',*,*,#1725,.T.);
#1268=ORIENTED_EDGE('',*,*,#1726,.T.);
#1269=ORIENTED_EDGE('',*,*,#1725,.F.);
#1270=ORIENTED_EDGE('',*,*,#1697,.F.);
#1271=ORIENTED_EDGE('',*,*,#1727,.T.);
#1272=ORIENTED_EDGE('',*,*,#1728,.T.);
#1273=ORIENTED_EDGE('',*,*,#1727,.F.);
#1274=ORIENTED_EDGE('',*,*,#1698,.F.);
#1275=ORIENTED_EDGE('',*,*,#1729,.T.);
#1276=ORIENTED_EDGE('',*,*,#1730,.T.);
#1277=ORIENTED_EDGE('',*,*,#1729,.F.);
#1278=ORIENTED_EDGE('',*,*,#1699,.F.);
#1279=ORIENTED_EDGE('',*,*,#1731,.T.);
#1280=ORIENTED_EDGE('',*,*,#1732,.T.);
#1281=ORIENTED_EDGE('',*,*,#1731,.F.);
#1282=ORIENTED_EDGE('',*,*,#1700,.F.);
#1283=ORIENTED_EDGE('',*,*,#1733,.T.);
#1284=ORIENTED_EDGE('',*,*,#1734,.T.);
#1285=ORIENTED_EDGE('',*,*,#1733,.F.);
#1286=ORIENTED_EDGE('',*,*,#1701,.F.);
#1287=ORIENTED_EDGE('',*,*,#1735,.T.);
#1288=ORIENTED_EDGE('',*,*,#1736,.T.);
#1289=ORIENTED_EDGE('',*,*,#1735,.F.);
#1290=ORIENTED_EDGE('',*,*,#1702,.F.);
#1291=ORIENTED_EDGE('',*,*,#1737,.T.);
#1292=ORIENTED_EDGE('',*,*,#1738,.F.);
#1293=ORIENTED_EDGE('',*,*,#1737,.F.);
#1294=ORIENTED_EDGE('',*,*,#1728,.F.);
#1295=ORIENTED_EDGE('',*,*,#1734,.F.);
#1296=ORIENTED_EDGE('',*,*,#1736,.F.);
#1297=ORIENTED_EDGE('',*,*,#1722,.F.);
#1298=ORIENTED_EDGE('',*,*,#1711,.F.);
#1299=ORIENTED_EDGE('',*,*,#1720,.F.);
#1300=ORIENTED_EDGE('',*,*,#1726,.F.);
#1301=ORIENTED_EDGE('',*,*,#1732,.F.);
#1302=ORIENTED_EDGE('',*,*,#1739,.F.);
#1303=ORIENTED_EDGE('',*,*,#1718,.F.);
#1304=ORIENTED_EDGE('',*,*,#1730,.F.);
#1305=ORIENTED_EDGE('',*,*,#1724,.F.);
#1306=ORIENTED_EDGE('',*,*,#1713,.F.);
#1307=ORIENTED_EDGE('',*,*,#1715,.T.);
#1308=ORIENTED_EDGE('',*,*,#1716,.T.);
#1309=ORIENTED_EDGE('',*,*,#1708,.F.);
#1310=ORIENTED_EDGE('',*,*,#1738,.T.);
#1311=ORIENTED_EDGE('',*,*,#1740,.T.);
#1312=ORIENTED_EDGE('',*,*,#1740,.F.);
#1313=ORIENTED_EDGE('',*,*,#1741,.T.);
#1314=ORIENTED_EDGE('',*,*,#1739,.T.);
#1315=ORIENTED_EDGE('',*,*,#1741,.F.);
#1316=EDGE_CURVE('',#1742,#1743,#2021,.T.);
#1317=EDGE_CURVE('',#1743,#1743,#256,.T.);
#1318=EDGE_CURVE('',#1743,#1744,#2022,.T.);
#1319=EDGE_CURVE('',#1744,#1744,#257,.T.);
#1320=EDGE_CURVE('',#1745,#1746,#258,.T.);
#1321=EDGE_CURVE('',#1746,#1745,#259,.T.);
#1322=EDGE_CURVE('',#1746,#1747,#2023,.T.);
#1323=EDGE_CURVE('',#1747,#1747,#260,.T.);
#1324=EDGE_CURVE('',#1744,#1745,#2024,.T.);
#1325=EDGE_CURVE('',#1748,#1749,#2025,.T.);
#1326=EDGE_CURVE('',#1749,#1749,#261,.T.);
#1327=EDGE_CURVE('',#1749,#1750,#2026,.T.);
#1328=EDGE_CURVE('',#1750,#1750,#262,.T.);
#1329=EDGE_CURVE('',#1751,#1752,#263,.T.);
#1330=EDGE_CURVE('',#1752,#1751,#264,.T.);
#1331=EDGE_CURVE('',#1752,#1753,#2027,.T.);
#1332=EDGE_CURVE('',#1753,#1753,#265,.T.);
#1333=EDGE_CURVE('',#1750,#1751,#2028,.T.);
#1334=EDGE_CURVE('',#1754,#1755,#2029,.T.);
#1335=EDGE_CURVE('',#1755,#1755,#266,.T.);
#1336=EDGE_CURVE('',#1755,#1756,#2030,.T.);
#1337=EDGE_CURVE('',#1756,#1756,#267,.T.);
#1338=EDGE_CURVE('',#1757,#1758,#268,.T.);
#1339=EDGE_CURVE('',#1758,#1757,#269,.T.);
#1340=EDGE_CURVE('',#1758,#1759,#2031,.T.);
#1341=EDGE_CURVE('',#1759,#1759,#270,.T.);
#1342=EDGE_CURVE('',#1756,#1757,#2032,.T.);
#1343=EDGE_CURVE('',#1760,#1761,#2033,.T.);
#1344=EDGE_CURVE('',#1761,#1761,#271,.T.);
#1345=EDGE_CURVE('',#1761,#1762,#2034,.T.);
#1346=EDGE_CURVE('',#1762,#1762,#272,.T.);
#1347=EDGE_CURVE('',#1763,#1764,#273,.T.);
#1348=EDGE_CURVE('',#1763,#1765,#2035,.T.);
#1349=EDGE_CURVE('',#1765,#1765,#274,.T.);
#1350=EDGE_CURVE('',#1764,#1763,#275,.T.);
#1351=EDGE_CURVE('',#1762,#1764,#2036,.T.);
#1352=EDGE_CURVE('',#1766,#1767,#2037,.T.);
#1353=EDGE_CURVE('',#1767,#1767,#276,.T.);
#1354=EDGE_CURVE('',#1767,#1768,#2038,.T.);
#1355=EDGE_CURVE('',#1768,#1768,#277,.T.);
#1356=EDGE_CURVE('',#1769,#1770,#278,.T.);
#1357=EDGE_CURVE('',#1769,#1771,#2039,.T.);
#1358=EDGE_CURVE('',#1771,#1771,#279,.T.);
#1359=EDGE_CURVE('',#1770,#1769,#280,.T.);
#1360=EDGE_CURVE('',#1768,#1770,#2040,.T.);
#1361=EDGE_CURVE('',#1772,#1773,#2041,.T.);
#1362=EDGE_CURVE('',#1773,#1773,#281,.T.);
#1363=EDGE_CURVE('',#1773,#1774,#2042,.T.);
#1364=EDGE_CURVE('',#1774,#1774,#282,.T.);
#1365=EDGE_CURVE('',#1775,#1776,#283,.T.);
#1366=EDGE_CURVE('',#1775,#1777,#2043,.T.);
#1367=EDGE_CURVE('',#1777,#1777,#284,.T.);
#1368=EDGE_CURVE('',#1776,#1775,#285,.T.);
#1369=EDGE_CURVE('',#1774,#1776,#2044,.T.);
#1370=EDGE_CURVE('',#1778,#1779,#286,.T.);
#1371=EDGE_CURVE('',#1778,#1780,#2045,.T.);
#1372=EDGE_CURVE('',#1780,#1780,#287,.T.);
#1373=EDGE_CURVE('',#1779,#1778,#288,.T.);
#1374=EDGE_CURVE('',#1781,#1782,#2046,.T.);
#1375=EDGE_CURVE('',#1782,#1782,#289,.T.);
#1376=EDGE_CURVE('',#1783,#1784,#2047,.T.);
#1377=EDGE_CURVE('',#1784,#1784,#290,.T.);
#1378=EDGE_CURVE('',#1785,#1785,#291,.T.);
#1379=EDGE_CURVE('',#1785,#1786,#2048,.T.);
#1380=EDGE_CURVE('',#1786,#1787,#292,.T.);
#1381=EDGE_CURVE('',#1787,#1786,#293,.T.);
#1382=EDGE_CURVE('',#1788,#1788,#294,.T.);
#1383=EDGE_CURVE('',#1788,#1789,#2049,.T.);
#1384=EDGE_CURVE('',#1789,#1789,#295,.T.);
#1385=EDGE_CURVE('',#1790,#1791,#296,.T.);
#1386=EDGE_CURVE('',#1790,#1792,#2050,.T.);
#1387=EDGE_CURVE('',#1792,#1792,#297,.T.);
#1388=EDGE_CURVE('',#1791,#1790,#298,.T.);
#1389=EDGE_CURVE('',#1787,#1793,#2051,.T.);
#1390=EDGE_CURVE('',#1793,#1793,#299,.T.);
#1391=EDGE_CURVE('',#1782,#1785,#2052,.T.);
#1392=EDGE_CURVE('',#1794,#1788,#2053,.T.);
#1393=EDGE_CURVE('',#1795,#1795,#300,.T.);
#1394=EDGE_CURVE('',#1795,#1796,#2054,.T.);
#1395=EDGE_CURVE('',#1796,#1796,#301,.T.);
#1396=EDGE_CURVE('',#1797,#1795,#2055,.T.);
#1397=EDGE_CURVE('',#1798,#1798,#302,.T.);
#1398=EDGE_CURVE('',#1798,#1779,#2056,.T.);
#1399=EDGE_CURVE('',#1799,#1800,#303,.T.);
#1400=EDGE_CURVE('',#1799,#1801,#2057,.T.);
#1401=EDGE_CURVE('',#1801,#1801,#304,.T.);
#1402=EDGE_CURVE('',#1800,#1799,#305,.T.);
#1403=EDGE_CURVE('',#1789,#1800,#2058,.T.);
#1404=EDGE_CURVE('',#1802,#1802,#306,.T.);
#1405=EDGE_CURVE('',#1802,#1803,#2059,.T.);
#1406=EDGE_CURVE('',#1803,#1803,#307,.T.);
#1407=EDGE_CURVE('',#1804,#1804,#308,.T.);
#1408=EDGE_CURVE('',#1804,#1805,#2060,.T.);
#1409=EDGE_CURVE('',#1805,#1805,#309,.T.);
#1410=EDGE_CURVE('',#1806,#1807,#2061,.T.);
#1411=EDGE_CURVE('',#1806,#1808,#2062,.T.);
#1412=EDGE_CURVE('',#1808,#1809,#2063,.T.);
#1413=EDGE_CURVE('',#1807,#1809,#2064,.T.);
#1414=EDGE_CURVE('',#1810,#1810,#310,.T.);
#1415=EDGE_CURVE('',#1810,#1811,#2065,.T.);
#1416=EDGE_CURVE('',#1811,#1811,#311,.T.);
#1417=EDGE_CURVE('',#1812,#1812,#312,.T.);
#1418=EDGE_CURVE('',#1812,#1813,#2066,.T.);
#1419=EDGE_CURVE('',#1813,#1813,#313,.T.);
#1420=EDGE_CURVE('',#1814,#1814,#314,.T.);
#1421=EDGE_CURVE('',#1814,#1815,#2067,.T.);
#1422=EDGE_CURVE('',#1815,#1815,#315,.T.);
#1423=EDGE_CURVE('',#1816,#1816,#316,.T.);
#1424=EDGE_CURVE('',#1816,#1817,#2068,.T.);
#1425=EDGE_CURVE('',#1817,#1817,#317,.T.);
#1426=EDGE_CURVE('',#1818,#1818,#318,.T.);
#1427=EDGE_CURVE('',#1818,#1819,#2069,.T.);
#1428=EDGE_CURVE('',#1819,#1819,#319,.T.);
#1429=EDGE_CURVE('',#1820,#1820,#320,.T.);
#1430=EDGE_CURVE('',#1820,#1821,#2070,.T.);
#1431=EDGE_CURVE('',#1821,#1821,#321,.T.);
#1432=EDGE_CURVE('',#1822,#1822,#322,.T.);
#1433=EDGE_CURVE('',#1822,#1823,#2071,.T.);
#1434=EDGE_CURVE('',#1823,#1823,#323,.T.);
#1435=EDGE_CURVE('',#1824,#1824,#324,.T.);
#1436=EDGE_CURVE('',#1824,#1825,#2072,.T.);
#1437=EDGE_CURVE('',#1825,#1825,#325,.T.);
#1438=EDGE_CURVE('',#1784,#1798,#2073,.T.);
#1439=EDGE_CURVE('',#1826,#1827,#2074,.T.);
#1440=EDGE_CURVE('',#1826,#1828,#2075,.T.);
#1441=EDGE_CURVE('',#1828,#1829,#2076,.T.);
#1442=EDGE_CURVE('',#1827,#1829,#2077,.T.);
#1443=EDGE_CURVE('',#1830,#1830,#326,.T.);
#1444=EDGE_CURVE('',#1830,#1831,#2078,.T.);
#1445=EDGE_CURVE('',#1831,#1831,#327,.T.);
#1446=EDGE_CURVE('',#1832,#1833,#2079,.T.);
#1447=EDGE_CURVE('',#1806,#1832,#2080,.T.);
#1448=EDGE_CURVE('',#1807,#1833,#2081,.T.);
#1449=EDGE_CURVE('',#1808,#1834,#2082,.T.);
#1450=EDGE_CURVE('',#1834,#1835,#2083,.T.);
#1451=EDGE_CURVE('',#1809,#1835,#2084,.T.);
#1452=EDGE_CURVE('',#1796,#1791,#2085,.T.);
#1453=EDGE_CURVE('',#1836,#1836,#328,.T.);
#1454=EDGE_CURVE('',#1837,#1837,#329,.T.);
#1455=EDGE_CURVE('',#1838,#1838,#330,.T.);
#1456=EDGE_CURVE('',#1839,#1839,#331,.T.);
#1457=EDGE_CURVE('',#1840,#1840,#332,.T.);
#1458=EDGE_CURVE('',#1841,#1841,#333,.T.);
#1459=EDGE_CURVE('',#1842,#1842,#334,.T.);
#1460=EDGE_CURVE('',#1843,#1843,#335,.T.);
#1461=EDGE_CURVE('',#1844,#1844,#336,.T.);
#1462=EDGE_CURVE('',#1845,#1845,#337,.T.);
#1463=EDGE_CURVE('',#1846,#1846,#338,.T.);
#1464=EDGE_CURVE('',#1847,#1848,#2086,.T.);
#1465=EDGE_CURVE('',#1832,#1847,#2087,.T.);
#1466=EDGE_CURVE('',#1833,#1848,#2088,.T.);
#1467=EDGE_CURVE('',#1849,#1849,#339,.T.);
#1468=EDGE_CURVE('',#1849,#1838,#2089,.T.);
#1469=EDGE_CURVE('',#1850,#1850,#340,.T.);
#1470=EDGE_CURVE('',#1850,#1851,#2090,.T.);
#1471=EDGE_CURVE('',#1851,#1851,#341,.T.);
#1472=EDGE_CURVE('',#1852,#1853,#2091,.T.);
#1473=EDGE_CURVE('',#1852,#1826,#2092,.T.);
#1474=EDGE_CURVE('',#1853,#1827,#2093,.T.);
#1475=EDGE_CURVE('',#1854,#1854,#342,.T.);
#1476=EDGE_CURVE('',#1854,#1846,#2094,.T.);
#1477=EDGE_CURVE('',#1855,#1856,#2095,.T.);
#1478=EDGE_CURVE('',#1857,#1856,#2096,.T.);
#1479=EDGE_CURVE('',#1857,#1858,#2097,.T.);
#1480=EDGE_CURVE('',#1858,#1855,#2098,.T.);
#1481=EDGE_CURVE('',#1859,#1860,#2099,.T.);
#1482=EDGE_CURVE('',#1860,#1855,#2100,.T.);
#1483=EDGE_CURVE('',#1848,#1858,#2101,.T.);
#1484=EDGE_CURVE('',#1835,#1853,#2102,.T.);
#1485=EDGE_CURVE('',#1829,#1859,#2103,.T.);
#1486=EDGE_CURVE('',#1861,#1861,#343,.T.);
#1487=EDGE_CURVE('',#1861,#1836,#2104,.T.);
#1488=EDGE_CURVE('',#1828,#1862,#2105,.T.);
#1489=EDGE_CURVE('',#1862,#1859,#2106,.T.);
#1490=EDGE_CURVE('',#1860,#1863,#2107,.T.);
#1491=EDGE_CURVE('',#1863,#1856,#2108,.T.);
#1492=EDGE_CURVE('',#1864,#1864,#344,.T.);
#1493=EDGE_CURVE('',#1864,#1840,#2109,.T.);
#1494=EDGE_CURVE('',#1865,#1865,#345,.T.);
#1495=EDGE_CURVE('',#1865,#1845,#2110,.T.);
#1496=EDGE_CURVE('',#1866,#1866,#346,.T.);
#1497=EDGE_CURVE('',#1867,#1867,#347,.T.);
#1498=EDGE_CURVE('',#1868,#1868,#348,.T.);
#1499=EDGE_CURVE('',#1869,#1869,#349,.T.);
#1500=EDGE_CURVE('',#1870,#1870,#350,.T.);
#1501=EDGE_CURVE('',#1871,#1871,#351,.T.);
#1502=EDGE_CURVE('',#1872,#1872,#352,.T.);
#1503=EDGE_CURVE('',#1862,#1863,#2111,.T.);
#1504=EDGE_CURVE('',#1870,#1841,#2112,.T.);
#1505=EDGE_CURVE('',#1872,#1837,#2113,.T.);
#1506=EDGE_CURVE('',#1871,#1839,#2114,.T.);
#1507=EDGE_CURVE('',#1868,#1843,#2115,.T.);
#1508=EDGE_CURVE('',#1867,#1844,#2116,.T.);
#1509=EDGE_CURVE('',#1847,#1857,#2117,.T.);
#1510=EDGE_CURVE('',#1866,#1873,#2118,.T.);
#1511=EDGE_CURVE('',#1873,#1873,#353,.T.);
#1512=EDGE_CURVE('',#1834,#1852,#2119,.T.);
#1513=EDGE_CURVE('',#1869,#1842,#2120,.T.);
#1514=EDGE_CURVE('',#1874,#1875,#19,.T.);
#1515=EDGE_CURVE('',#1875,#1874,#20,.T.);
#1516=EDGE_CURVE('',#1875,#1876,#2121,.T.);
#1517=EDGE_CURVE('',#1876,#1876,#354,.T.);
#1518=EDGE_CURVE('',#1876,#1877,#2122,.T.);
#1519=EDGE_CURVE('',#1877,#1877,#355,.T.);
#1520=EDGE_CURVE('',#1878,#1879,#356,.T.);
#1521=EDGE_CURVE('',#1879,#1878,#357,.T.);
#1522=EDGE_CURVE('',#1879,#1880,#2123,.T.);
#1523=EDGE_CURVE('',#1880,#1880,#358,.T.);
#1524=EDGE_CURVE('',#1877,#1878,#2124,.T.);
#1525=EDGE_CURVE('',#1881,#1882,#359,.T.);
#1526=EDGE_CURVE('',#1881,#1883,#2125,.T.);
#1527=EDGE_CURVE('',#1883,#1883,#360,.T.);
#1528=EDGE_CURVE('',#1882,#1881,#361,.T.);
#1529=EDGE_CURVE('',#1884,#1884,#362,.T.);
#1530=EDGE_CURVE('',#1884,#1882,#2126,.T.);
#1531=EDGE_CURVE('',#1885,#1885,#363,.T.);
#1532=EDGE_CURVE('',#1885,#1886,#2127,.T.);
#1533=EDGE_CURVE('',#1886,#1886,#364,.T.);
#1534=EDGE_CURVE('',#1887,#1887,#365,.T.);
#1535=EDGE_CURVE('',#1888,#1888,#366,.T.);
#1536=EDGE_CURVE('',#1889,#1890,#2128,.T.);
#1537=EDGE_CURVE('',#1891,#1889,#2129,.T.);
#1538=EDGE_CURVE('',#1891,#1892,#2130,.T.);
#1539=EDGE_CURVE('',#1892,#1890,#2131,.T.);
#1540=EDGE_CURVE('',#1893,#1893,#367,.T.);
#1541=EDGE_CURVE('',#1893,#1894,#2132,.T.);
#1542=EDGE_CURVE('',#1894,#1894,#368,.T.);
#1543=EDGE_CURVE('',#1887,#1895,#2133,.T.);
#1544=EDGE_CURVE('',#1895,#1895,#369,.T.);
#1545=EDGE_CURVE('',#1890,#1896,#2134,.T.);
#1546=EDGE_CURVE('',#1897,#1896,#2135,.T.);
#1547=EDGE_CURVE('',#1889,#1897,#2136,.T.);
#1548=EDGE_CURVE('',#1888,#1898,#2137,.T.);
#1549=EDGE_CURVE('',#1898,#1898,#370,.T.);
#1550=EDGE_CURVE('',#1891,#1899,#2138,.T.);
#1551=EDGE_CURVE('',#1900,#1899,#2139,.T.);
#1552=EDGE_CURVE('',#1892,#1900,#2140,.T.);
#1553=EDGE_CURVE('',#1901,#1901,#371,.T.);
#1554=EDGE_CURVE('',#1902,#1902,#372,.T.);
#1555=EDGE_CURVE('',#1900,#1896,#2141,.T.);
#1556=EDGE_CURVE('',#1899,#1897,#2142,.T.);
#1557=EDGE_CURVE('',#1903,#1903,#373,.T.);
#1558=EDGE_CURVE('',#1903,#1884,#2143,.T.);
#1559=EDGE_CURVE('',#1904,#1905,#21,.T.);
#1560=EDGE_CURVE('',#1905,#1904,#22,.T.);
#1561=EDGE_CURVE('',#1905,#1903,#2144,.T.);
#1562=EDGE_CURVE('',#1901,#1906,#2145,.T.);
#1563=EDGE_CURVE('',#1906,#1906,#374,.T.);
#1564=EDGE_CURVE('',#1907,#1907,#375,.T.);
#1565=EDGE_CURVE('',#1907,#1908,#2146,.T.);
#1566=EDGE_CURVE('',#1908,#1908,#376,.T.);
#1567=EDGE_CURVE('',#1902,#1909,#2147,.T.);
#1568=EDGE_CURVE('',#1909,#1909,#377,.T.);
#1569=EDGE_CURVE('',#1910,#1910,#378,.T.);
#1570=EDGE_CURVE('',#1910,#1911,#2148,.T.);
#1571=EDGE_CURVE('',#1911,#1911,#379,.T.);
#1572=EDGE_CURVE('',#1912,#1912,#380,.T.);
#1573=EDGE_CURVE('',#1913,#1913,#381,.T.);
#1574=EDGE_CURVE('',#1914,#1914,#382,.T.);
#1575=EDGE_CURVE('',#1915,#1915,#383,.T.);
#1576=EDGE_CURVE('',#1916,#1917,#2149,.T.);
#1577=EDGE_CURVE('',#1917,#1918,#2150,.T.);
#1578=EDGE_CURVE('',#1918,#1919,#2151,.T.);
#1579=EDGE_CURVE('',#1919,#1916,#2152,.T.);
#1580=EDGE_CURVE('',#1920,#1920,#384,.T.);
#1581=EDGE_CURVE('',#1921,#1921,#385,.T.);
#1582=EDGE_CURVE('',#1921,#1922,#2153,.T.);
#1583=EDGE_CURVE('',#1922,#1922,#386,.T.);
#1584=EDGE_CURVE('',#1923,#1923,#387,.T.);
#1585=EDGE_CURVE('',#1924,#1924,#388,.T.);
#1586=EDGE_CURVE('',#1925,#1925,#389,.T.);
#1587=EDGE_CURVE('',#1926,#1927,#2154,.T.);
#1588=EDGE_CURVE('',#1928,#1926,#2155,.T.);
#1589=EDGE_CURVE('',#1929,#1928,#2156,.T.);
#1590=EDGE_CURVE('',#1927,#1929,#2157,.T.);
#1591=EDGE_CURVE('',#1930,#1931,#2158,.T.);
#1592=EDGE_CURVE('',#1932,#1930,#2159,.T.);
#1593=EDGE_CURVE('',#1933,#1932,#2160,.T.);
#1594=EDGE_CURVE('',#1931,#1933,#2161,.T.);
#1595=EDGE_CURVE('',#1929,#1932,#2162,.T.);
#1596=EDGE_CURVE('',#1917,#1930,#2163,.T.);
#1597=EDGE_CURVE('',#1916,#1927,#2164,.T.);
#1598=EDGE_CURVE('',#1928,#1933,#2165,.T.);
#1599=EDGE_CURVE('',#1914,#1934,#2166,.T.);
#1600=EDGE_CURVE('',#1934,#1934,#390,.T.);
#1601=EDGE_CURVE('',#1935,#1935,#391,.T.);
#1602=EDGE_CURVE('',#1936,#1936,#392,.T.);
#1603=EDGE_CURVE('',#1936,#1924,#2167,.T.);
#1604=EDGE_CURVE('',#1912,#1937,#2168,.T.);
#1605=EDGE_CURVE('',#1937,#1937,#393,.T.);
#1606=EDGE_CURVE('',#1938,#1938,#394,.T.);
#1607=EDGE_CURVE('',#1938,#1925,#2169,.T.);
#1608=EDGE_CURVE('',#1913,#1920,#2170,.T.);
#1609=EDGE_CURVE('',#1939,#1939,#395,.T.);
#1610=EDGE_CURVE('',#1939,#1923,#2171,.T.);
#1611=EDGE_CURVE('',#1915,#1935,#2172,.T.);
#1612=EDGE_CURVE('',#1918,#1931,#2173,.T.);
#1613=EDGE_CURVE('',#1919,#1926,#2174,.T.);
#1614=EDGE_CURVE('',#1940,#1940,#396,.T.);
#1615=EDGE_CURVE('',#1941,#1942,#397,.T.);
#1616=EDGE_CURVE('',#1942,#1941,#398,.T.);
#1617=EDGE_CURVE('',#1941,#1940,#2175,.T.);
#1618=EDGE_CURVE('',#1942,#1943,#2176,.T.);
#1619=EDGE_CURVE('',#1943,#1943,#399,.T.);
#1620=EDGE_CURVE('',#1943,#1944,#2177,.T.);
#1621=EDGE_CURVE('',#1944,#1944,#400,.T.);
#1622=EDGE_CURVE('',#1945,#1946,#2178,.T.);
#1623=EDGE_CURVE('',#1946,#1947,#23,.T.);
#1624=EDGE_CURVE('',#1948,#1947,#2179,.T.);
#1625=EDGE_CURVE('',#1948,#1945,#2180,.T.);
#1626=EDGE_CURVE('',#1949,#1950,#2181,.T.);
#1627=EDGE_CURVE('',#1950,#1946,#24,.T.);
#1628=EDGE_CURVE('',#1945,#1949,#2182,.T.);
#1629=EDGE_CURVE('',#1951,#1952,#2183,.T.);
#1630=EDGE_CURVE('',#1952,#1953,#25,.T.);
#1631=EDGE_CURVE('',#1954,#1953,#2184,.T.);
#1632=EDGE_CURVE('',#1954,#1951,#2185,.T.);
#1633=EDGE_CURVE('',#1953,#1955,#26,.T.);
#1634=EDGE_CURVE('',#1956,#1955,#2186,.T.);
#1635=EDGE_CURVE('',#1956,#1954,#2187,.T.);
#1636=EDGE_CURVE('',#1955,#1950,#27,.T.);
#1637=EDGE_CURVE('',#1949,#1956,#2188,.T.);
#1638=EDGE_CURVE('',#1951,#1948,#2189,.T.);
#1639=EDGE_CURVE('',#1947,#1952,#28,.T.);
#1640=EDGE_CURVE('',#1952,#1947,#401,.T.);
#1641=EDGE_CURVE('',#1953,#1952,#402,.T.);
#1642=EDGE_CURVE('',#1955,#1953,#403,.T.);
#1643=EDGE_CURVE('',#1950,#1955,#404,.T.);
#1644=EDGE_CURVE('',#1946,#1950,#405,.T.);
#1645=EDGE_CURVE('',#1957,#1957,#406,.T.);
#1646=EDGE_CURVE('',#1957,#1958,#2190,.T.);
#1647=EDGE_CURVE('',#1958,#1959,#407,.T.);
#1648=EDGE_CURVE('',#1959,#1958,#408,.T.);
#1649=EDGE_CURVE('',#1947,#1946,#409,.T.);
#1650=EDGE_CURVE('',#1960,#1960,#410,.T.);
#1651=EDGE_CURVE('',#1959,#1960,#411,.T.);
#1652=EDGE_CURVE('',#1961,#1961,#412,.T.);
#1653=EDGE_CURVE('',#1962,#1962,#413,.T.);
#1654=EDGE_CURVE('',#1963,#1963,#414,.T.);
#1655=EDGE_CURVE('',#1964,#1964,#415,.T.);
#1656=EDGE_CURVE('',#1961,#1963,#2191,.T.);
#1657=EDGE_CURVE('',#1964,#1962,#2192,.T.);
#1658=EDGE_CURVE('',#1965,#1965,#416,.T.);
#1659=EDGE_CURVE('',#1965,#1966,#2193,.T.);
#1660=EDGE_CURVE('',#1966,#1966,#417,.T.);
#1661=EDGE_CURVE('',#1967,#1967,#418,.T.);
#1662=EDGE_CURVE('',#1967,#1968,#2194,.T.);
#1663=EDGE_CURVE('',#1968,#1968,#419,.T.);
#1664=EDGE_CURVE('',#1969,#1969,#420,.T.);
#1665=EDGE_CURVE('',#1969,#1970,#2195,.T.);
#1666=EDGE_CURVE('',#1970,#1970,#421,.T.);
#1667=EDGE_CURVE('',#1971,#1971,#422,.T.);
#1668=EDGE_CURVE('',#1971,#1972,#2196,.T.);
#1669=EDGE_CURVE('',#1972,#1972,#423,.T.);
#1670=EDGE_CURVE('',#1973,#1973,#424,.T.);
#1671=EDGE_CURVE('',#1973,#1974,#2197,.T.);
#1672=EDGE_CURVE('',#1974,#1974,#425,.T.);
#1673=EDGE_CURVE('',#1975,#1975,#426,.T.);
#1674=EDGE_CURVE('',#1975,#1976,#2198,.T.);
#1675=EDGE_CURVE('',#1976,#1976,#427,.T.);
#1676=EDGE_CURVE('',#1977,#1977,#428,.T.);
#1677=EDGE_CURVE('',#1977,#1978,#2199,.T.);
#1678=EDGE_CURVE('',#1978,#1978,#429,.T.);
#1679=EDGE_CURVE('',#1979,#1979,#430,.T.);
#1680=EDGE_CURVE('',#1979,#1980,#2200,.T.);
#1681=EDGE_CURVE('',#1980,#1980,#431,.T.);
#1682=EDGE_CURVE('',#1981,#1981,#432,.T.);
#1683=EDGE_CURVE('',#1981,#1982,#2201,.T.);
#1684=EDGE_CURVE('',#1982,#1982,#433,.T.);
#1685=EDGE_CURVE('',#1983,#1983,#434,.T.);
#1686=EDGE_CURVE('',#1983,#1984,#2202,.T.);
#1687=EDGE_CURVE('',#1984,#1984,#435,.T.);
#1688=EDGE_CURVE('',#1985,#1985,#436,.T.);
#1689=EDGE_CURVE('',#1985,#1986,#2203,.T.);
#1690=EDGE_CURVE('',#1986,#1986,#437,.T.);
#1691=EDGE_CURVE('',#1987,#1987,#438,.T.);
#1692=EDGE_CURVE('',#1988,#1988,#439,.T.);
#1693=EDGE_CURVE('',#1989,#1989,#440,.T.);
#1694=EDGE_CURVE('',#1990,#1990,#441,.T.);
#1695=EDGE_CURVE('',#1991,#1991,#442,.T.);
#1696=EDGE_CURVE('',#1992,#1992,#443,.T.);
#1697=EDGE_CURVE('',#1993,#1993,#444,.T.);
#1698=EDGE_CURVE('',#1994,#1994,#445,.T.);
#1699=EDGE_CURVE('',#1995,#1995,#446,.T.);
#1700=EDGE_CURVE('',#1996,#1996,#447,.T.);
#1701=EDGE_CURVE('',#1997,#1997,#448,.T.);
#1702=EDGE_CURVE('',#1998,#1998,#449,.T.);
#1703=EDGE_CURVE('',#1999,#2000,#2204,.T.);
#1704=EDGE_CURVE('',#1999,#2001,#2205,.T.);
#1705=EDGE_CURVE('',#2001,#2002,#2206,.T.);
#1706=EDGE_CURVE('',#2002,#2000,#2207,.T.);
#1707=EDGE_CURVE('',#2002,#2003,#2208,.T.);
#1708=EDGE_CURVE('',#2003,#2004,#2209,.T.);
#1709=EDGE_CURVE('',#2004,#2000,#2210,.T.);
#1710=EDGE_CURVE('',#1987,#2005,#2211,.T.);
#1711=EDGE_CURVE('',#2005,#2005,#450,.T.);
#1712=EDGE_CURVE('',#2001,#2006,#2212,.T.);
#1713=EDGE_CURVE('',#2006,#2003,#2213,.T.);
#1714=EDGE_CURVE('',#2007,#1999,#2214,.T.);
#1715=EDGE_CURVE('',#2006,#2007,#2215,.T.);
#1716=EDGE_CURVE('',#2007,#2004,#2216,.T.);
#1717=EDGE_CURVE('',#1988,#2008,#2217,.T.);
#1718=EDGE_CURVE('',#2008,#2008,#451,.T.);
#1719=EDGE_CURVE('',#1989,#2009,#2218,.T.);
#1720=EDGE_CURVE('',#2009,#2009,#452,.T.);
#1721=EDGE_CURVE('',#1990,#2010,#2219,.T.);
#1722=EDGE_CURVE('',#2010,#2010,#453,.T.);
#1723=EDGE_CURVE('',#1991,#2011,#2220,.T.);
#1724=EDGE_CURVE('',#2011,#2011,#454,.T.);
#1725=EDGE_CURVE('',#1992,#2012,#2221,.T.);
#1726=EDGE_CURVE('',#2012,#2012,#455,.T.);
#1727=EDGE_CURVE('',#1993,#2013,#2222,.T.);
#1728=EDGE_CURVE('',#2013,#2013,#456,.T.);
#1729=EDGE_CURVE('',#1994,#2014,#2223,.T.);
#1730=EDGE_CURVE('',#2014,#2014,#457,.T.);
#1731=EDGE_CURVE('',#1995,#2015,#2224,.T.);
#1732=EDGE_CURVE('',#2015,#2015,#458,.T.);
#1733=EDGE_CURVE('',#1996,#2016,#2225,.T.);
#1734=EDGE_CURVE('',#2016,#2016,#459,.T.);
#1735=EDGE_CURVE('',#1997,#2017,#2226,.T.);
#1736=EDGE_CURVE('',#2017,#2017,#460,.T.);
#1737=EDGE_CURVE('',#1998,#2018,#2227,.T.);
#1738=EDGE_CURVE('',#2018,#2018,#461,.T.);
#1739=EDGE_CURVE('',#2019,#2019,#462,.T.);
#1740=EDGE_CURVE('',#2020,#2020,#463,.T.);
#1741=EDGE_CURVE('',#2020,#2019,#2228,.T.);
#1742=VERTEX_POINT('',#4817);
#1743=VERTEX_POINT('',#4818);
#1744=VERTEX_POINT('',#4822);
#1745=VERTEX_POINT('',#4826);
#1746=VERTEX_POINT('',#4827);
#1747=VERTEX_POINT('',#4830);
#1748=VERTEX_POINT('',#4836);
#1749=VERTEX_POINT('',#4837);
#1750=VERTEX_POINT('',#4841);
#1751=VERTEX_POINT('',#4845);
#1752=VERTEX_POINT('',#4846);
#1753=VERTEX_POINT('',#4849);
#1754=VERTEX_POINT('',#4855);
#1755=VERTEX_POINT('',#4856);
#1756=VERTEX_POINT('',#4860);
#1757=VERTEX_POINT('',#4864);
#1758=VERTEX_POINT('',#4865);
#1759=VERTEX_POINT('',#4868);
#1760=VERTEX_POINT('',#4874);
#1761=VERTEX_POINT('',#4875);
#1762=VERTEX_POINT('',#4879);
#1763=VERTEX_POINT('',#4883);
#1764=VERTEX_POINT('',#4884);
#1765=VERTEX_POINT('',#4886);
#1766=VERTEX_POINT('',#4893);
#1767=VERTEX_POINT('',#4894);
#1768=VERTEX_POINT('',#4898);
#1769=VERTEX_POINT('',#4902);
#1770=VERTEX_POINT('',#4903);
#1771=VERTEX_POINT('',#4905);
#1772=VERTEX_POINT('',#4912);
#1773=VERTEX_POINT('',#4913);
#1774=VERTEX_POINT('',#4917);
#1775=VERTEX_POINT('',#4921);
#1776=VERTEX_POINT('',#4922);
#1777=VERTEX_POINT('',#4924);
#1778=VERTEX_POINT('',#4931);
#1779=VERTEX_POINT('',#4932);
#1780=VERTEX_POINT('',#4934);
#1781=VERTEX_POINT('',#4939);
#1782=VERTEX_POINT('',#4940);
#1783=VERTEX_POINT('',#4944);
#1784=VERTEX_POINT('',#4945);
#1785=VERTEX_POINT('',#4949);
#1786=VERTEX_POINT('',#4951);
#1787=VERTEX_POINT('',#4953);
#1788=VERTEX_POINT('',#4957);
#1789=VERTEX_POINT('',#4959);
#1790=VERTEX_POINT('',#4963);
#1791=VERTEX_POINT('',#4964);
#1792=VERTEX_POINT('',#4966);
#1793=VERTEX_POINT('',#4971);
#1794=VERTEX_POINT('',#4977);
#1795=VERTEX_POINT('',#4980);
#1796=VERTEX_POINT('',#4982);
#1797=VERTEX_POINT('',#4986);
#1798=VERTEX_POINT('',#4989);
#1799=VERTEX_POINT('',#4993);
#1800=VERTEX_POINT('',#4994);
#1801=VERTEX_POINT('',#4996);
#1802=VERTEX_POINT('',#5003);
#1803=VERTEX_POINT('',#5005);
#1804=VERTEX_POINT('',#5009);
#1805=VERTEX_POINT('',#5011);
#1806=VERTEX_POINT('',#5015);
#1807=VERTEX_POINT('',#5016);
#1808=VERTEX_POINT('',#5018);
#1809=VERTEX_POINT('',#5020);
#1810=VERTEX_POINT('',#5024);
#1811=VERTEX_POINT('',#5026);
#1812=VERTEX_POINT('',#5030);
#1813=VERTEX_POINT('',#5032);
#1814=VERTEX_POINT('',#5036);
#1815=VERTEX_POINT('',#5038);
#1816=VERTEX_POINT('',#5042);
#1817=VERTEX_POINT('',#5044);
#1818=VERTEX_POINT('',#5048);
#1819=VERTEX_POINT('',#5050);
#1820=VERTEX_POINT('',#5054);
#1821=VERTEX_POINT('',#5056);
#1822=VERTEX_POINT('',#5060);
#1823=VERTEX_POINT('',#5062);
#1824=VERTEX_POINT('',#5066);
#1825=VERTEX_POINT('',#5068);
#1826=VERTEX_POINT('',#5074);
#1827=VERTEX_POINT('',#5075);
#1828=VERTEX_POINT('',#5077);
#1829=VERTEX_POINT('',#5079);
#1830=VERTEX_POINT('',#5083);
#1831=VERTEX_POINT('',#5085);
#1832=VERTEX_POINT('',#5089);
#1833=VERTEX_POINT('',#5090);
#1834=VERTEX_POINT('',#5095);
#1835=VERTEX_POINT('',#5097);
#1836=VERTEX_POINT('',#5103);
#1837=VERTEX_POINT('',#5105);
#1838=VERTEX_POINT('',#5107);
#1839=VERTEX_POINT('',#5109);
#1840=VERTEX_POINT('',#5111);
#1841=VERTEX_POINT('',#5113);
#1842=VERTEX_POINT('',#5115);
#1843=VERTEX_POINT('',#5117);
#1844=VERTEX_POINT('',#5119);
#1845=VERTEX_POINT('',#5121);
#1846=VERTEX_POINT('',#5123);
#1847=VERTEX_POINT('',#5125);
#1848=VERTEX_POINT('',#5126);
#1849=VERTEX_POINT('',#5131);
#1850=VERTEX_POINT('',#5135);
#1851=VERTEX_POINT('',#5137);
#1852=VERTEX_POINT('',#5141);
#1853=VERTEX_POINT('',#5142);
#1854=VERTEX_POINT('',#5147);
#1855=VERTEX_POINT('',#5151);
#1856=VERTEX_POINT('',#5152);
#1857=VERTEX_POINT('',#5154);
#1858=VERTEX_POINT('',#5156);
#1859=VERTEX_POINT('',#5160);
#1860=VERTEX_POINT('',#5161);
#1861=VERTEX_POINT('',#5168);
#1862=VERTEX_POINT('',#5172);
#1863=VERTEX_POINT('',#5176);
#1864=VERTEX_POINT('',#5180);
#1865=VERTEX_POINT('',#5184);
#1866=VERTEX_POINT('',#5188);
#1867=VERTEX_POINT('',#5190);
#1868=VERTEX_POINT('',#5192);
#1869=VERTEX_POINT('',#5194);
#1870=VERTEX_POINT('',#5196);
#1871=VERTEX_POINT('',#5198);
#1872=VERTEX_POINT('',#5200);
#1873=VERTEX_POINT('',#5216);
#1874=VERTEX_POINT('',#5230);
#1875=VERTEX_POINT('',#5231);
#1876=VERTEX_POINT('',#5244);
#1877=VERTEX_POINT('',#5248);
#1878=VERTEX_POINT('',#5252);
#1879=VERTEX_POINT('',#5253);
#1880=VERTEX_POINT('',#5256);
#1881=VERTEX_POINT('',#5262);
#1882=VERTEX_POINT('',#5263);
#1883=VERTEX_POINT('',#5265);
#1884=VERTEX_POINT('',#5270);
#1885=VERTEX_POINT('',#5274);
#1886=VERTEX_POINT('',#5276);
#1887=VERTEX_POINT('',#5280);
#1888=VERTEX_POINT('',#5282);
#1889=VERTEX_POINT('',#5284);
#1890=VERTEX_POINT('',#5285);
#1891=VERTEX_POINT('',#5287);
#1892=VERTEX_POINT('',#5289);
#1893=VERTEX_POINT('',#5293);
#1894=VERTEX_POINT('',#5295);
#1895=VERTEX_POINT('',#5299);
#1896=VERTEX_POINT('',#5303);
#1897=VERTEX_POINT('',#5305);
#1898=VERTEX_POINT('',#5309);
#1899=VERTEX_POINT('',#5313);
#1900=VERTEX_POINT('',#5315);
#1901=VERTEX_POINT('',#5319);
#1902=VERTEX_POINT('',#5321);
#1903=VERTEX_POINT('',#5329);
#1904=VERTEX_POINT('',#5337);
#1905=VERTEX_POINT('',#5338);
#1906=VERTEX_POINT('',#5353);
#1907=VERTEX_POINT('',#5357);
#1908=VERTEX_POINT('',#5360);
#1909=VERTEX_POINT('',#5364);
#1910=VERTEX_POINT('',#5368);
#1911=VERTEX_POINT('',#5371);
#1912=VERTEX_POINT('',#5377);
#1913=VERTEX_POINT('',#5379);
#1914=VERTEX_POINT('',#5381);
#1915=VERTEX_POINT('',#5383);
#1916=VERTEX_POINT('',#5385);
#1917=VERTEX_POINT('',#5386);
#1918=VERTEX_POINT('',#5388);
#1919=VERTEX_POINT('',#5390);
#1920=VERTEX_POINT('',#5394);
#1921=VERTEX_POINT('',#5396);
#1922=VERTEX_POINT('',#5399);
#1923=VERTEX_POINT('',#5403);
#1924=VERTEX_POINT('',#5405);
#1925=VERTEX_POINT('',#5407);
#1926=VERTEX_POINT('',#5409);
#1927=VERTEX_POINT('',#5410);
#1928=VERTEX_POINT('',#5412);
#1929=VERTEX_POINT('',#5414);
#1930=VERTEX_POINT('',#5418);
#1931=VERTEX_POINT('',#5419);
#1932=VERTEX_POINT('',#5421);
#1933=VERTEX_POINT('',#5423);
#1934=VERTEX_POINT('',#5433);
#1935=VERTEX_POINT('',#5437);
#1936=VERTEX_POINT('',#5439);
#1937=VERTEX_POINT('',#5444);
#1938=VERTEX_POINT('',#5448);
#1939=VERTEX_POINT('',#5455);
#1940=VERTEX_POINT('',#5468);
#1941=VERTEX_POINT('',#5471);
#1942=VERTEX_POINT('',#5472);
#1943=VERTEX_POINT('',#5477);
#1944=VERTEX_POINT('',#5481);
#1945=VERTEX_POINT('',#5485);
#1946=VERTEX_POINT('',#5486);
#1947=VERTEX_POINT('',#5551);
#1948=VERTEX_POINT('',#5553);
#1949=VERTEX_POINT('',#5557);
#1950=VERTEX_POINT('',#5558);
#1951=VERTEX_POINT('',#5626);
#1952=VERTEX_POINT('',#5627);
#1953=VERTEX_POINT('',#5692);
#1954=VERTEX_POINT('',#5694);
#1955=VERTEX_POINT('',#5761);
#1956=VERTEX_POINT('',#5763);
#1957=VERTEX_POINT('',#5910);
#1958=VERTEX_POINT('',#5912);
#1959=VERTEX_POINT('',#5914);
#1960=VERTEX_POINT('',#5921);
#1961=VERTEX_POINT('',#5929);
#1962=VERTEX_POINT('',#5931);
#1963=VERTEX_POINT('',#5934);
#1964=VERTEX_POINT('',#5936);
#1965=VERTEX_POINT('',#5949);
#1966=VERTEX_POINT('',#5951);
#1967=VERTEX_POINT('',#5955);
#1968=VERTEX_POINT('',#5957);
#1969=VERTEX_POINT('',#5961);
#1970=VERTEX_POINT('',#5963);
#1971=VERTEX_POINT('',#5967);
#1972=VERTEX_POINT('',#5969);
#1973=VERTEX_POINT('',#5973);
#1974=VERTEX_POINT('',#5975);
#1975=VERTEX_POINT('',#5979);
#1976=VERTEX_POINT('',#5981);
#1977=VERTEX_POINT('',#5985);
#1978=VERTEX_POINT('',#5987);
#1979=VERTEX_POINT('',#5991);
#1980=VERTEX_POINT('',#5993);
#1981=VERTEX_POINT('',#5997);
#1982=VERTEX_POINT('',#5999);
#1983=VERTEX_POINT('',#6003);
#1984=VERTEX_POINT('',#6005);
#1985=VERTEX_POINT('',#6009);
#1986=VERTEX_POINT('',#6011);
#1987=VERTEX_POINT('',#6015);
#1988=VERTEX_POINT('',#6018);
#1989=VERTEX_POINT('',#6021);
#1990=VERTEX_POINT('',#6024);
#1991=VERTEX_POINT('',#6027);
#1992=VERTEX_POINT('',#6030);
#1993=VERTEX_POINT('',#6033);
#1994=VERTEX_POINT('',#6036);
#1995=VERTEX_POINT('',#6039);
#1996=VERTEX_POINT('',#6042);
#1997=VERTEX_POINT('',#6045);
#1998=VERTEX_POINT('',#6048);
#1999=VERTEX_POINT('',#6050);
#2000=VERTEX_POINT('',#6051);
#2001=VERTEX_POINT('',#6053);
#2002=VERTEX_POINT('',#6055);
#2003=VERTEX_POINT('',#6059);
#2004=VERTEX_POINT('',#6061);
#2005=VERTEX_POINT('',#6065);
#2006=VERTEX_POINT('',#6069);
#2007=VERTEX_POINT('',#6073);
#2008=VERTEX_POINT('',#6079);
#2009=VERTEX_POINT('',#6083);
#2010=VERTEX_POINT('',#6087);
#2011=VERTEX_POINT('',#6091);
#2012=VERTEX_POINT('',#6095);
#2013=VERTEX_POINT('',#6099);
#2014=VERTEX_POINT('',#6103);
#2015=VERTEX_POINT('',#6107);
#2016=VERTEX_POINT('',#6111);
#2017=VERTEX_POINT('',#6115);
#2018=VERTEX_POINT('',#6119);
#2019=VERTEX_POINT('',#6123);
#2020=VERTEX_POINT('',#6126);
#2021=LINE('',#4816,#2229);
#2022=LINE('',#4821,#2230);
#2023=LINE('',#4829,#2231);
#2024=LINE('',#4833,#2232);
#2025=LINE('',#4835,#2233);
#2026=LINE('',#4840,#2234);
#2027=LINE('',#4848,#2235);
#2028=LINE('',#4852,#2236);
#2029=LINE('',#4854,#2237);
#2030=LINE('',#4859,#2238);
#2031=LINE('',#4867,#2239);
#2032=LINE('',#4871,#2240);
#2033=LINE('',#4873,#2241);
#2034=LINE('',#4878,#2242);
#2035=LINE('',#4885,#2243);
#2036=LINE('',#4890,#2244);
#2037=LINE('',#4892,#2245);
#2038=LINE('',#4897,#2246);
#2039=LINE('',#4904,#2247);
#2040=LINE('',#4909,#2248);
#2041=LINE('',#4911,#2249);
#2042=LINE('',#4916,#2250);
#2043=LINE('',#4923,#2251);
#2044=LINE('',#4928,#2252);
#2045=LINE('',#4933,#2253);
#2046=LINE('',#4938,#2254);
#2047=LINE('',#4943,#2255);
#2048=LINE('',#4950,#2256);
#2049=LINE('',#4958,#2257);
#2050=LINE('',#4965,#2258);
#2051=LINE('',#4970,#2259);
#2052=LINE('',#4974,#2260);
#2053=LINE('',#4976,#2261);
#2054=LINE('',#4981,#2262);
#2055=LINE('',#4985,#2263);
#2056=LINE('',#4990,#2264);
#2057=LINE('',#4995,#2265);
#2058=LINE('',#5000,#2266);
#2059=LINE('',#5004,#2267);
#2060=LINE('',#5010,#2268);
#2061=LINE('',#5014,#2269);
#2062=LINE('',#5017,#2270);
#2063=LINE('',#5019,#2271);
#2064=LINE('',#5021,#2272);
#2065=LINE('',#5025,#2273);
#2066=LINE('',#5031,#2274);
#2067=LINE('',#5037,#2275);
#2068=LINE('',#5043,#2276);
#2069=LINE('',#5049,#2277);
#2070=LINE('',#5055,#2278);
#2071=LINE('',#5061,#2279);
#2072=LINE('',#5067,#2280);
#2073=LINE('',#5071,#2281);
#2074=LINE('',#5073,#2282);
#2075=LINE('',#5076,#2283);
#2076=LINE('',#5078,#2284);
#2077=LINE('',#5080,#2285);
#2078=LINE('',#5084,#2286);
#2079=LINE('',#5088,#2287);
#2080=LINE('',#5091,#2288);
#2081=LINE('',#5092,#2289);
#2082=LINE('',#5094,#2290);
#2083=LINE('',#5096,#2291);
#2084=LINE('',#5098,#2292);
#2085=LINE('',#5100,#2293);
#2086=LINE('',#5124,#2294);
#2087=LINE('',#5127,#2295);
#2088=LINE('',#5128,#2296);
#2089=LINE('',#5132,#2297);
#2090=LINE('',#5136,#2298);
#2091=LINE('',#5140,#2299);
#2092=LINE('',#5143,#2300);
#2093=LINE('',#5144,#2301);
#2094=LINE('',#5148,#2302);
#2095=LINE('',#5150,#2303);
#2096=LINE('',#5153,#2304);
#2097=LINE('',#5155,#2305);
#2098=LINE('',#5157,#2306);
#2099=LINE('',#5159,#2307);
#2100=LINE('',#5162,#2308);
#2101=LINE('',#5163,#2309);
#2102=LINE('',#5164,#2310);
#2103=LINE('',#5165,#2311);
#2104=LINE('',#5169,#2312);
#2105=LINE('',#5171,#2313);
#2106=LINE('',#5173,#2314);
#2107=LINE('',#5175,#2315);
#2108=LINE('',#5177,#2316);
#2109=LINE('',#5181,#2317);
#2110=LINE('',#5185,#2318);
#2111=LINE('',#5201,#2319);
#2112=LINE('',#5203,#2320);
#2113=LINE('',#5205,#2321);
#2114=LINE('',#5207,#2322);
#2115=LINE('',#5209,#2323);
#2116=LINE('',#5211,#2324);
#2117=LINE('',#5213,#2325);
#2118=LINE('',#5215,#2326);
#2119=LINE('',#5219,#2327);
#2120=LINE('',#5222,#2328);
#2121=LINE('',#5243,#2329);
#2122=LINE('',#5247,#2330);
#2123=LINE('',#5255,#2331);
#2124=LINE('',#5259,#2332);
#2125=LINE('',#5264,#2333);
#2126=LINE('',#5271,#2334);
#2127=LINE('',#5275,#2335);
#2128=LINE('',#5283,#2336);
#2129=LINE('',#5286,#2337);
#2130=LINE('',#5288,#2338);
#2131=LINE('',#5290,#2339);
#2132=LINE('',#5294,#2340);
#2133=LINE('',#5298,#2341);
#2134=LINE('',#5302,#2342);
#2135=LINE('',#5304,#2343);
#2136=LINE('',#5306,#2344);
#2137=LINE('',#5308,#2345);
#2138=LINE('',#5312,#2346);
#2139=LINE('',#5314,#2347);
#2140=LINE('',#5316,#2348);
#2141=LINE('',#5322,#2349);
#2142=LINE('',#5326,#2350);
#2143=LINE('',#5330,#2351);
#2144=LINE('',#5350,#2352);
#2145=LINE('',#5352,#2353);
#2146=LINE('',#5359,#2354);
#2147=LINE('',#5363,#2355);
#2148=LINE('',#5370,#2356);
#2149=LINE('',#5384,#2357);
#2150=LINE('',#5387,#2358);
#2151=LINE('',#5389,#2359);
#2152=LINE('',#5391,#2360);
#2153=LINE('',#5398,#2361);
#2154=LINE('',#5408,#2362);
#2155=LINE('',#5411,#2363);
#2156=LINE('',#5413,#2364);
#2157=LINE('',#5415,#2365);
#2158=LINE('',#5417,#2366);
#2159=LINE('',#5420,#2367);
#2160=LINE('',#5422,#2368);
#2161=LINE('',#5424,#2369);
#2162=LINE('',#5426,#2370);
#2163=LINE('',#5427,#2371);
#2164=LINE('',#5428,#2372);
#2165=LINE('',#5430,#2373);
#2166=LINE('',#5432,#2374);
#2167=LINE('',#5441,#2375);
#2168=LINE('',#5443,#2376);
#2169=LINE('',#5450,#2377);
#2170=LINE('',#5452,#2378);
#2171=LINE('',#5457,#2379);
#2172=LINE('',#5459,#2380);
#2173=LINE('',#5461,#2381);
#2174=LINE('',#5462,#2382);
#2175=LINE('',#5474,#2383);
#2176=LINE('',#5476,#2384);
#2177=LINE('',#5480,#2385);
#2178=LINE('',#5484,#2386);
#2179=LINE('',#5552,#2387);
#2180=LINE('',#5554,#2388);
#2181=LINE('',#5556,#2389);
#2182=LINE('',#5623,#2390);
#2183=LINE('',#5625,#2391);
#2184=LINE('',#5693,#2392);
#2185=LINE('',#5695,#2393);
#2186=LINE('',#5762,#2394);
#2187=LINE('',#5764,#2395);
#2188=LINE('',#5830,#2396);
#2189=LINE('',#5832,#2397);
#2190=LINE('',#5911,#2398);
#2191=LINE('',#5938,#2399);
#2192=LINE('',#5940,#2400);
#2193=LINE('',#5950,#2401);
#2194=LINE('',#5956,#2402);
#2195=LINE('',#5962,#2403);
#2196=LINE('',#5968,#2404);
#2197=LINE('',#5974,#2405);
#2198=LINE('',#5980,#2406);
#2199=LINE('',#5986,#2407);
#2200=LINE('',#5992,#2408);
#2201=LINE('',#5998,#2409);
#2202=LINE('',#6004,#2410);
#2203=LINE('',#6010,#2411);
#2204=LINE('',#6049,#2412);
#2205=LINE('',#6052,#2413);
#2206=LINE('',#6054,#2414);
#2207=LINE('',#6056,#2415);
#2208=LINE('',#6058,#2416);
#2209=LINE('',#6060,#2417);
#2210=LINE('',#6062,#2418);
#2211=LINE('',#6064,#2419);
#2212=LINE('',#6068,#2420);
#2213=LINE('',#6070,#2421);
#2214=LINE('',#6072,#2422);
#2215=LINE('',#6074,#2423);
#2216=LINE('',#6076,#2424);
#2217=LINE('',#6078,#2425);
#2218=LINE('',#6082,#2426);
#2219=LINE('',#6086,#2427);
#2220=LINE('',#6090,#2428);
#2221=LINE('',#6094,#2429);
#2222=LINE('',#6098,#2430);
#2223=LINE('',#6102,#2431);
#2224=LINE('',#6106,#2432);
#2225=LINE('',#6110,#2433);
#2226=LINE('',#6114,#2434);
#2227=LINE('',#6118,#2435);
#2228=LINE('',#6128,#2436);
#2229=VECTOR('',#3782,1000.);
#2230=VECTOR('',#3787,1000.);
#2231=VECTOR('',#3796,1000.);
#2232=VECTOR('',#3801,1000.);
#2233=VECTOR('',#3804,1000.);
#2234=VECTOR('',#3809,1000.);
#2235=VECTOR('',#3818,1000.);
#2236=VECTOR('',#3823,1000.);
#2237=VECTOR('',#3826,1000.);
#2238=VECTOR('',#3831,1000.);
#2239=VECTOR('',#3840,1000.);
#2240=VECTOR('',#3845,1000.);
#2241=VECTOR('',#3848,1000.);
#2242=VECTOR('',#3853,1000.);
#2243=VECTOR('',#3860,1000.);
#2244=VECTOR('',#3867,1000.);
#2245=VECTOR('',#3870,1000.);
#2246=VECTOR('',#3875,1000.);
#2247=VECTOR('',#3882,1000.);
#2248=VECTOR('',#3889,1000.);
#2249=VECTOR('',#3892,1000.);
#2250=VECTOR('',#3897,1000.);
#2251=VECTOR('',#3904,1000.);
#2252=VECTOR('',#3911,1000.);
#2253=VECTOR('',#3916,1000.);
#2254=VECTOR('',#3923,1000.);
#2255=VECTOR('',#3928,1000.);
#2256=VECTOR('',#3935,1000.);
#2257=VECTOR('',#3944,1000.);
#2258=VECTOR('',#3951,1000.);
#2259=VECTOR('',#3958,1000.);
#2260=VECTOR('',#3963,1000.);
#2261=VECTOR('',#3966,1000.);
#2262=VECTOR('',#3971,1000.);
#2263=VECTOR('',#3976,1000.);
#2264=VECTOR('',#3981,1000.);
#2265=VECTOR('',#3986,1000.);
#2266=VECTOR('',#3993,1000.);
#2267=VECTOR('',#3998,1000.);
#2268=VECTOR('',#4005,1000.);
#2269=VECTOR('',#4010,1000.);
#2270=VECTOR('',#4011,1000.);
#2271=VECTOR('',#4012,1000.);
#2272=VECTOR('',#4013,1000.);
#2273=VECTOR('',#4018,1000.);
#2274=VECTOR('',#4025,1000.);
#2275=VECTOR('',#4032,1000.);
#2276=VECTOR('',#4039,1000.);
#2277=VECTOR('',#4046,1000.);
#2278=VECTOR('',#4053,1000.);
#2279=VECTOR('',#4060,1000.);
#2280=VECTOR('',#4067,1000.);
#2281=VECTOR('',#4072,1000.);
#2282=VECTOR('',#4075,1000.);
#2283=VECTOR('',#4076,1000.);
#2284=VECTOR('',#4077,1000.);
#2285=VECTOR('',#4078,1000.);
#2286=VECTOR('',#4083,1000.);
#2287=VECTOR('',#4088,1000.);
#2288=VECTOR('',#4089,1000.);
#2289=VECTOR('',#4090,1000.);
#2290=VECTOR('',#4093,1000.);
#2291=VECTOR('',#4094,1000.);
#2292=VECTOR('',#4095,1000.);
#2293=VECTOR('',#4098,1000.);
#2294=VECTOR('',#4123,1000.);
#2295=VECTOR('',#4124,1000.);
#2296=VECTOR('',#4125,1000.);
#2297=VECTOR('',#4130,1000.);
#2298=VECTOR('',#4135,1000.);
#2299=VECTOR('',#4140,1000.);
#2300=VECTOR('',#4141,1000.);
#2301=VECTOR('',#4142,1000.);
#2302=VECTOR('',#4147,1000.);
#2303=VECTOR('',#4150,1000.);
#2304=VECTOR('',#4151,1000.);
#2305=VECTOR('',#4152,1000.);
#2306=VECTOR('',#4153,1000.);
#2307=VECTOR('',#4156,1000.);
#2308=VECTOR('',#4157,1000.);
#2309=VECTOR('',#4158,1000.);
#2310=VECTOR('',#4159,1000.);
#2311=VECTOR('',#4160,1000.);
#2312=VECTOR('',#4165,1000.);
#2313=VECTOR('',#4168,1000.);
#2314=VECTOR('',#4169,1000.);
#2315=VECTOR('',#4172,1000.);
#2316=VECTOR('',#4173,1000.);
#2317=VECTOR('',#4178,1000.);
#2318=VECTOR('',#4183,1000.);
#2319=VECTOR('',#4200,1000.);
#2320=VECTOR('',#4203,1000.);
#2321=VECTOR('',#4206,1000.);
#2322=VECTOR('',#4209,1000.);
#2323=VECTOR('',#4212,1000.);
#2324=VECTOR('',#4215,1000.);
#2325=VECTOR('',#4218,1000.);
#2326=VECTOR('',#4221,1000.);
#2327=VECTOR('',#4226,1000.);
#2328=VECTOR('',#4231,1000.);
#2329=VECTOR('',#4236,1000.);
#2330=VECTOR('',#4241,1000.);
#2331=VECTOR('',#4250,1000.);
#2332=VECTOR('',#4255,1000.);
#2333=VECTOR('',#4260,1000.);
#2334=VECTOR('',#4269,1000.);
#2335=VECTOR('',#4274,1000.);
#2336=VECTOR('',#4283,1000.);
#2337=VECTOR('',#4284,1000.);
#2338=VECTOR('',#4285,1000.);
#2339=VECTOR('',#4286,1000.);
#2340=VECTOR('',#4291,1000.);
#2341=VECTOR('',#4296,1000.);
#2342=VECTOR('',#4301,1000.);
#2343=VECTOR('',#4302,1000.);
#2344=VECTOR('',#4303,1000.);
#2345=VECTOR('',#4306,1000.);
#2346=VECTOR('',#4311,1000.);
#2347=VECTOR('',#4312,1000.);
#2348=VECTOR('',#4313,1000.);
#2349=VECTOR('',#4320,1000.);
#2350=VECTOR('',#4327,1000.);
#2351=VECTOR('',#4332,1000.);
#2352=VECTOR('',#4335,1000.);
#2353=VECTOR('',#4338,1000.);
#2354=VECTOR('',#4347,1000.);
#2355=VECTOR('',#4352,1000.);
#2356=VECTOR('',#4361,1000.);
#2357=VECTOR('',#4378,1000.);
#2358=VECTOR('',#4379,1000.);
#2359=VECTOR('',#4380,1000.);
#2360=VECTOR('',#4381,1000.);
#2361=VECTOR('',#4390,1000.);
#2362=VECTOR('',#4401,1000.);
#2363=VECTOR('',#4402,1000.);
#2364=VECTOR('',#4403,1000.);
#2365=VECTOR('',#4404,1000.);
#2366=VECTOR('',#4407,1000.);
#2367=VECTOR('',#4408,1000.);
#2368=VECTOR('',#4409,1000.);
#2369=VECTOR('',#4410,1000.);
#2370=VECTOR('',#4413,1000.);
#2371=VECTOR('',#4414,1000.);
#2372=VECTOR('',#4415,1000.);
#2373=VECTOR('',#4418,1000.);
#2374=VECTOR('',#4421,1000.);
#2375=VECTOR('',#4432,1000.);
#2376=VECTOR('',#4435,1000.);
#2377=VECTOR('',#4444,1000.);
#2378=VECTOR('',#4447,1000.);
#2379=VECTOR('',#4454,1000.);
#2380=VECTOR('',#4457,1000.);
#2381=VECTOR('',#4460,1000.);
#2382=VECTOR('',#4461,1000.);
#2383=VECTOR('',#4478,1000.);
#2384=VECTOR('',#4481,1000.);
#2385=VECTOR('',#4486,1000.);
#2386=VECTOR('',#4491,1000.);
#2387=VECTOR('',#4492,1000.);
#2388=VECTOR('',#4493,1000.);
#2389=VECTOR('',#4496,1000.);
#2390=VECTOR('',#4497,1000.);
#2391=VECTOR('',#4500,1000.);
#2392=VECTOR('',#4501,1000.);
#2393=VECTOR('',#4502,1000.);
#2394=VECTOR('',#4505,1000.);
#2395=VECTOR('',#4506,1000.);
#2396=VECTOR('',#4509,1000.);
#2397=VECTOR('',#4512,1000.);
#2398=VECTOR('',#4539,1000.);
#2399=VECTOR('',#4578,1000.);
#2400=VECTOR('',#4581,1000.);
#2401=VECTOR('',#4598,1000.);
#2402=VECTOR('',#4605,1000.);
#2403=VECTOR('',#4612,1000.);
#2404=VECTOR('',#4619,1000.);
#2405=VECTOR('',#4626,1000.);
#2406=VECTOR('',#4633,1000.);
#2407=VECTOR('',#4640,1000.);
#2408=VECTOR('',#4647,1000.);
#2409=VECTOR('',#4654,1000.);
#2410=VECTOR('',#4661,1000.);
#2411=VECTOR('',#4668,1000.);
#2412=VECTOR('',#4719,1000.);
#2413=VECTOR('',#4720,1000.);
#2414=VECTOR('',#4721,1000.);
#2415=VECTOR('',#4722,1000.);
#2416=VECTOR('',#4725,1000.);
#2417=VECTOR('',#4726,1000.);
#2418=VECTOR('',#4727,1000.);
#2419=VECTOR('',#4730,1000.);
#2420=VECTOR('',#4735,1000.);
#2421=VECTOR('',#4736,1000.);
#2422=VECTOR('',#4739,1000.);
#2423=VECTOR('',#4740,1000.);
#2424=VECTOR('',#4743,1000.);
#2425=VECTOR('',#4746,1000.);
#2426=VECTOR('',#4751,1000.);
#2427=VECTOR('',#4756,1000.);
#2428=VECTOR('',#4761,1000.);
#2429=VECTOR('',#4766,1000.);
#2430=VECTOR('',#4771,1000.);
#2431=VECTOR('',#4776,1000.);
#2432=VECTOR('',#4781,1000.);
#2433=VECTOR('',#4786,1000.);
#2434=VECTOR('',#4791,1000.);
#2435=VECTOR('',#4796,1000.);
#2436=VECTOR('',#4809,1000.);
#2437=EDGE_LOOP('',(#464,#465,#466));
#2438=EDGE_LOOP('',(#467,#468,#469,#470));
#2439=EDGE_LOOP('',(#471,#472,#473,#474,#475));
#2440=EDGE_LOOP('',(#476,#477,#478,#479,#480));
#2441=EDGE_LOOP('',(#481,#482,#483));
#2442=EDGE_LOOP('',(#484,#485,#486,#487));
#2443=EDGE_LOOP('',(#488,#489,#490,#491,#492));
#2444=EDGE_LOOP('',(#493,#494,#495,#496,#497));
#2445=EDGE_LOOP('',(#498,#499,#500));
#2446=EDGE_LOOP('',(#501,#502,#503,#504));
#2447=EDGE_LOOP('',(#505,#506,#507,#508,#509));
#2448=EDGE_LOOP('',(#510,#511,#512,#513,#514));
#2449=EDGE_LOOP('',(#515,#516,#517));
#2450=EDGE_LOOP('',(#518,#519,#520,#521));
#2451=EDGE_LOOP('',(#522,#523,#524,#525,#526));
#2452=EDGE_LOOP('',(#527,#528,#529,#530,#531));
#2453=EDGE_LOOP('',(#532,#533,#534));
#2454=EDGE_LOOP('',(#535,#536,#537,#538));
#2455=EDGE_LOOP('',(#539,#540,#541,#542,#543));
#2456=EDGE_LOOP('',(#544,#545,#546,#547,#548));
#2457=EDGE_LOOP('',(#549,#550,#551));
#2458=EDGE_LOOP('',(#552,#553,#554,#555));
#2459=EDGE_LOOP('',(#556,#557,#558,#559,#560));
#2460=EDGE_LOOP('',(#561,#562,#563,#564,#565));
#2461=EDGE_LOOP('',(#566,#567,#568,#569,#570));
#2462=EDGE_LOOP('',(#571,#572,#573));
#2463=EDGE_LOOP('',(#574,#575,#576));
#2464=EDGE_LOOP('',(#577,#578,#579,#580,#581));
#2465=EDGE_LOOP('',(#582,#583,#584,#585));
#2466=EDGE_LOOP('',(#586,#587,#588,#589,#590));
#2467=EDGE_LOOP('',(#591,#592,#593,#594,#595));
#2468=EDGE_LOOP('',(#596,#597,#598,#599));
#2469=EDGE_LOOP('',(#600,#601,#602));
#2470=EDGE_LOOP('',(#603,#604,#605,#606));
#2471=EDGE_LOOP('',(#607,#608,#609));
#2472=EDGE_LOOP('',(#610,#611,#612,#613,#614));
#2473=EDGE_LOOP('',(#615,#616,#617,#618,#619));
#2474=EDGE_LOOP('',(#620,#621,#622,#623,#624));
#2475=EDGE_LOOP('',(#625,#626,#627,#628));
#2476=EDGE_LOOP('',(#629,#630,#631,#632));
#2477=EDGE_LOOP('',(#633,#634,#635,#636));
#2478=EDGE_LOOP('',(#637,#638,#639,#640));
#2479=EDGE_LOOP('',(#641,#642,#643,#644));
#2480=EDGE_LOOP('',(#645,#646,#647,#648));
#2481=EDGE_LOOP('',(#649,#650,#651,#652));
#2482=EDGE_LOOP('',(#653,#654,#655,#656));
#2483=EDGE_LOOP('',(#657,#658,#659,#660));
#2484=EDGE_LOOP('',(#661,#662,#663,#664));
#2485=EDGE_LOOP('',(#665,#666,#667,#668));
#2486=EDGE_LOOP('',(#669,#670,#671,#672));
#2487=EDGE_LOOP('',(#673,#674,#675,#676));
#2488=EDGE_LOOP('',(#677,#678,#679,#680));
#2489=EDGE_LOOP('',(#681,#682,#683,#684));
#2490=EDGE_LOOP('',(#685,#686,#687,#688));
#2491=EDGE_LOOP('',(#689,#690,#691,#692,#693));
#2492=EDGE_LOOP('',(#694));
#2493=EDGE_LOOP('',(#695));
#2494=EDGE_LOOP('',(#696));
#2495=EDGE_LOOP('',(#697));
#2496=EDGE_LOOP('',(#698));
#2497=EDGE_LOOP('',(#699));
#2498=EDGE_LOOP('',(#700));
#2499=EDGE_LOOP('',(#701));
#2500=EDGE_LOOP('',(#702));
#2501=EDGE_LOOP('',(#703));
#2502=EDGE_LOOP('',(#704));
#2503=EDGE_LOOP('',(#705));
#2504=EDGE_LOOP('',(#706,#707,#708,#709));
#2505=EDGE_LOOP('',(#710,#711,#712,#713));
#2506=EDGE_LOOP('',(#714,#715,#716,#717));
#2507=EDGE_LOOP('',(#718,#719,#720,#721));
#2508=EDGE_LOOP('',(#722,#723,#724,#725));
#2509=EDGE_LOOP('',(#726,#727,#728,#729));
#2510=EDGE_LOOP('',(#730));
#2511=EDGE_LOOP('',(#731));
#2512=EDGE_LOOP('',(#732,#733,#734,#735,#736,#737,#738,#739,#740,#741,#742,
#743));
#2513=EDGE_LOOP('',(#744,#745,#746,#747));
#2514=EDGE_LOOP('',(#748));
#2515=EDGE_LOOP('',(#749));
#2516=EDGE_LOOP('',(#750));
#2517=EDGE_LOOP('',(#751,#752,#753,#754));
#2518=EDGE_LOOP('',(#755));
#2519=EDGE_LOOP('',(#756));
#2520=EDGE_LOOP('',(#757));
#2521=EDGE_LOOP('',(#758,#759,#760,#761));
#2522=EDGE_LOOP('',(#762,#763,#764,#765));
#2523=EDGE_LOOP('',(#766,#767,#768,#769));
#2524=EDGE_LOOP('',(#770));
#2525=EDGE_LOOP('',(#771));
#2526=EDGE_LOOP('',(#772));
#2527=EDGE_LOOP('',(#773));
#2528=EDGE_LOOP('',(#774));
#2529=EDGE_LOOP('',(#775));
#2530=EDGE_LOOP('',(#776));
#2531=EDGE_LOOP('',(#777));
#2532=EDGE_LOOP('',(#778));
#2533=EDGE_LOOP('',(#779));
#2534=EDGE_LOOP('',(#780));
#2535=EDGE_LOOP('',(#781));
#2536=EDGE_LOOP('',(#782));
#2537=EDGE_LOOP('',(#783));
#2538=EDGE_LOOP('',(#784));
#2539=EDGE_LOOP('',(#785));
#2540=EDGE_LOOP('',(#786));
#2541=EDGE_LOOP('',(#787));
#2542=EDGE_LOOP('',(#788));
#2543=EDGE_LOOP('',(#789));
#2544=EDGE_LOOP('',(#790));
#2545=EDGE_LOOP('',(#791));
#2546=EDGE_LOOP('',(#792));
#2547=EDGE_LOOP('',(#793));
#2548=EDGE_LOOP('',(#794,#795,#796,#797));
#2549=EDGE_LOOP('',(#798,#799,#800,#801));
#2550=EDGE_LOOP('',(#802,#803,#804,#805));
#2551=EDGE_LOOP('',(#806,#807,#808,#809));
#2552=EDGE_LOOP('',(#810,#811,#812,#813));
#2553=EDGE_LOOP('',(#814,#815,#816,#817));
#2554=EDGE_LOOP('',(#818,#819,#820,#821));
#2555=EDGE_LOOP('',(#822,#823,#824,#825));
#2556=EDGE_LOOP('',(#826));
#2557=EDGE_LOOP('',(#827));
#2558=EDGE_LOOP('',(#828));
#2559=EDGE_LOOP('',(#829));
#2560=EDGE_LOOP('',(#830));
#2561=EDGE_LOOP('',(#831));
#2562=EDGE_LOOP('',(#832));
#2563=EDGE_LOOP('',(#833));
#2564=EDGE_LOOP('',(#834));
#2565=EDGE_LOOP('',(#835));
#2566=EDGE_LOOP('',(#836));
#2567=EDGE_LOOP('',(#837));
#2568=EDGE_LOOP('',(#838,#839,#840,#841));
#2569=EDGE_LOOP('',(#842));
#2570=EDGE_LOOP('',(#843));
#2571=EDGE_LOOP('',(#844,#845,#846,#847,#848,#849,#850,#851,#852,#853,#854,
#855));
#2572=EDGE_LOOP('',(#856,#857,#858,#859));
#2573=EDGE_LOOP('',(#860,#861,#862,#863,#864));
#2574=EDGE_LOOP('',(#865,#866,#867,#868));
#2575=EDGE_LOOP('',(#869,#870,#871,#872,#873));
#2576=EDGE_LOOP('',(#874,#875,#876,#877,#878));
#2577=EDGE_LOOP('',(#879,#880,#881,#882,#883));
#2578=EDGE_LOOP('',(#884,#885,#886,#887,#888));
#2579=EDGE_LOOP('',(#889,#890,#891,#892));
#2580=EDGE_LOOP('',(#893));
#2581=EDGE_LOOP('',(#894));
#2582=EDGE_LOOP('',(#895,#896,#897,#898));
#2583=EDGE_LOOP('',(#899,#900,#901,#902));
#2584=EDGE_LOOP('',(#903,#904,#905,#906));
#2585=EDGE_LOOP('',(#907));
#2586=EDGE_LOOP('',(#908,#909,#910,#911));
#2587=EDGE_LOOP('',(#912,#913,#914,#915));
#2588=EDGE_LOOP('',(#916));
#2589=EDGE_LOOP('',(#917,#918,#919,#920));
#2590=EDGE_LOOP('',(#921));
#2591=EDGE_LOOP('',(#922));
#2592=EDGE_LOOP('',(#923,#924,#925,#926));
#2593=EDGE_LOOP('',(#927));
#2594=EDGE_LOOP('',(#928));
#2595=EDGE_LOOP('',(#929));
#2596=EDGE_LOOP('',(#930));
#2597=EDGE_LOOP('',(#931));
#2598=EDGE_LOOP('',(#932));
#2599=EDGE_LOOP('',(#933,#934,#935,#936));
#2600=EDGE_LOOP('',(#937,#938,#939,#940));
#2601=EDGE_LOOP('',(#941,#942,#943,#944,#945));
#2602=EDGE_LOOP('',(#946,#947));
#2603=EDGE_LOOP('',(#948,#949,#950,#951));
#2604=EDGE_LOOP('',(#952));
#2605=EDGE_LOOP('',(#953));
#2606=EDGE_LOOP('',(#954,#955,#956,#957));
#2607=EDGE_LOOP('',(#958,#959));
#2608=EDGE_LOOP('',(#960,#961,#962,#963));
#2609=EDGE_LOOP('',(#964));
#2610=EDGE_LOOP('',(#965));
#2611=EDGE_LOOP('',(#966,#967,#968,#969));
#2612=EDGE_LOOP('',(#970));
#2613=EDGE_LOOP('',(#971));
#2614=EDGE_LOOP('',(#972,#973,#974,#975));
#2615=EDGE_LOOP('',(#976));
#2616=EDGE_LOOP('',(#977));
#2617=EDGE_LOOP('',(#978));
#2618=EDGE_LOOP('',(#979));
#2619=EDGE_LOOP('',(#980,#981,#982,#983));
#2620=EDGE_LOOP('',(#984));
#2621=EDGE_LOOP('',(#985));
#2622=EDGE_LOOP('',(#986,#987,#988,#989));
#2623=EDGE_LOOP('',(#990));
#2624=EDGE_LOOP('',(#991));
#2625=EDGE_LOOP('',(#992));
#2626=EDGE_LOOP('',(#993));
#2627=EDGE_LOOP('',(#994,#995,#996,#997));
#2628=EDGE_LOOP('',(#998,#999,#1000,#1001));
#2629=EDGE_LOOP('',(#1002,#1003,#1004,#1005,#1006,#1007));
#2630=EDGE_LOOP('',(#1008,#1009,#1010,#1011));
#2631=EDGE_LOOP('',(#1012,#1013,#1014,#1015));
#2632=EDGE_LOOP('',(#1016));
#2633=EDGE_LOOP('',(#1017));
#2634=EDGE_LOOP('',(#1018,#1019,#1020,#1021));
#2635=EDGE_LOOP('',(#1022,#1023,#1024,#1025));
#2636=EDGE_LOOP('',(#1026));
#2637=EDGE_LOOP('',(#1027));
#2638=EDGE_LOOP('',(#1028,#1029,#1030,#1031));
#2639=EDGE_LOOP('',(#1032,#1033,#1034,#1035));
#2640=EDGE_LOOP('',(#1036));
#2641=EDGE_LOOP('',(#1037));
#2642=EDGE_LOOP('',(#1038,#1039,#1040,#1041));
#2643=EDGE_LOOP('',(#1042,#1043,#1044,#1045));
#2644=EDGE_LOOP('',(#1046,#1047,#1048,#1049,#1050,#1051));
#2645=EDGE_LOOP('',(#1052,#1053,#1054,#1055));
#2646=EDGE_LOOP('',(#1056,#1057,#1058,#1059));
#2647=EDGE_LOOP('',(#1060));
#2648=EDGE_LOOP('',(#1061,#1062,#1063,#1064,#1065));
#2649=EDGE_LOOP('',(#1066,#1067,#1068,#1069,#1070));
#2650=EDGE_LOOP('',(#1071,#1072,#1073,#1074));
#2651=EDGE_LOOP('',(#1075,#1076,#1077,#1078));
#2652=EDGE_LOOP('',(#1079,#1080,#1081,#1082));
#2653=EDGE_LOOP('',(#1083,#1084,#1085,#1086));
#2654=EDGE_LOOP('',(#1087,#1088,#1089,#1090));
#2655=EDGE_LOOP('',(#1091,#1092,#1093,#1094));
#2656=EDGE_LOOP('',(#1095,#1096,#1097,#1098,#1099,#1100));
#2657=EDGE_LOOP('',(#1101,#1102,#1103,#1104));
#2658=EDGE_LOOP('',(#1105,#1106));
#2659=EDGE_LOOP('',(#1107,#1108));
#2660=EDGE_LOOP('',(#1109,#1110));
#2661=EDGE_LOOP('',(#1111,#1112));
#2662=EDGE_LOOP('',(#1113,#1114));
#2663=EDGE_LOOP('',(#1115,#1116,#1117,#1118,#1119));
#2664=EDGE_LOOP('',(#1120));
#2665=EDGE_LOOP('',(#1121));
#2666=EDGE_LOOP('',(#1122,#1123));
#2667=EDGE_LOOP('',(#1124,#1125,#1126,#1127,#1128,#1129));
#2668=EDGE_LOOP('',(#1130));
#2669=EDGE_LOOP('',(#1131,#1132,#1133,#1134,#1135));
#2670=EDGE_LOOP('',(#1136));
#2671=EDGE_LOOP('',(#1137));
#2672=EDGE_LOOP('',(#1138));
#2673=EDGE_LOOP('',(#1139));
#2674=EDGE_LOOP('',(#1140,#1141,#1142,#1143));
#2675=EDGE_LOOP('',(#1144,#1145,#1146,#1147));
#2676=EDGE_LOOP('',(#1148,#1149,#1150,#1151));
#2677=EDGE_LOOP('',(#1152,#1153,#1154,#1155));
#2678=EDGE_LOOP('',(#1156,#1157,#1158,#1159));
#2679=EDGE_LOOP('',(#1160,#1161,#1162,#1163));
#2680=EDGE_LOOP('',(#1164,#1165,#1166,#1167));
#2681=EDGE_LOOP('',(#1168,#1169,#1170,#1171));
#2682=EDGE_LOOP('',(#1172,#1173,#1174,#1175));
#2683=EDGE_LOOP('',(#1176,#1177,#1178,#1179));
#2684=EDGE_LOOP('',(#1180,#1181,#1182,#1183));
#2685=EDGE_LOOP('',(#1184,#1185,#1186,#1187));
#2686=EDGE_LOOP('',(#1188,#1189,#1190,#1191));
#2687=EDGE_LOOP('',(#1192));
#2688=EDGE_LOOP('',(#1193));
#2689=EDGE_LOOP('',(#1194));
#2690=EDGE_LOOP('',(#1195));
#2691=EDGE_LOOP('',(#1196));
#2692=EDGE_LOOP('',(#1197));
#2693=EDGE_LOOP('',(#1198));
#2694=EDGE_LOOP('',(#1199));
#2695=EDGE_LOOP('',(#1200));
#2696=EDGE_LOOP('',(#1201));
#2697=EDGE_LOOP('',(#1202));
#2698=EDGE_LOOP('',(#1203));
#2699=EDGE_LOOP('',(#1204));
#2700=EDGE_LOOP('',(#1205));
#2701=EDGE_LOOP('',(#1206));
#2702=EDGE_LOOP('',(#1207));
#2703=EDGE_LOOP('',(#1208));
#2704=EDGE_LOOP('',(#1209));
#2705=EDGE_LOOP('',(#1210));
#2706=EDGE_LOOP('',(#1211));
#2707=EDGE_LOOP('',(#1212));
#2708=EDGE_LOOP('',(#1213));
#2709=EDGE_LOOP('',(#1214));
#2710=EDGE_LOOP('',(#1215));
#2711=EDGE_LOOP('',(#1216));
#2712=EDGE_LOOP('',(#1217));
#2713=EDGE_LOOP('',(#1218));
#2714=EDGE_LOOP('',(#1219));
#2715=EDGE_LOOP('',(#1220));
#2716=EDGE_LOOP('',(#1221));
#2717=EDGE_LOOP('',(#1222));
#2718=EDGE_LOOP('',(#1223));
#2719=EDGE_LOOP('',(#1224));
#2720=EDGE_LOOP('',(#1225));
#2721=EDGE_LOOP('',(#1226,#1227,#1228,#1229));
#2722=EDGE_LOOP('',(#1230,#1231,#1232,#1233));
#2723=EDGE_LOOP('',(#1234,#1235,#1236,#1237));
#2724=EDGE_LOOP('',(#1238,#1239,#1240,#1241));
#2725=EDGE_LOOP('',(#1242,#1243,#1244,#1245));
#2726=EDGE_LOOP('',(#1246,#1247,#1248,#1249));
#2727=EDGE_LOOP('',(#1250,#1251,#1252,#1253));
#2728=EDGE_LOOP('',(#1254,#1255,#1256,#1257));
#2729=EDGE_LOOP('',(#1258,#1259,#1260,#1261));
#2730=EDGE_LOOP('',(#1262,#1263,#1264,#1265));
#2731=EDGE_LOOP('',(#1266,#1267,#1268,#1269));
#2732=EDGE_LOOP('',(#1270,#1271,#1272,#1273));
#2733=EDGE_LOOP('',(#1274,#1275,#1276,#1277));
#2734=EDGE_LOOP('',(#1278,#1279,#1280,#1281));
#2735=EDGE_LOOP('',(#1282,#1283,#1284,#1285));
#2736=EDGE_LOOP('',(#1286,#1287,#1288,#1289));
#2737=EDGE_LOOP('',(#1290,#1291,#1292,#1293));
#2738=EDGE_LOOP('',(#1294));
#2739=EDGE_LOOP('',(#1295));
#2740=EDGE_LOOP('',(#1296));
#2741=EDGE_LOOP('',(#1297));
#2742=EDGE_LOOP('',(#1298));
#2743=EDGE_LOOP('',(#1299));
#2744=EDGE_LOOP('',(#1300));
#2745=EDGE_LOOP('',(#1301));
#2746=EDGE_LOOP('',(#1302));
#2747=EDGE_LOOP('',(#1303));
#2748=EDGE_LOOP('',(#1304));
#2749=EDGE_LOOP('',(#1305));
#2750=EDGE_LOOP('',(#1306,#1307,#1308,#1309));
#2751=EDGE_LOOP('',(#1310));
#2752=EDGE_LOOP('',(#1311));
#2753=EDGE_LOOP('',(#1312,#1313,#1314,#1315));
#2754=FACE_BOUND('',#2437,.T.);
#2755=FACE_BOUND('',#2438,.T.);
#2756=FACE_BOUND('',#2439,.T.);
#2757=FACE_BOUND('',#2440,.T.);
#2758=FACE_BOUND('',#2441,.T.);
#2759=FACE_BOUND('',#2442,.T.);
#2760=FACE_BOUND('',#2443,.T.);
#2761=FACE_BOUND('',#2444,.T.);
#2762=FACE_BOUND('',#2445,.T.);
#2763=FACE_BOUND('',#2446,.T.);
#2764=FACE_BOUND('',#2447,.T.);
#2765=FACE_BOUND('',#2448,.T.);
#2766=FACE_BOUND('',#2449,.T.);
#2767=FACE_BOUND('',#2450,.T.);
#2768=FACE_BOUND('',#2451,.T.);
#2769=FACE_BOUND('',#2452,.T.);
#2770=FACE_BOUND('',#2453,.T.);
#2771=FACE_BOUND('',#2454,.T.);
#2772=FACE_BOUND('',#2455,.T.);
#2773=FACE_BOUND('',#2456,.T.);
#2774=FACE_BOUND('',#2457,.T.);
#2775=FACE_BOUND('',#2458,.T.);
#2776=FACE_BOUND('',#2459,.T.);
#2777=FACE_BOUND('',#2460,.T.);
#2778=FACE_BOUND('',#2461,.T.);
#2779=FACE_BOUND('',#2462,.T.);
#2780=FACE_BOUND('',#2463,.T.);
#2781=FACE_BOUND('',#2464,.T.);
#2782=FACE_BOUND('',#2465,.T.);
#2783=FACE_BOUND('',#2466,.T.);
#2784=FACE_BOUND('',#2467,.T.);
#2785=FACE_BOUND('',#2468,.T.);
#2786=FACE_BOUND('',#2469,.T.);
#2787=FACE_BOUND('',#2470,.T.);
#2788=FACE_BOUND('',#2471,.T.);
#2789=FACE_BOUND('',#2472,.T.);
#2790=FACE_BOUND('',#2473,.T.);
#2791=FACE_BOUND('',#2474,.T.);
#2792=FACE_BOUND('',#2475,.T.);
#2793=FACE_BOUND('',#2476,.T.);
#2794=FACE_BOUND('',#2477,.T.);
#2795=FACE_BOUND('',#2478,.T.);
#2796=FACE_BOUND('',#2479,.T.);
#2797=FACE_BOUND('',#2480,.T.);
#2798=FACE_BOUND('',#2481,.T.);
#2799=FACE_BOUND('',#2482,.T.);
#2800=FACE_BOUND('',#2483,.T.);
#2801=FACE_BOUND('',#2484,.T.);
#2802=FACE_BOUND('',#2485,.T.);
#2803=FACE_BOUND('',#2486,.T.);
#2804=FACE_BOUND('',#2487,.T.);
#2805=FACE_BOUND('',#2488,.T.);
#2806=FACE_BOUND('',#2489,.T.);
#2807=FACE_BOUND('',#2490,.T.);
#2808=FACE_BOUND('',#2491,.T.);
#2809=FACE_BOUND('',#2492,.T.);
#2810=FACE_BOUND('',#2493,.T.);
#2811=FACE_BOUND('',#2494,.T.);
#2812=FACE_BOUND('',#2495,.T.);
#2813=FACE_BOUND('',#2496,.T.);
#2814=FACE_BOUND('',#2497,.T.);
#2815=FACE_BOUND('',#2498,.T.);
#2816=FACE_BOUND('',#2499,.T.);
#2817=FACE_BOUND('',#2500,.T.);
#2818=FACE_BOUND('',#2501,.T.);
#2819=FACE_BOUND('',#2502,.T.);
#2820=FACE_BOUND('',#2503,.T.);
#2821=FACE_BOUND('',#2504,.T.);
#2822=FACE_BOUND('',#2505,.T.);
#2823=FACE_BOUND('',#2506,.T.);
#2824=FACE_BOUND('',#2507,.T.);
#2825=FACE_BOUND('',#2508,.T.);
#2826=FACE_BOUND('',#2509,.T.);
#2827=FACE_BOUND('',#2510,.T.);
#2828=FACE_BOUND('',#2511,.T.);
#2829=FACE_BOUND('',#2512,.T.);
#2830=FACE_BOUND('',#2513,.T.);
#2831=FACE_BOUND('',#2514,.T.);
#2832=FACE_BOUND('',#2515,.T.);
#2833=FACE_BOUND('',#2516,.T.);
#2834=FACE_BOUND('',#2517,.T.);
#2835=FACE_BOUND('',#2518,.T.);
#2836=FACE_BOUND('',#2519,.T.);
#2837=FACE_BOUND('',#2520,.T.);
#2838=FACE_BOUND('',#2521,.T.);
#2839=FACE_BOUND('',#2522,.T.);
#2840=FACE_BOUND('',#2523,.T.);
#2841=FACE_BOUND('',#2524,.T.);
#2842=FACE_BOUND('',#2525,.T.);
#2843=FACE_BOUND('',#2526,.T.);
#2844=FACE_BOUND('',#2527,.T.);
#2845=FACE_BOUND('',#2528,.T.);
#2846=FACE_BOUND('',#2529,.T.);
#2847=FACE_BOUND('',#2530,.T.);
#2848=FACE_BOUND('',#2531,.T.);
#2849=FACE_BOUND('',#2532,.T.);
#2850=FACE_BOUND('',#2533,.T.);
#2851=FACE_BOUND('',#2534,.T.);
#2852=FACE_BOUND('',#2535,.T.);
#2853=FACE_BOUND('',#2536,.T.);
#2854=FACE_BOUND('',#2537,.T.);
#2855=FACE_BOUND('',#2538,.T.);
#2856=FACE_BOUND('',#2539,.T.);
#2857=FACE_BOUND('',#2540,.T.);
#2858=FACE_BOUND('',#2541,.T.);
#2859=FACE_BOUND('',#2542,.T.);
#2860=FACE_BOUND('',#2543,.T.);
#2861=FACE_BOUND('',#2544,.T.);
#2862=FACE_BOUND('',#2545,.T.);
#2863=FACE_BOUND('',#2546,.T.);
#2864=FACE_BOUND('',#2547,.T.);
#2865=FACE_BOUND('',#2548,.T.);
#2866=FACE_BOUND('',#2549,.T.);
#2867=FACE_BOUND('',#2550,.T.);
#2868=FACE_BOUND('',#2551,.T.);
#2869=FACE_BOUND('',#2552,.T.);
#2870=FACE_BOUND('',#2553,.T.);
#2871=FACE_BOUND('',#2554,.T.);
#2872=FACE_BOUND('',#2555,.T.);
#2873=FACE_BOUND('',#2556,.T.);
#2874=FACE_BOUND('',#2557,.T.);
#2875=FACE_BOUND('',#2558,.T.);
#2876=FACE_BOUND('',#2559,.T.);
#2877=FACE_BOUND('',#2560,.T.);
#2878=FACE_BOUND('',#2561,.T.);
#2879=FACE_BOUND('',#2562,.T.);
#2880=FACE_BOUND('',#2563,.T.);
#2881=FACE_BOUND('',#2564,.T.);
#2882=FACE_BOUND('',#2565,.T.);
#2883=FACE_BOUND('',#2566,.T.);
#2884=FACE_BOUND('',#2567,.T.);
#2885=FACE_BOUND('',#2568,.T.);
#2886=FACE_BOUND('',#2569,.T.);
#2887=FACE_BOUND('',#2570,.T.);
#2888=FACE_BOUND('',#2571,.T.);
#2889=FACE_BOUND('',#2572,.T.);
#2890=FACE_BOUND('',#2573,.T.);
#2891=FACE_BOUND('',#2574,.T.);
#2892=FACE_BOUND('',#2575,.T.);
#2893=FACE_BOUND('',#2576,.T.);
#2894=FACE_BOUND('',#2577,.T.);
#2895=FACE_BOUND('',#2578,.T.);
#2896=FACE_BOUND('',#2579,.T.);
#2897=FACE_BOUND('',#2580,.T.);
#2898=FACE_BOUND('',#2581,.T.);
#2899=FACE_BOUND('',#2582,.T.);
#2900=FACE_BOUND('',#2583,.T.);
#2901=FACE_BOUND('',#2584,.T.);
#2902=FACE_BOUND('',#2585,.T.);
#2903=FACE_BOUND('',#2586,.T.);
#2904=FACE_BOUND('',#2587,.T.);
#2905=FACE_BOUND('',#2588,.T.);
#2906=FACE_BOUND('',#2589,.T.);
#2907=FACE_BOUND('',#2590,.T.);
#2908=FACE_BOUND('',#2591,.T.);
#2909=FACE_BOUND('',#2592,.T.);
#2910=FACE_BOUND('',#2593,.T.);
#2911=FACE_BOUND('',#2594,.T.);
#2912=FACE_BOUND('',#2595,.T.);
#2913=FACE_BOUND('',#2596,.T.);
#2914=FACE_BOUND('',#2597,.T.);
#2915=FACE_BOUND('',#2598,.T.);
#2916=FACE_BOUND('',#2599,.T.);
#2917=FACE_BOUND('',#2600,.T.);
#2918=FACE_BOUND('',#2601,.T.);
#2919=FACE_BOUND('',#2602,.T.);
#2920=FACE_BOUND('',#2603,.T.);
#2921=FACE_BOUND('',#2604,.T.);
#2922=FACE_BOUND('',#2605,.T.);
#2923=FACE_BOUND('',#2606,.T.);
#2924=FACE_BOUND('',#2607,.T.);
#2925=FACE_BOUND('',#2608,.T.);
#2926=FACE_BOUND('',#2609,.T.);
#2927=FACE_BOUND('',#2610,.T.);
#2928=FACE_BOUND('',#2611,.T.);
#2929=FACE_BOUND('',#2612,.T.);
#2930=FACE_BOUND('',#2613,.T.);
#2931=FACE_BOUND('',#2614,.T.);
#2932=FACE_BOUND('',#2615,.T.);
#2933=FACE_BOUND('',#2616,.T.);
#2934=FACE_BOUND('',#2617,.T.);
#2935=FACE_BOUND('',#2618,.T.);
#2936=FACE_BOUND('',#2619,.T.);
#2937=FACE_BOUND('',#2620,.T.);
#2938=FACE_BOUND('',#2621,.T.);
#2939=FACE_BOUND('',#2622,.T.);
#2940=FACE_BOUND('',#2623,.T.);
#2941=FACE_BOUND('',#2624,.T.);
#2942=FACE_BOUND('',#2625,.T.);
#2943=FACE_BOUND('',#2626,.T.);
#2944=FACE_BOUND('',#2627,.T.);
#2945=FACE_BOUND('',#2628,.T.);
#2946=FACE_BOUND('',#2629,.T.);
#2947=FACE_BOUND('',#2630,.T.);
#2948=FACE_BOUND('',#2631,.T.);
#2949=FACE_BOUND('',#2632,.T.);
#2950=FACE_BOUND('',#2633,.T.);
#2951=FACE_BOUND('',#2634,.T.);
#2952=FACE_BOUND('',#2635,.T.);
#2953=FACE_BOUND('',#2636,.T.);
#2954=FACE_BOUND('',#2637,.T.);
#2955=FACE_BOUND('',#2638,.T.);
#2956=FACE_BOUND('',#2639,.T.);
#2957=FACE_BOUND('',#2640,.T.);
#2958=FACE_BOUND('',#2641,.T.);
#2959=FACE_BOUND('',#2642,.T.);
#2960=FACE_BOUND('',#2643,.T.);
#2961=FACE_BOUND('',#2644,.T.);
#2962=FACE_BOUND('',#2645,.T.);
#2963=FACE_BOUND('',#2646,.T.);
#2964=FACE_BOUND('',#2647,.T.);
#2965=FACE_BOUND('',#2648,.T.);
#2966=FACE_BOUND('',#2649,.T.);
#2967=FACE_BOUND('',#2650,.T.);
#2968=FACE_BOUND('',#2651,.T.);
#2969=FACE_BOUND('',#2652,.T.);
#2970=FACE_BOUND('',#2653,.T.);
#2971=FACE_BOUND('',#2654,.T.);
#2972=FACE_BOUND('',#2655,.T.);
#2973=FACE_BOUND('',#2656,.T.);
#2974=FACE_BOUND('',#2657,.T.);
#2975=FACE_BOUND('',#2658,.T.);
#2976=FACE_BOUND('',#2659,.T.);
#2977=FACE_BOUND('',#2660,.T.);
#2978=FACE_BOUND('',#2661,.T.);
#2979=FACE_BOUND('',#2662,.T.);
#2980=FACE_BOUND('',#2663,.T.);
#2981=FACE_BOUND('',#2664,.T.);
#2982=FACE_BOUND('',#2665,.T.);
#2983=FACE_BOUND('',#2666,.T.);
#2984=FACE_BOUND('',#2667,.T.);
#2985=FACE_BOUND('',#2668,.T.);
#2986=FACE_BOUND('',#2669,.T.);
#2987=FACE_BOUND('',#2670,.T.);
#2988=FACE_BOUND('',#2671,.T.);
#2989=FACE_BOUND('',#2672,.T.);
#2990=FACE_BOUND('',#2673,.T.);
#2991=FACE_BOUND('',#2674,.T.);
#2992=FACE_BOUND('',#2675,.T.);
#2993=FACE_BOUND('',#2676,.T.);
#2994=FACE_BOUND('',#2677,.T.);
#2995=FACE_BOUND('',#2678,.T.);
#2996=FACE_BOUND('',#2679,.T.);
#2997=FACE_BOUND('',#2680,.T.);
#2998=FACE_BOUND('',#2681,.T.);
#2999=FACE_BOUND('',#2682,.T.);
#3000=FACE_BOUND('',#2683,.T.);
#3001=FACE_BOUND('',#2684,.T.);
#3002=FACE_BOUND('',#2685,.T.);
#3003=FACE_BOUND('',#2686,.T.);
#3004=FACE_BOUND('',#2687,.T.);
#3005=FACE_BOUND('',#2688,.T.);
#3006=FACE_BOUND('',#2689,.T.);
#3007=FACE_BOUND('',#2690,.T.);
#3008=FACE_BOUND('',#2691,.T.);
#3009=FACE_BOUND('',#2692,.T.);
#3010=FACE_BOUND('',#2693,.T.);
#3011=FACE_BOUND('',#2694,.T.);
#3012=FACE_BOUND('',#2695,.T.);
#3013=FACE_BOUND('',#2696,.T.);
#3014=FACE_BOUND('',#2697,.T.);
#3015=FACE_BOUND('',#2698,.T.);
#3016=FACE_BOUND('',#2699,.T.);
#3017=FACE_BOUND('',#2700,.T.);
#3018=FACE_BOUND('',#2701,.T.);
#3019=FACE_BOUND('',#2702,.T.);
#3020=FACE_BOUND('',#2703,.T.);
#3021=FACE_BOUND('',#2704,.T.);
#3022=FACE_BOUND('',#2705,.T.);
#3023=FACE_BOUND('',#2706,.T.);
#3024=FACE_BOUND('',#2707,.T.);
#3025=FACE_BOUND('',#2708,.T.);
#3026=FACE_BOUND('',#2709,.T.);
#3027=FACE_BOUND('',#2710,.T.);
#3028=FACE_BOUND('',#2711,.T.);
#3029=FACE_BOUND('',#2712,.T.);
#3030=FACE_BOUND('',#2713,.T.);
#3031=FACE_BOUND('',#2714,.T.);
#3032=FACE_BOUND('',#2715,.T.);
#3033=FACE_BOUND('',#2716,.T.);
#3034=FACE_BOUND('',#2717,.T.);
#3035=FACE_BOUND('',#2718,.T.);
#3036=FACE_BOUND('',#2719,.T.);
#3037=FACE_BOUND('',#2720,.T.);
#3038=FACE_BOUND('',#2721,.T.);
#3039=FACE_BOUND('',#2722,.T.);
#3040=FACE_BOUND('',#2723,.T.);
#3041=FACE_BOUND('',#2724,.T.);
#3042=FACE_BOUND('',#2725,.T.);
#3043=FACE_BOUND('',#2726,.T.);
#3044=FACE_BOUND('',#2727,.T.);
#3045=FACE_BOUND('',#2728,.T.);
#3046=FACE_BOUND('',#2729,.T.);
#3047=FACE_BOUND('',#2730,.T.);
#3048=FACE_BOUND('',#2731,.T.);
#3049=FACE_BOUND('',#2732,.T.);
#3050=FACE_BOUND('',#2733,.T.);
#3051=FACE_BOUND('',#2734,.T.);
#3052=FACE_BOUND('',#2735,.T.);
#3053=FACE_BOUND('',#2736,.T.);
#3054=FACE_BOUND('',#2737,.T.);
#3055=FACE_BOUND('',#2738,.T.);
#3056=FACE_BOUND('',#2739,.T.);
#3057=FACE_BOUND('',#2740,.T.);
#3058=FACE_BOUND('',#2741,.T.);
#3059=FACE_BOUND('',#2742,.T.);
#3060=FACE_BOUND('',#2743,.T.);
#3061=FACE_BOUND('',#2744,.T.);
#3062=FACE_BOUND('',#2745,.T.);
#3063=FACE_BOUND('',#2746,.T.);
#3064=FACE_BOUND('',#2747,.T.);
#3065=FACE_BOUND('',#2748,.T.);
#3066=FACE_BOUND('',#2749,.T.);
#3067=FACE_BOUND('',#2750,.T.);
#3068=FACE_BOUND('',#2751,.T.);
#3069=FACE_BOUND('',#2752,.T.);
#3070=FACE_BOUND('',#2753,.T.);
#3071=CONICAL_SURFACE('',#3365,2.49999999999989,1.0471975511966);
#3072=CONICAL_SURFACE('',#3369,2.5,0.785398163397462);
#3073=CONICAL_SURFACE('',#3374,2.5,1.0471975511966);
#3074=CONICAL_SURFACE('',#3378,2.5,0.785398163397409);
#3075=CONICAL_SURFACE('',#3383,2.5,1.0471975511966);
#3076=CONICAL_SURFACE('',#3387,2.5,0.785398163397409);
#3077=CONICAL_SURFACE('',#3392,2.5,1.0471975511966);
#3078=CONICAL_SURFACE('',#3396,2.5,0.785398163397409);
#3079=CONICAL_SURFACE('',#3401,2.5,1.0471975511966);
#3080=CONICAL_SURFACE('',#3405,2.5,0.785398163397409);
#3081=CONICAL_SURFACE('',#3410,2.5,1.0471975511966);
#3082=CONICAL_SURFACE('',#3414,3.04848275573016,0.785398163397462);
#3083=CONICAL_SURFACE('',#3419,3.4,1.0471975511966);
#3084=CONICAL_SURFACE('',#3423,3.4,1.02974425867665);
#3085=CONICAL_SURFACE('',#3425,3.4,1.02974425867665);
#3086=CONICAL_SURFACE('',#3434,4.5624999999999,1.04719755119659);
#3087=CONICAL_SURFACE('',#3438,4.56249999999991,1.0471975511966);
#3088=CONICAL_SURFACE('',#3441,3.4,1.02974425867665);
#3089=CONICAL_SURFACE('',#3445,3.4,1.02974425867665);
#3090=CONICAL_SURFACE('',#3448,3.4,1.0471975511966);
#3091=CONICAL_SURFACE('',#3542,2.49999999999989,1.0471975511966);
#3092=CONICAL_SURFACE('',#3546,2.5,0.785398163397448);
#3093=CONICAL_SURFACE('',#3551,3.04848275572992,0.785398163397448);
#3094=CONICAL_SURFACE('',#3580,2.49999999999977,1.04719755119659);
#3095=CONICAL_SURFACE('',#3634,2.386565,0.785398163397449);
#3096=CONICAL_SURFACE('',#3648,2.88675139776021,0.76616265866126);
#3097=CONICAL_SURFACE('',#3650,2.88675139776021,0.76616265866126);
#3098=CONICAL_SURFACE('',#3652,2.88675139776021,0.76616265866126);
#3099=CONICAL_SURFACE('',#3654,2.88675139776021,0.76616265866126);
#3100=CONICAL_SURFACE('',#3656,2.88675139776021,0.76616265866126);
#3101=CONICAL_SURFACE('',#3663,2.88675139776021,0.76616265866126);
#3102=ADVANCED_FACE('',(#2754),#3071,.F.);
#3103=ADVANCED_FACE('',(#2755),#163,.F.);
#3104=ADVANCED_FACE('',(#2756),#3072,.F.);
#3105=ADVANCED_FACE('',(#2757),#164,.F.);
#3106=ADVANCED_FACE('',(#2758),#3073,.F.);
#3107=ADVANCED_FACE('',(#2759),#165,.F.);
#3108=ADVANCED_FACE('',(#2760),#3074,.F.);
#3109=ADVANCED_FACE('',(#2761),#166,.F.);
#3110=ADVANCED_FACE('',(#2762),#3075,.F.);
#3111=ADVANCED_FACE('',(#2763),#167,.F.);
#3112=ADVANCED_FACE('',(#2764),#3076,.F.);
#3113=ADVANCED_FACE('',(#2765),#168,.F.);
#3114=ADVANCED_FACE('',(#2766),#3077,.F.);
#3115=ADVANCED_FACE('',(#2767),#169,.F.);
#3116=ADVANCED_FACE('',(#2768),#3078,.F.);
#3117=ADVANCED_FACE('',(#2769),#170,.F.);
#3118=ADVANCED_FACE('',(#2770),#3079,.F.);
#3119=ADVANCED_FACE('',(#2771),#171,.F.);
#3120=ADVANCED_FACE('',(#2772),#3080,.F.);
#3121=ADVANCED_FACE('',(#2773),#172,.F.);
#3122=ADVANCED_FACE('',(#2774),#3081,.F.);
#3123=ADVANCED_FACE('',(#2775),#173,.F.);
#3124=ADVANCED_FACE('',(#2776),#3082,.F.);
#3125=ADVANCED_FACE('',(#2777),#174,.F.);
#3126=ADVANCED_FACE('',(#2778),#3083,.F.);
#3127=ADVANCED_FACE('',(#2779),#3084,.F.);
#3128=ADVANCED_FACE('',(#2780),#3085,.F.);
#3129=ADVANCED_FACE('',(#2781),#175,.F.);
#3130=ADVANCED_FACE('',(#2782),#176,.F.);
#3131=ADVANCED_FACE('',(#2783),#3086,.F.);
#3132=ADVANCED_FACE('',(#2784),#3087,.F.);
#3133=ADVANCED_FACE('',(#2785),#177,.F.);
#3134=ADVANCED_FACE('',(#2786),#3088,.F.);
#3135=ADVANCED_FACE('',(#2787),#178,.F.);
#3136=ADVANCED_FACE('',(#2788),#3089,.F.);
#3137=ADVANCED_FACE('',(#2789),#179,.F.);
#3138=ADVANCED_FACE('',(#2790),#3090,.F.);
#3139=ADVANCED_FACE('',(#2791),#180,.F.);
#3140=ADVANCED_FACE('',(#2792),#181,.F.);
#3141=ADVANCED_FACE('',(#2793),#182,.F.);
#3142=ADVANCED_FACE('',(#2794),#97,.F.);
#3143=ADVANCED_FACE('',(#2795),#183,.F.);
#3144=ADVANCED_FACE('',(#2796),#184,.F.);
#3145=ADVANCED_FACE('',(#2797),#185,.F.);
#3146=ADVANCED_FACE('',(#2798),#186,.F.);
#3147=ADVANCED_FACE('',(#2799),#187,.F.);
#3148=ADVANCED_FACE('',(#2800),#188,.F.);
#3149=ADVANCED_FACE('',(#2801),#189,.F.);
#3150=ADVANCED_FACE('',(#2802),#190,.F.);
#3151=ADVANCED_FACE('',(#2803),#191,.F.);
#3152=ADVANCED_FACE('',(#2804),#98,.F.);
#3153=ADVANCED_FACE('',(#2805),#192,.F.);
#3154=ADVANCED_FACE('',(#2806),#99,.T.);
#3155=ADVANCED_FACE('',(#2807),#100,.F.);
#3156=ADVANCED_FACE('',(#2808),#193,.F.);
#3157=ADVANCED_FACE('',(#2809,#2810,#2811,#2812,#2813,#2814,#2815,#2816,
#2817,#2818,#2819,#2820,#2821),#101,.T.);
#3158=ADVANCED_FACE('',(#2822),#194,.F.);
#3159=ADVANCED_FACE('',(#2823),#195,.F.);
#3160=ADVANCED_FACE('',(#2824),#102,.F.);
#3161=ADVANCED_FACE('',(#2825),#196,.F.);
#3162=ADVANCED_FACE('',(#2826),#103,.T.);
#3163=ADVANCED_FACE('',(#2827,#2828,#2829),#104,.T.);
#3164=ADVANCED_FACE('',(#2830),#197,.F.);
#3165=ADVANCED_FACE('',(#2831,#2832,#2833,#2834),#105,.F.);
#3166=ADVANCED_FACE('',(#2835,#2836,#2837,#2838),#106,.T.);
#3167=ADVANCED_FACE('',(#2839),#198,.F.);
#3168=ADVANCED_FACE('',(#2840),#199,.F.);
#3169=ADVANCED_FACE('',(#2841,#2842,#2843,#2844,#2845,#2846,#2847,#2848,
#2849,#2850,#2851,#2852,#2853,#2854,#2855,#2856,#2857,#2858,#2859,#2860,
#2861,#2862,#2863,#2864,#2865),#107,.F.);
#3170=ADVANCED_FACE('',(#2866),#200,.F.);
#3171=ADVANCED_FACE('',(#2867),#201,.F.);
#3172=ADVANCED_FACE('',(#2868),#202,.F.);
#3173=ADVANCED_FACE('',(#2869),#203,.F.);
#3174=ADVANCED_FACE('',(#2870),#204,.F.);
#3175=ADVANCED_FACE('',(#2871),#108,.T.);
#3176=ADVANCED_FACE('',(#2872),#205,.F.);
#3177=ADVANCED_FACE('',(#2873,#2874,#2875,#2876,#2877,#2878,#2879,#2880,
#2881,#2882,#2883,#2884,#2885),#109,.F.);
#3178=ADVANCED_FACE('',(#2886,#2887,#2888),#110,.F.);
#3179=ADVANCED_FACE('',(#2889),#206,.F.);
#3180=ADVANCED_FACE('',(#2890),#3091,.F.);
#3181=ADVANCED_FACE('',(#2891),#207,.F.);
#3182=ADVANCED_FACE('',(#2892),#3092,.F.);
#3183=ADVANCED_FACE('',(#2893),#208,.F.);
#3184=ADVANCED_FACE('',(#2894),#3093,.F.);
#3185=ADVANCED_FACE('',(#2895),#209,.F.);
#3186=ADVANCED_FACE('',(#2896),#210,.F.);
#3187=ADVANCED_FACE('',(#2897,#2898,#2899),#111,.F.);
#3188=ADVANCED_FACE('',(#2900),#211,.F.);
#3189=ADVANCED_FACE('',(#2901),#212,.F.);
#3190=ADVANCED_FACE('',(#2902,#2903),#112,.T.);
#3191=ADVANCED_FACE('',(#2904),#213,.F.);
#3192=ADVANCED_FACE('',(#2905,#2906),#113,.T.);
#3193=ADVANCED_FACE('',(#2907,#2908,#2909),#114,.F.);
#3194=ADVANCED_FACE('',(#2910,#2911),#115,.T.);
#3195=ADVANCED_FACE('',(#2912,#2913),#116,.T.);
#3196=ADVANCED_FACE('',(#2914,#2915,#2916),#117,.T.);
#3197=ADVANCED_FACE('',(#2917),#214,.F.);
#3198=ADVANCED_FACE('',(#2918),#3094,.F.);
#3199=ADVANCED_FACE('',(#2919,#2920),#215,.F.);
#3200=ADVANCED_FACE('',(#2921,#2922),#118,.T.);
#3201=ADVANCED_FACE('',(#2923),#216,.F.);
#3202=ADVANCED_FACE('',(#2924,#2925),#217,.F.);
#3203=ADVANCED_FACE('',(#2926,#2927),#119,.T.);
#3204=ADVANCED_FACE('',(#2928),#218,.F.);
#3205=ADVANCED_FACE('',(#2929,#2930,#2931),#120,.T.);
#3206=ADVANCED_FACE('',(#2932,#2933,#2934,#2935,#2936),#121,.F.);
#3207=ADVANCED_FACE('',(#2937,#2938),#122,.T.);
#3208=ADVANCED_FACE('',(#2939),#219,.F.);
#3209=ADVANCED_FACE('',(#2940,#2941,#2942,#2943,#2944),#123,.T.);
#3210=ADVANCED_FACE('',(#2945),#124,.T.);
#3211=ADVANCED_FACE('',(#2946),#125,.T.);
#3212=ADVANCED_FACE('',(#2947),#126,.T.);
#3213=ADVANCED_FACE('',(#2948),#220,.F.);
#3214=ADVANCED_FACE('',(#2949,#2950),#127,.T.);
#3215=ADVANCED_FACE('',(#2951),#221,.F.);
#3216=ADVANCED_FACE('',(#2952),#222,.F.);
#3217=ADVANCED_FACE('',(#2953,#2954),#128,.T.);
#3218=ADVANCED_FACE('',(#2955),#223,.F.);
#3219=ADVANCED_FACE('',(#2956),#224,.F.);
#3220=ADVANCED_FACE('',(#2957,#2958),#129,.T.);
#3221=ADVANCED_FACE('',(#2959),#225,.F.);
#3222=ADVANCED_FACE('',(#2960),#226,.F.);
#3223=ADVANCED_FACE('',(#2961),#130,.T.);
#3224=ADVANCED_FACE('',(#2962),#131,.T.);
#3225=ADVANCED_FACE('',(#2963),#132,.T.);
#3226=ADVANCED_FACE('',(#2964),#133,.T.);
#3227=ADVANCED_FACE('',(#2965),#3095,.T.);
#3228=ADVANCED_FACE('',(#2966),#227,.T.);
#3229=ADVANCED_FACE('',(#2967),#228,.T.);
#3230=ADVANCED_FACE('',(#2968),#134,.T.);
#3231=ADVANCED_FACE('',(#2969),#135,.T.);
#3232=ADVANCED_FACE('',(#2970),#136,.T.);
#3233=ADVANCED_FACE('',(#2971),#137,.T.);
#3234=ADVANCED_FACE('',(#2972),#138,.T.);
#3235=ADVANCED_FACE('',(#2973),#139,.F.);
#3236=ADVANCED_FACE('',(#2974),#140,.T.);
#3237=ADVANCED_FACE('',(#2975),#3096,.F.);
#3238=ADVANCED_FACE('',(#2976),#3097,.F.);
#3239=ADVANCED_FACE('',(#2977),#3098,.F.);
#3240=ADVANCED_FACE('',(#2978),#3099,.F.);
#3241=ADVANCED_FACE('',(#2979),#3100,.F.);
#3242=ADVANCED_FACE('',(#2980),#229,.T.);
#3243=ADVANCED_FACE('',(#2981,#2982),#141,.T.);
#3244=ADVANCED_FACE('',(#2983),#3101,.F.);
#3245=ADVANCED_FACE('',(#2984,#2985),#142,.F.);
#3246=ADVANCED_FACE('',(#2986),#18,.T.);
#3247=ADVANCED_FACE('',(#2987,#2988),#143,.F.);
#3248=ADVANCED_FACE('',(#2989,#2990),#144,.T.);
#3249=ADVANCED_FACE('',(#2991),#230,.F.);
#3250=ADVANCED_FACE('',(#2992),#231,.T.);
#3251=ADVANCED_FACE('',(#2993),#232,.F.);
#3252=ADVANCED_FACE('',(#2994),#233,.F.);
#3253=ADVANCED_FACE('',(#2995),#234,.F.);
#3254=ADVANCED_FACE('',(#2996),#235,.F.);
#3255=ADVANCED_FACE('',(#2997),#236,.F.);
#3256=ADVANCED_FACE('',(#2998),#237,.F.);
#3257=ADVANCED_FACE('',(#2999),#238,.F.);
#3258=ADVANCED_FACE('',(#3000),#239,.F.);
#3259=ADVANCED_FACE('',(#3001),#240,.F.);
#3260=ADVANCED_FACE('',(#3002),#241,.F.);
#3261=ADVANCED_FACE('',(#3003),#242,.F.);
#3262=ADVANCED_FACE('',(#3004,#3005),#145,.T.);
#3263=ADVANCED_FACE('',(#3006,#3007),#146,.T.);
#3264=ADVANCED_FACE('',(#3008,#3009),#147,.T.);
#3265=ADVANCED_FACE('',(#3010,#3011),#148,.T.);
#3266=ADVANCED_FACE('',(#3012,#3013),#149,.T.);
#3267=ADVANCED_FACE('',(#3014,#3015),#150,.T.);
#3268=ADVANCED_FACE('',(#3016,#3017),#151,.T.);
#3269=ADVANCED_FACE('',(#3018,#3019),#152,.T.);
#3270=ADVANCED_FACE('',(#3020,#3021),#153,.T.);
#3271=ADVANCED_FACE('',(#3022,#3023),#154,.T.);
#3272=ADVANCED_FACE('',(#3024,#3025),#155,.T.);
#3273=ADVANCED_FACE('',(#3026,#3027,#3028,#3029,#3030,#3031,#3032,#3033,
#3034,#3035,#3036,#3037,#3038),#156,.F.);
#3274=ADVANCED_FACE('',(#3039),#157,.T.);
#3275=ADVANCED_FACE('',(#3040),#243,.F.);
#3276=ADVANCED_FACE('',(#3041),#158,.T.);
#3277=ADVANCED_FACE('',(#3042),#159,.F.);
#3278=ADVANCED_FACE('',(#3043),#160,.T.);
#3279=ADVANCED_FACE('',(#3044),#244,.F.);
#3280=ADVANCED_FACE('',(#3045),#245,.F.);
#3281=ADVANCED_FACE('',(#3046),#246,.F.);
#3282=ADVANCED_FACE('',(#3047),#247,.F.);
#3283=ADVANCED_FACE('',(#3048),#248,.F.);
#3284=ADVANCED_FACE('',(#3049),#249,.F.);
#3285=ADVANCED_FACE('',(#3050),#250,.F.);
#3286=ADVANCED_FACE('',(#3051),#251,.F.);
#3287=ADVANCED_FACE('',(#3052),#252,.F.);
#3288=ADVANCED_FACE('',(#3053),#253,.F.);
#3289=ADVANCED_FACE('',(#3054),#254,.F.);
#3290=ADVANCED_FACE('',(#3055,#3056,#3057,#3058,#3059,#3060,#3061,#3062,
#3063,#3064,#3065,#3066,#3067),#161,.T.);
#3291=ADVANCED_FACE('',(#3068,#3069),#162,.T.);
#3292=ADVANCED_FACE('',(#3070),#255,.F.);
#3293=CLOSED_SHELL('',(#3102,#3103,#3104,#3105,#3106,#3107,#3108,#3109,
#3110,#3111,#3112,#3113,#3114,#3115,#3116,#3117,#3118,#3119,#3120,#3121,
#3122,#3123,#3124,#3125,#3126,#3127,#3128,#3129,#3130,#3131,#3132,#3133,
#3134,#3135,#3136,#3137,#3138,#3139,#3140,#3141,#3142,#3143,#3144,#3145,
#3146,#3147,#3148,#3149,#3150,#3151,#3152,#3153,#3154,#3155,#3156,#3157,
#3158,#3159,#3160,#3161,#3162,#3163,#3164,#3165,#3166,#3167,#3168,#3169,
#3170,#3171,#3172,#3173,#3174,#3175,#3176,#3177,#3178,#3179));
#3294=CLOSED_SHELL('',(#3180,#3181,#3182,#3183,#3184,#3185,#3186,#3187,
#3188,#3189,#3190,#3191,#3192,#3193,#3194,#3195,#3196,#3197,#3198,#3199,
#3200,#3201,#3202,#3203,#3204,#3205));
#3295=CLOSED_SHELL('',(#3206,#3207,#3208,#3209,#3210,#3211,#3212,#3213,
#3214,#3215,#3216,#3217,#3218,#3219,#3220,#3221,#3222,#3223,#3224,#3225));
#3296=CLOSED_SHELL('',(#3226,#3227,#3228,#3229,#3230,#3231,#3232,#3233,
#3234,#3235,#3236,#3237,#3238,#3239,#3240,#3241,#3242,#3243,#3244,#3245,
#3246));
#3297=CLOSED_SHELL('',(#3247,#3248,#3249,#3250));
#3298=CLOSED_SHELL('',(#3251,#3252,#3253,#3254,#3255,#3256,#3257,#3258,
#3259,#3260,#3261,#3262,#3263,#3264,#3265,#3266,#3267,#3268,#3269,#3270,
#3271,#3272,#3273,#3274,#3275,#3276,#3277,#3278,#3279,#3280,#3281,#3282,
#3283,#3284,#3285,#3286,#3287,#3288,#3289,#3290,#3291,#3292));
#3299=STYLED_ITEM('',(#3305),#3342);
#3300=STYLED_ITEM('',(#3306),#3343);
#3301=STYLED_ITEM('',(#3307),#3344);
#3302=STYLED_ITEM('',(#3308),#3345);
#3303=STYLED_ITEM('',(#3309),#3346);
#3304=STYLED_ITEM('',(#3310),#3347);
#3305=PRESENTATION_STYLE_ASSIGNMENT((#3311));
#3306=PRESENTATION_STYLE_ASSIGNMENT((#3312));
#3307=PRESENTATION_STYLE_ASSIGNMENT((#3313));
#3308=PRESENTATION_STYLE_ASSIGNMENT((#3314));
#3309=PRESENTATION_STYLE_ASSIGNMENT((#3315));
#3310=PRESENTATION_STYLE_ASSIGNMENT((#3316));
#3311=SURFACE_STYLE_USAGE(.BOTH.,#3317);
#3312=SURFACE_STYLE_USAGE(.BOTH.,#3318);
#3313=SURFACE_STYLE_USAGE(.BOTH.,#3319);
#3314=SURFACE_STYLE_USAGE(.BOTH.,#3320);
#3315=SURFACE_STYLE_USAGE(.BOTH.,#3321);
#3316=SURFACE_STYLE_USAGE(.BOTH.,#3322);
#3317=SURFACE_SIDE_STYLE('',(#3323));
#3318=SURFACE_SIDE_STYLE('',(#3324));
#3319=SURFACE_SIDE_STYLE('',(#3325));
#3320=SURFACE_SIDE_STYLE('',(#3326));
#3321=SURFACE_SIDE_STYLE('',(#3327));
#3322=SURFACE_SIDE_STYLE('',(#3328));
#3323=SURFACE_STYLE_FILL_AREA(#3329);
#3324=SURFACE_STYLE_FILL_AREA(#3330);
#3325=SURFACE_STYLE_FILL_AREA(#3331);
#3326=SURFACE_STYLE_FILL_AREA(#3332);
#3327=SURFACE_STYLE_FILL_AREA(#3333);
#3328=SURFACE_STYLE_FILL_AREA(#3334);
#3329=FILL_AREA_STYLE('',(#3335));
#3330=FILL_AREA_STYLE('',(#3336));
#3331=FILL_AREA_STYLE('',(#3337));
#3332=FILL_AREA_STYLE('',(#3338));
#3333=FILL_AREA_STYLE('',(#3339));
#3334=FILL_AREA_STYLE('',(#3340));
#3335=FILL_AREA_STYLE_COLOUR('',#3341);
#3336=FILL_AREA_STYLE_COLOUR('',#3341);
#3337=FILL_AREA_STYLE_COLOUR('',#3341);
#3338=FILL_AREA_STYLE_COLOUR('',#3341);
#3339=FILL_AREA_STYLE_COLOUR('',#3341);
#3340=FILL_AREA_STYLE_COLOUR('',#3341);
#3341=COLOUR_RGB('',0.,0.69803923368454,0.69803923368454);
#3342=MANIFOLD_SOLID_BREP('Volumenk√∂rper1',#3293);
#3343=MANIFOLD_SOLID_BREP('Volumenk√∂rper1',#3294);
#3344=MANIFOLD_SOLID_BREP('Volumenk√∂rper1',#3295);
#3345=MANIFOLD_SOLID_BREP('Volumenk√∂rper1',#3296);
#3346=MANIFOLD_SOLID_BREP('Volumenk√∂rper1',#3297);
#3347=MANIFOLD_SOLID_BREP('Volumenk√∂rper1',#3298);
#3348=SHAPE_DEFINITION_REPRESENTATION(#6152,#3356);
#3349=SHAPE_DEFINITION_REPRESENTATION(#6151,#3357);
#3350=SHAPE_DEFINITION_REPRESENTATION(#6154,#3358);
#3351=SHAPE_DEFINITION_REPRESENTATION(#6157,#3359);
#3352=SHAPE_DEFINITION_REPRESENTATION(#6156,#3360);
#3353=SHAPE_DEFINITION_REPRESENTATION(#6159,#3361);
#3354=SHAPE_DEFINITION_REPRESENTATION(#6163,#3362);
#3355=SHAPE_DEFINITION_REPRESENTATION(#6170,#3363);
#3356=SHAPE_REPRESENTATION('Magnetschiene-0164.1-04-01-010_.1',(#3364),
#6133);
#3357=SHAPE_REPRESENTATION('Magnetschiene_links',(#3364,#3541,#3594,#3685,
#3776,#3777),#6132);
#3358=SHAPE_REPRESENTATION('Erg‰nzungsst¸ck-0164.1-04-01-009_',(#3364),
#6134);
#3359=SHAPE_REPRESENTATION('Sensorleiste-0164.1-04-01-017_',(#3364),#6136);
#3360=SHAPE_REPRESENTATION('Sensorleiste',(#3364,#3631,#3669,#3670,#3671,
#3680,#3681,#3682,#3683,#3684),#6135);
#3361=SHAPE_REPRESENTATION('Zylinderschraube_DIN_912_-_M6_x_16_-_.4',(#3364),
#6137);
#3362=SHAPE_REPRESENTATION('Schnorr_Zahnscheibe-S6_x_10_x_0.7_.99.2',(#3364),
#6138);
#3363=SHAPE_REPRESENTATION('Einlegeleiste-0164.1-04-01-008_.1',(#3364),
#6139);
#3364=AXIS2_PLACEMENT_3D('',#4814,#3778,#3779);
#3365=AXIS2_PLACEMENT_3D('',#4815,#3780,#3781);
#3366=AXIS2_PLACEMENT_3D('',#4819,#3783,#3784);
#3367=AXIS2_PLACEMENT_3D('',#4820,#3785,#3786);
#3368=AXIS2_PLACEMENT_3D('',#4823,#3788,#3789);
#3369=AXIS2_PLACEMENT_3D('',#4824,#3790,#3791);
#3370=AXIS2_PLACEMENT_3D('',#4825,#3792,#3793);
#3371=AXIS2_PLACEMENT_3D('',#4828,#3794,#3795);
#3372=AXIS2_PLACEMENT_3D('',#4831,#3797,#3798);
#3373=AXIS2_PLACEMENT_3D('',#4832,#3799,#3800);
#3374=AXIS2_PLACEMENT_3D('',#4834,#3802,#3803);
#3375=AXIS2_PLACEMENT_3D('',#4838,#3805,#3806);
#3376=AXIS2_PLACEMENT_3D('',#4839,#3807,#3808);
#3377=AXIS2_PLACEMENT_3D('',#4842,#3810,#3811);
#3378=AXIS2_PLACEMENT_3D('',#4843,#3812,#3813);
#3379=AXIS2_PLACEMENT_3D('',#4844,#3814,#3815);
#3380=AXIS2_PLACEMENT_3D('',#4847,#3816,#3817);
#3381=AXIS2_PLACEMENT_3D('',#4850,#3819,#3820);
#3382=AXIS2_PLACEMENT_3D('',#4851,#3821,#3822);
#3383=AXIS2_PLACEMENT_3D('',#4853,#3824,#3825);
#3384=AXIS2_PLACEMENT_3D('',#4857,#3827,#3828);
#3385=AXIS2_PLACEMENT_3D('',#4858,#3829,#3830);
#3386=AXIS2_PLACEMENT_3D('',#4861,#3832,#3833);
#3387=AXIS2_PLACEMENT_3D('',#4862,#3834,#3835);
#3388=AXIS2_PLACEMENT_3D('',#4863,#3836,#3837);
#3389=AXIS2_PLACEMENT_3D('',#4866,#3838,#3839);
#3390=AXIS2_PLACEMENT_3D('',#4869,#3841,#3842);
#3391=AXIS2_PLACEMENT_3D('',#4870,#3843,#3844);
#3392=AXIS2_PLACEMENT_3D('',#4872,#3846,#3847);
#3393=AXIS2_PLACEMENT_3D('',#4876,#3849,#3850);
#3394=AXIS2_PLACEMENT_3D('',#4877,#3851,#3852);
#3395=AXIS2_PLACEMENT_3D('',#4880,#3854,#3855);
#3396=AXIS2_PLACEMENT_3D('',#4881,#3856,#3857);
#3397=AXIS2_PLACEMENT_3D('',#4882,#3858,#3859);
#3398=AXIS2_PLACEMENT_3D('',#4887,#3861,#3862);
#3399=AXIS2_PLACEMENT_3D('',#4888,#3863,#3864);
#3400=AXIS2_PLACEMENT_3D('',#4889,#3865,#3866);
#3401=AXIS2_PLACEMENT_3D('',#4891,#3868,#3869);
#3402=AXIS2_PLACEMENT_3D('',#4895,#3871,#3872);
#3403=AXIS2_PLACEMENT_3D('',#4896,#3873,#3874);
#3404=AXIS2_PLACEMENT_3D('',#4899,#3876,#3877);
#3405=AXIS2_PLACEMENT_3D('',#4900,#3878,#3879);
#3406=AXIS2_PLACEMENT_3D('',#4901,#3880,#3881);
#3407=AXIS2_PLACEMENT_3D('',#4906,#3883,#3884);
#3408=AXIS2_PLACEMENT_3D('',#4907,#3885,#3886);
#3409=AXIS2_PLACEMENT_3D('',#4908,#3887,#3888);
#3410=AXIS2_PLACEMENT_3D('',#4910,#3890,#3891);
#3411=AXIS2_PLACEMENT_3D('',#4914,#3893,#3894);
#3412=AXIS2_PLACEMENT_3D('',#4915,#3895,#3896);
#3413=AXIS2_PLACEMENT_3D('',#4918,#3898,#3899);
#3414=AXIS2_PLACEMENT_3D('',#4919,#3900,#3901);
#3415=AXIS2_PLACEMENT_3D('',#4920,#3902,#3903);
#3416=AXIS2_PLACEMENT_3D('',#4925,#3905,#3906);
#3417=AXIS2_PLACEMENT_3D('',#4926,#3907,#3908);
#3418=AXIS2_PLACEMENT_3D('',#4927,#3909,#3910);
#3419=AXIS2_PLACEMENT_3D('',#4929,#3912,#3913);
#3420=AXIS2_PLACEMENT_3D('',#4930,#3914,#3915);
#3421=AXIS2_PLACEMENT_3D('',#4935,#3917,#3918);
#3422=AXIS2_PLACEMENT_3D('',#4936,#3919,#3920);
#3423=AXIS2_PLACEMENT_3D('',#4937,#3921,#3922);
#3424=AXIS2_PLACEMENT_3D('',#4941,#3924,#3925);
#3425=AXIS2_PLACEMENT_3D('',#4942,#3926,#3927);
#3426=AXIS2_PLACEMENT_3D('',#4946,#3929,#3930);
#3427=AXIS2_PLACEMENT_3D('',#4947,#3931,#3932);
#3428=AXIS2_PLACEMENT_3D('',#4948,#3933,#3934);
#3429=AXIS2_PLACEMENT_3D('',#4952,#3936,#3937);
#3430=AXIS2_PLACEMENT_3D('',#4954,#3938,#3939);
#3431=AXIS2_PLACEMENT_3D('',#4955,#3940,#3941);
#3432=AXIS2_PLACEMENT_3D('',#4956,#3942,#3943);
#3433=AXIS2_PLACEMENT_3D('',#4960,#3945,#3946);
#3434=AXIS2_PLACEMENT_3D('',#4961,#3947,#3948);
#3435=AXIS2_PLACEMENT_3D('',#4962,#3949,#3950);
#3436=AXIS2_PLACEMENT_3D('',#4967,#3952,#3953);
#3437=AXIS2_PLACEMENT_3D('',#4968,#3954,#3955);
#3438=AXIS2_PLACEMENT_3D('',#4969,#3956,#3957);
#3439=AXIS2_PLACEMENT_3D('',#4972,#3959,#3960);
#3440=AXIS2_PLACEMENT_3D('',#4973,#3961,#3962);
#3441=AXIS2_PLACEMENT_3D('',#4975,#3964,#3965);
#3442=AXIS2_PLACEMENT_3D('',#4978,#3967,#3968);
#3443=AXIS2_PLACEMENT_3D('',#4979,#3969,#3970);
#3444=AXIS2_PLACEMENT_3D('',#4983,#3972,#3973);
#3445=AXIS2_PLACEMENT_3D('',#4984,#3974,#3975);
#3446=AXIS2_PLACEMENT_3D('',#4987,#3977,#3978);
#3447=AXIS2_PLACEMENT_3D('',#4988,#3979,#3980);
#3448=AXIS2_PLACEMENT_3D('',#4991,#3982,#3983);
#3449=AXIS2_PLACEMENT_3D('',#4992,#3984,#3985);
#3450=AXIS2_PLACEMENT_3D('',#4997,#3987,#3988);
#3451=AXIS2_PLACEMENT_3D('',#4998,#3989,#3990);
#3452=AXIS2_PLACEMENT_3D('',#4999,#3991,#3992);
#3453=AXIS2_PLACEMENT_3D('',#5001,#3994,#3995);
#3454=AXIS2_PLACEMENT_3D('',#5002,#3996,#3997);
#3455=AXIS2_PLACEMENT_3D('',#5006,#3999,#4000);
#3456=AXIS2_PLACEMENT_3D('',#5007,#4001,#4002);
#3457=AXIS2_PLACEMENT_3D('',#5008,#4003,#4004);
#3458=AXIS2_PLACEMENT_3D('',#5012,#4006,#4007);
#3459=AXIS2_PLACEMENT_3D('',#5013,#4008,#4009);
#3460=AXIS2_PLACEMENT_3D('',#5022,#4014,#4015);
#3461=AXIS2_PLACEMENT_3D('',#5023,#4016,#4017);
#3462=AXIS2_PLACEMENT_3D('',#5027,#4019,#4020);
#3463=AXIS2_PLACEMENT_3D('',#5028,#4021,#4022);
#3464=AXIS2_PLACEMENT_3D('',#5029,#4023,#4024);
#3465=AXIS2_PLACEMENT_3D('',#5033,#4026,#4027);
#3466=AXIS2_PLACEMENT_3D('',#5034,#4028,#4029);
#3467=AXIS2_PLACEMENT_3D('',#5035,#4030,#4031);
#3468=AXIS2_PLACEMENT_3D('',#5039,#4033,#4034);
#3469=AXIS2_PLACEMENT_3D('',#5040,#4035,#4036);
#3470=AXIS2_PLACEMENT_3D('',#5041,#4037,#4038);
#3471=AXIS2_PLACEMENT_3D('',#5045,#4040,#4041);
#3472=AXIS2_PLACEMENT_3D('',#5046,#4042,#4043);
#3473=AXIS2_PLACEMENT_3D('',#5047,#4044,#4045);
#3474=AXIS2_PLACEMENT_3D('',#5051,#4047,#4048);
#3475=AXIS2_PLACEMENT_3D('',#5052,#4049,#4050);
#3476=AXIS2_PLACEMENT_3D('',#5053,#4051,#4052);
#3477=AXIS2_PLACEMENT_3D('',#5057,#4054,#4055);
#3478=AXIS2_PLACEMENT_3D('',#5058,#4056,#4057);
#3479=AXIS2_PLACEMENT_3D('',#5059,#4058,#4059);
#3480=AXIS2_PLACEMENT_3D('',#5063,#4061,#4062);
#3481=AXIS2_PLACEMENT_3D('',#5064,#4063,#4064);
#3482=AXIS2_PLACEMENT_3D('',#5065,#4065,#4066);
#3483=AXIS2_PLACEMENT_3D('',#5069,#4068,#4069);
#3484=AXIS2_PLACEMENT_3D('',#5070,#4070,#4071);
#3485=AXIS2_PLACEMENT_3D('',#5072,#4073,#4074);
#3486=AXIS2_PLACEMENT_3D('',#5081,#4079,#4080);
#3487=AXIS2_PLACEMENT_3D('',#5082,#4081,#4082);
#3488=AXIS2_PLACEMENT_3D('',#5086,#4084,#4085);
#3489=AXIS2_PLACEMENT_3D('',#5087,#4086,#4087);
#3490=AXIS2_PLACEMENT_3D('',#5093,#4091,#4092);
#3491=AXIS2_PLACEMENT_3D('',#5099,#4096,#4097);
#3492=AXIS2_PLACEMENT_3D('',#5101,#4099,#4100);
#3493=AXIS2_PLACEMENT_3D('',#5102,#4101,#4102);
#3494=AXIS2_PLACEMENT_3D('',#5104,#4103,#4104);
#3495=AXIS2_PLACEMENT_3D('',#5106,#4105,#4106);
#3496=AXIS2_PLACEMENT_3D('',#5108,#4107,#4108);
#3497=AXIS2_PLACEMENT_3D('',#5110,#4109,#4110);
#3498=AXIS2_PLACEMENT_3D('',#5112,#4111,#4112);
#3499=AXIS2_PLACEMENT_3D('',#5114,#4113,#4114);
#3500=AXIS2_PLACEMENT_3D('',#5116,#4115,#4116);
#3501=AXIS2_PLACEMENT_3D('',#5118,#4117,#4118);
#3502=AXIS2_PLACEMENT_3D('',#5120,#4119,#4120);
#3503=AXIS2_PLACEMENT_3D('',#5122,#4121,#4122);
#3504=AXIS2_PLACEMENT_3D('',#5129,#4126,#4127);
#3505=AXIS2_PLACEMENT_3D('',#5130,#4128,#4129);
#3506=AXIS2_PLACEMENT_3D('',#5133,#4131,#4132);
#3507=AXIS2_PLACEMENT_3D('',#5134,#4133,#4134);
#3508=AXIS2_PLACEMENT_3D('',#5138,#4136,#4137);
#3509=AXIS2_PLACEMENT_3D('',#5139,#4138,#4139);
#3510=AXIS2_PLACEMENT_3D('',#5145,#4143,#4144);
#3511=AXIS2_PLACEMENT_3D('',#5146,#4145,#4146);
#3512=AXIS2_PLACEMENT_3D('',#5149,#4148,#4149);
#3513=AXIS2_PLACEMENT_3D('',#5158,#4154,#4155);
#3514=AXIS2_PLACEMENT_3D('',#5166,#4161,#4162);
#3515=AXIS2_PLACEMENT_3D('',#5167,#4163,#4164);
#3516=AXIS2_PLACEMENT_3D('',#5170,#4166,#4167);
#3517=AXIS2_PLACEMENT_3D('',#5174,#4170,#4171);
#3518=AXIS2_PLACEMENT_3D('',#5178,#4174,#4175);
#3519=AXIS2_PLACEMENT_3D('',#5179,#4176,#4177);
#3520=AXIS2_PLACEMENT_3D('',#5182,#4179,#4180);
#3521=AXIS2_PLACEMENT_3D('',#5183,#4181,#4182);
#3522=AXIS2_PLACEMENT_3D('',#5186,#4184,#4185);
#3523=AXIS2_PLACEMENT_3D('',#5187,#4186,#4187);
#3524=AXIS2_PLACEMENT_3D('',#5189,#4188,#4189);
#3525=AXIS2_PLACEMENT_3D('',#5191,#4190,#4191);
#3526=AXIS2_PLACEMENT_3D('',#5193,#4192,#4193);
#3527=AXIS2_PLACEMENT_3D('',#5195,#4194,#4195);
#3528=AXIS2_PLACEMENT_3D('',#5197,#4196,#4197);
#3529=AXIS2_PLACEMENT_3D('',#5199,#4198,#4199);
#3530=AXIS2_PLACEMENT_3D('',#5202,#4201,#4202);
#3531=AXIS2_PLACEMENT_3D('',#5204,#4204,#4205);
#3532=AXIS2_PLACEMENT_3D('',#5206,#4207,#4208);
#3533=AXIS2_PLACEMENT_3D('',#5208,#4210,#4211);
#3534=AXIS2_PLACEMENT_3D('',#5210,#4213,#4214);
#3535=AXIS2_PLACEMENT_3D('',#5212,#4216,#4217);
#3536=AXIS2_PLACEMENT_3D('',#5214,#4219,#4220);
#3537=AXIS2_PLACEMENT_3D('',#5217,#4222,#4223);
#3538=AXIS2_PLACEMENT_3D('',#5218,#4224,#4225);
#3539=AXIS2_PLACEMENT_3D('',#5220,#4227,#4228);
#3540=AXIS2_PLACEMENT_3D('',#5221,#4229,#4230);
#3541=AXIS2_PLACEMENT_3D('',#5223,#4232,#4233);
#3542=AXIS2_PLACEMENT_3D('',#5224,#4234,#4235);
#3543=AXIS2_PLACEMENT_3D('',#5245,#4237,#4238);
#3544=AXIS2_PLACEMENT_3D('',#5246,#4239,#4240);
#3545=AXIS2_PLACEMENT_3D('',#5249,#4242,#4243);
#3546=AXIS2_PLACEMENT_3D('',#5250,#4244,#4245);
#3547=AXIS2_PLACEMENT_3D('',#5251,#4246,#4247);
#3548=AXIS2_PLACEMENT_3D('',#5254,#4248,#4249);
#3549=AXIS2_PLACEMENT_3D('',#5257,#4251,#4252);
#3550=AXIS2_PLACEMENT_3D('',#5258,#4253,#4254);
#3551=AXIS2_PLACEMENT_3D('',#5260,#4256,#4257);
#3552=AXIS2_PLACEMENT_3D('',#5261,#4258,#4259);
#3553=AXIS2_PLACEMENT_3D('',#5266,#4261,#4262);
#3554=AXIS2_PLACEMENT_3D('',#5267,#4263,#4264);
#3555=AXIS2_PLACEMENT_3D('',#5268,#4265,#4266);
#3556=AXIS2_PLACEMENT_3D('',#5269,#4267,#4268);
#3557=AXIS2_PLACEMENT_3D('',#5272,#4270,#4271);
#3558=AXIS2_PLACEMENT_3D('',#5273,#4272,#4273);
#3559=AXIS2_PLACEMENT_3D('',#5277,#4275,#4276);
#3560=AXIS2_PLACEMENT_3D('',#5278,#4277,#4278);
#3561=AXIS2_PLACEMENT_3D('',#5279,#4279,#4280);
#3562=AXIS2_PLACEMENT_3D('',#5281,#4281,#4282);
#3563=AXIS2_PLACEMENT_3D('',#5291,#4287,#4288);
#3564=AXIS2_PLACEMENT_3D('',#5292,#4289,#4290);
#3565=AXIS2_PLACEMENT_3D('',#5296,#4292,#4293);
#3566=AXIS2_PLACEMENT_3D('',#5297,#4294,#4295);
#3567=AXIS2_PLACEMENT_3D('',#5300,#4297,#4298);
#3568=AXIS2_PLACEMENT_3D('',#5301,#4299,#4300);
#3569=AXIS2_PLACEMENT_3D('',#5307,#4304,#4305);
#3570=AXIS2_PLACEMENT_3D('',#5310,#4307,#4308);
#3571=AXIS2_PLACEMENT_3D('',#5311,#4309,#4310);
#3572=AXIS2_PLACEMENT_3D('',#5317,#4314,#4315);
#3573=AXIS2_PLACEMENT_3D('',#5318,#4316,#4317);
#3574=AXIS2_PLACEMENT_3D('',#5320,#4318,#4319);
#3575=AXIS2_PLACEMENT_3D('',#5323,#4321,#4322);
#3576=AXIS2_PLACEMENT_3D('',#5324,#4323,#4324);
#3577=AXIS2_PLACEMENT_3D('',#5325,#4325,#4326);
#3578=AXIS2_PLACEMENT_3D('',#5327,#4328,#4329);
#3579=AXIS2_PLACEMENT_3D('',#5328,#4330,#4331);
#3580=AXIS2_PLACEMENT_3D('',#5331,#4333,#4334);
#3581=AXIS2_PLACEMENT_3D('',#5351,#4336,#4337);
#3582=AXIS2_PLACEMENT_3D('',#5354,#4339,#4340);
#3583=AXIS2_PLACEMENT_3D('',#5355,#4341,#4342);
#3584=AXIS2_PLACEMENT_3D('',#5356,#4343,#4344);
#3585=AXIS2_PLACEMENT_3D('',#5358,#4345,#4346);
#3586=AXIS2_PLACEMENT_3D('',#5361,#4348,#4349);
#3587=AXIS2_PLACEMENT_3D('',#5362,#4350,#4351);
#3588=AXIS2_PLACEMENT_3D('',#5365,#4353,#4354);
#3589=AXIS2_PLACEMENT_3D('',#5366,#4355,#4356);
#3590=AXIS2_PLACEMENT_3D('',#5367,#4357,#4358);
#3591=AXIS2_PLACEMENT_3D('',#5369,#4359,#4360);
#3592=AXIS2_PLACEMENT_3D('',#5372,#4362,#4363);
#3593=AXIS2_PLACEMENT_3D('',#5373,#4364,#4365);
#3594=AXIS2_PLACEMENT_3D('',#5374,#4366,#4367);
#3595=AXIS2_PLACEMENT_3D('',#5375,#4368,#4369);
#3596=AXIS2_PLACEMENT_3D('',#5376,#4370,#4371);
#3597=AXIS2_PLACEMENT_3D('',#5378,#4372,#4373);
#3598=AXIS2_PLACEMENT_3D('',#5380,#4374,#4375);
#3599=AXIS2_PLACEMENT_3D('',#5382,#4376,#4377);
#3600=AXIS2_PLACEMENT_3D('',#5392,#4382,#4383);
#3601=AXIS2_PLACEMENT_3D('',#5393,#4384,#4385);
#3602=AXIS2_PLACEMENT_3D('',#5395,#4386,#4387);
#3603=AXIS2_PLACEMENT_3D('',#5397,#4388,#4389);
#3604=AXIS2_PLACEMENT_3D('',#5400,#4391,#4392);
#3605=AXIS2_PLACEMENT_3D('',#5401,#4393,#4394);
#3606=AXIS2_PLACEMENT_3D('',#5402,#4395,#4396);
#3607=AXIS2_PLACEMENT_3D('',#5404,#4397,#4398);
#3608=AXIS2_PLACEMENT_3D('',#5406,#4399,#4400);
#3609=AXIS2_PLACEMENT_3D('',#5416,#4405,#4406);
#3610=AXIS2_PLACEMENT_3D('',#5425,#4411,#4412);
#3611=AXIS2_PLACEMENT_3D('',#5429,#4416,#4417);
#3612=AXIS2_PLACEMENT_3D('',#5431,#4419,#4420);
#3613=AXIS2_PLACEMENT_3D('',#5434,#4422,#4423);
#3614=AXIS2_PLACEMENT_3D('',#5435,#4424,#4425);
#3615=AXIS2_PLACEMENT_3D('',#5436,#4426,#4427);
#3616=AXIS2_PLACEMENT_3D('',#5438,#4428,#4429);
#3617=AXIS2_PLACEMENT_3D('',#5440,#4430,#4431);
#3618=AXIS2_PLACEMENT_3D('',#5442,#4433,#4434);
#3619=AXIS2_PLACEMENT_3D('',#5445,#4436,#4437);
#3620=AXIS2_PLACEMENT_3D('',#5446,#4438,#4439);
#3621=AXIS2_PLACEMENT_3D('',#5447,#4440,#4441);
#3622=AXIS2_PLACEMENT_3D('',#5449,#4442,#4443);
#3623=AXIS2_PLACEMENT_3D('',#5451,#4445,#4446);
#3624=AXIS2_PLACEMENT_3D('',#5453,#4448,#4449);
#3625=AXIS2_PLACEMENT_3D('',#5454,#4450,#4451);
#3626=AXIS2_PLACEMENT_3D('',#5456,#4452,#4453);
#3627=AXIS2_PLACEMENT_3D('',#5458,#4455,#4456);
#3628=AXIS2_PLACEMENT_3D('',#5460,#4458,#4459);
#3629=AXIS2_PLACEMENT_3D('',#5463,#4462,#4463);
#3630=AXIS2_PLACEMENT_3D('',#5464,#4464,#4465);
#3631=AXIS2_PLACEMENT_3D('',#5465,#4466,#4467);
#3632=AXIS2_PLACEMENT_3D('',#5466,#4468,#4469);
#3633=AXIS2_PLACEMENT_3D('',#5467,#4470,#4471);
#3634=AXIS2_PLACEMENT_3D('',#5469,#4472,#4473);
#3635=AXIS2_PLACEMENT_3D('',#5470,#4474,#4475);
#3636=AXIS2_PLACEMENT_3D('',#5473,#4476,#4477);
#3637=AXIS2_PLACEMENT_3D('',#5475,#4479,#4480);
#3638=AXIS2_PLACEMENT_3D('',#5478,#4482,#4483);
#3639=AXIS2_PLACEMENT_3D('',#5479,#4484,#4485);
#3640=AXIS2_PLACEMENT_3D('',#5482,#4487,#4488);
#3641=AXIS2_PLACEMENT_3D('',#5483,#4489,#4490);
#3642=AXIS2_PLACEMENT_3D('',#5555,#4494,#4495);
#3643=AXIS2_PLACEMENT_3D('',#5624,#4498,#4499);
#3644=AXIS2_PLACEMENT_3D('',#5696,#4503,#4504);
#3645=AXIS2_PLACEMENT_3D('',#5765,#4507,#4508);
#3646=AXIS2_PLACEMENT_3D('',#5831,#4510,#4511);
#3647=AXIS2_PLACEMENT_3D('',#5833,#4513,#4514);
#3648=AXIS2_PLACEMENT_3D('',#5898,#4515,#4516);
#3649=AXIS2_PLACEMENT_3D('',#5899,#4517,#4518);
#3650=AXIS2_PLACEMENT_3D('',#5900,#4519,#4520);
#3651=AXIS2_PLACEMENT_3D('',#5901,#4521,#4522);
#3652=AXIS2_PLACEMENT_3D('',#5902,#4523,#4524);
#3653=AXIS2_PLACEMENT_3D('',#5903,#4525,#4526);
#3654=AXIS2_PLACEMENT_3D('',#5904,#4527,#4528);
#3655=AXIS2_PLACEMENT_3D('',#5905,#4529,#4530);
#3656=AXIS2_PLACEMENT_3D('',#5906,#4531,#4532);
#3657=AXIS2_PLACEMENT_3D('',#5907,#4533,#4534);
#3658=AXIS2_PLACEMENT_3D('',#5908,#4535,#4536);
#3659=AXIS2_PLACEMENT_3D('',#5909,#4537,#4538);
#3660=AXIS2_PLACEMENT_3D('',#5913,#4540,#4541);
#3661=AXIS2_PLACEMENT_3D('',#5915,#4542,#4543);
#3662=AXIS2_PLACEMENT_3D('',#5916,#4544,#4545);
#3663=AXIS2_PLACEMENT_3D('',#5917,#4546,#4547);
#3664=AXIS2_PLACEMENT_3D('',#5918,#4548,#4549);
#3665=AXIS2_PLACEMENT_3D('',#5919,#4550,#4551);
#3666=AXIS2_PLACEMENT_3D('',#5920,#4552,#4553);
#3667=AXIS2_PLACEMENT_3D('',#5922,#4554,#4555);
#3668=AXIS2_PLACEMENT_3D('',#5923,#4556,#4557);
#3669=AXIS2_PLACEMENT_3D('',#5924,#4558,#4559);
#3670=AXIS2_PLACEMENT_3D('',#5925,#4560,#4561);
#3671=AXIS2_PLACEMENT_3D('',#5926,#4562,#4563);
#3672=AXIS2_PLACEMENT_3D('',#5927,#4564,#4565);
#3673=AXIS2_PLACEMENT_3D('',#5928,#4566,#4567);
#3674=AXIS2_PLACEMENT_3D('',#5930,#4568,#4569);
#3675=AXIS2_PLACEMENT_3D('',#5932,#4570,#4571);
#3676=AXIS2_PLACEMENT_3D('',#5933,#4572,#4573);
#3677=AXIS2_PLACEMENT_3D('',#5935,#4574,#4575);
#3678=AXIS2_PLACEMENT_3D('',#5937,#4576,#4577);
#3679=AXIS2_PLACEMENT_3D('',#5939,#4579,#4580);
#3680=AXIS2_PLACEMENT_3D('',#5941,#4582,#4583);
#3681=AXIS2_PLACEMENT_3D('',#5942,#4584,#4585);
#3682=AXIS2_PLACEMENT_3D('',#5943,#4586,#4587);
#3683=AXIS2_PLACEMENT_3D('',#5944,#4588,#4589);
#3684=AXIS2_PLACEMENT_3D('',#5945,#4590,#4591);
#3685=AXIS2_PLACEMENT_3D('',#5946,#4592,#4593);
#3686=AXIS2_PLACEMENT_3D('',#5947,#4594,#4595);
#3687=AXIS2_PLACEMENT_3D('',#5948,#4596,#4597);
#3688=AXIS2_PLACEMENT_3D('',#5952,#4599,#4600);
#3689=AXIS2_PLACEMENT_3D('',#5953,#4601,#4602);
#3690=AXIS2_PLACEMENT_3D('',#5954,#4603,#4604);
#3691=AXIS2_PLACEMENT_3D('',#5958,#4606,#4607);
#3692=AXIS2_PLACEMENT_3D('',#5959,#4608,#4609);
#3693=AXIS2_PLACEMENT_3D('',#5960,#4610,#4611);
#3694=AXIS2_PLACEMENT_3D('',#5964,#4613,#4614);
#3695=AXIS2_PLACEMENT_3D('',#5965,#4615,#4616);
#3696=AXIS2_PLACEMENT_3D('',#5966,#4617,#4618);
#3697=AXIS2_PLACEMENT_3D('',#5970,#4620,#4621);
#3698=AXIS2_PLACEMENT_3D('',#5971,#4622,#4623);
#3699=AXIS2_PLACEMENT_3D('',#5972,#4624,#4625);
#3700=AXIS2_PLACEMENT_3D('',#5976,#4627,#4628);
#3701=AXIS2_PLACEMENT_3D('',#5977,#4629,#4630);
#3702=AXIS2_PLACEMENT_3D('',#5978,#4631,#4632);
#3703=AXIS2_PLACEMENT_3D('',#5982,#4634,#4635);
#3704=AXIS2_PLACEMENT_3D('',#5983,#4636,#4637);
#3705=AXIS2_PLACEMENT_3D('',#5984,#4638,#4639);
#3706=AXIS2_PLACEMENT_3D('',#5988,#4641,#4642);
#3707=AXIS2_PLACEMENT_3D('',#5989,#4643,#4644);
#3708=AXIS2_PLACEMENT_3D('',#5990,#4645,#4646);
#3709=AXIS2_PLACEMENT_3D('',#5994,#4648,#4649);
#3710=AXIS2_PLACEMENT_3D('',#5995,#4650,#4651);
#3711=AXIS2_PLACEMENT_3D('',#5996,#4652,#4653);
#3712=AXIS2_PLACEMENT_3D('',#6000,#4655,#4656);
#3713=AXIS2_PLACEMENT_3D('',#6001,#4657,#4658);
#3714=AXIS2_PLACEMENT_3D('',#6002,#4659,#4660);
#3715=AXIS2_PLACEMENT_3D('',#6006,#4662,#4663);
#3716=AXIS2_PLACEMENT_3D('',#6007,#4664,#4665);
#3717=AXIS2_PLACEMENT_3D('',#6008,#4666,#4667);
#3718=AXIS2_PLACEMENT_3D('',#6012,#4669,#4670);
#3719=AXIS2_PLACEMENT_3D('',#6013,#4671,#4672);
#3720=AXIS2_PLACEMENT_3D('',#6014,#4673,#4674);
#3721=AXIS2_PLACEMENT_3D('',#6016,#4675,#4676);
#3722=AXIS2_PLACEMENT_3D('',#6017,#4677,#4678);
#3723=AXIS2_PLACEMENT_3D('',#6019,#4679,#4680);
#3724=AXIS2_PLACEMENT_3D('',#6020,#4681,#4682);
#3725=AXIS2_PLACEMENT_3D('',#6022,#4683,#4684);
#3726=AXIS2_PLACEMENT_3D('',#6023,#4685,#4686);
#3727=AXIS2_PLACEMENT_3D('',#6025,#4687,#4688);
#3728=AXIS2_PLACEMENT_3D('',#6026,#4689,#4690);
#3729=AXIS2_PLACEMENT_3D('',#6028,#4691,#4692);
#3730=AXIS2_PLACEMENT_3D('',#6029,#4693,#4694);
#3731=AXIS2_PLACEMENT_3D('',#6031,#4695,#4696);
#3732=AXIS2_PLACEMENT_3D('',#6032,#4697,#4698);
#3733=AXIS2_PLACEMENT_3D('',#6034,#4699,#4700);
#3734=AXIS2_PLACEMENT_3D('',#6035,#4701,#4702);
#3735=AXIS2_PLACEMENT_3D('',#6037,#4703,#4704);
#3736=AXIS2_PLACEMENT_3D('',#6038,#4705,#4706);
#3737=AXIS2_PLACEMENT_3D('',#6040,#4707,#4708);
#3738=AXIS2_PLACEMENT_3D('',#6041,#4709,#4710);
#3739=AXIS2_PLACEMENT_3D('',#6043,#4711,#4712);
#3740=AXIS2_PLACEMENT_3D('',#6044,#4713,#4714);
#3741=AXIS2_PLACEMENT_3D('',#6046,#4715,#4716);
#3742=AXIS2_PLACEMENT_3D('',#6047,#4717,#4718);
#3743=AXIS2_PLACEMENT_3D('',#6057,#4723,#4724);
#3744=AXIS2_PLACEMENT_3D('',#6063,#4728,#4729);
#3745=AXIS2_PLACEMENT_3D('',#6066,#4731,#4732);
#3746=AXIS2_PLACEMENT_3D('',#6067,#4733,#4734);
#3747=AXIS2_PLACEMENT_3D('',#6071,#4737,#4738);
#3748=AXIS2_PLACEMENT_3D('',#6075,#4741,#4742);
#3749=AXIS2_PLACEMENT_3D('',#6077,#4744,#4745);
#3750=AXIS2_PLACEMENT_3D('',#6080,#4747,#4748);
#3751=AXIS2_PLACEMENT_3D('',#6081,#4749,#4750);
#3752=AXIS2_PLACEMENT_3D('',#6084,#4752,#4753);
#3753=AXIS2_PLACEMENT_3D('',#6085,#4754,#4755);
#3754=AXIS2_PLACEMENT_3D('',#6088,#4757,#4758);
#3755=AXIS2_PLACEMENT_3D('',#6089,#4759,#4760);
#3756=AXIS2_PLACEMENT_3D('',#6092,#4762,#4763);
#3757=AXIS2_PLACEMENT_3D('',#6093,#4764,#4765);
#3758=AXIS2_PLACEMENT_3D('',#6096,#4767,#4768);
#3759=AXIS2_PLACEMENT_3D('',#6097,#4769,#4770);
#3760=AXIS2_PLACEMENT_3D('',#6100,#4772,#4773);
#3761=AXIS2_PLACEMENT_3D('',#6101,#4774,#4775);
#3762=AXIS2_PLACEMENT_3D('',#6104,#4777,#4778);
#3763=AXIS2_PLACEMENT_3D('',#6105,#4779,#4780);
#3764=AXIS2_PLACEMENT_3D('',#6108,#4782,#4783);
#3765=AXIS2_PLACEMENT_3D('',#6109,#4784,#4785);
#3766=AXIS2_PLACEMENT_3D('',#6112,#4787,#4788);
#3767=AXIS2_PLACEMENT_3D('',#6113,#4789,#4790);
#3768=AXIS2_PLACEMENT_3D('',#6116,#4792,#4793);
#3769=AXIS2_PLACEMENT_3D('',#6117,#4794,#4795);
#3770=AXIS2_PLACEMENT_3D('',#6120,#4797,#4798);
#3771=AXIS2_PLACEMENT_3D('',#6121,#4799,#4800);
#3772=AXIS2_PLACEMENT_3D('',#6122,#4801,#4802);
#3773=AXIS2_PLACEMENT_3D('',#6124,#4803,#4804);
#3774=AXIS2_PLACEMENT_3D('',#6125,#4805,#4806);
#3775=AXIS2_PLACEMENT_3D('',#6127,#4807,#4808);
#3776=AXIS2_PLACEMENT_3D('',#6129,#4810,#4811);
#3777=AXIS2_PLACEMENT_3D('',#6130,#4812,#4813);
#3778=DIRECTION('',(0.,0.,1.));
#3779=DIRECTION('',(1.,0.,0.));
#3780=DIRECTION('',(1.,0.,0.));
#3781=DIRECTION('',(0.,-8.49439749333216E-16,-1.));
#3782=DIRECTION('',(0.499999999999998,6.29578878034361E-16,0.86602540378444));
#3783=DIRECTION('',(-1.,2.9209124135582E-31,1.23259516440783E-31));
#3784=DIRECTION('',(-1.23259516440797E-31,-4.63241748379817E-14,-1.));
#3785=DIRECTION('',(1.,-2.9209124135582E-31,-1.23259516440783E-31));
#3786=DIRECTION('',(-1.23259516440783E-31,-8.49439749333216E-16,-1.));
#3787=DIRECTION('',(1.,-2.9209124135582E-31,-1.23259516440783E-31));
#3788=DIRECTION('',(1.,-2.9209124135582E-31,-1.23259516440783E-31));
#3789=DIRECTION('',(-1.23259516440783E-31,-8.49439749333216E-16,-1.));
#3790=DIRECTION('',(1.,0.,0.));
#3791=DIRECTION('',(0.,-1.,0.));
#3792=DIRECTION('',(1.,0.,0.));
#3793=DIRECTION('',(0.,-1.,0.));
#3794=DIRECTION('',(1.,0.,0.));
#3795=DIRECTION('',(0.,-1.,0.));
#3796=DIRECTION('',(0.707106781186538,0.707106781186557,8.65956056235505E-17));
#3797=DIRECTION('',(1.,0.,0.));
#3798=DIRECTION('',(0.,-1.,0.));
#3799=DIRECTION('',(1.,-2.9209124135582E-31,-1.23259516440783E-31));
#3800=DIRECTION('',(-1.23259516440783E-31,-8.49439749333216E-16,-1.));
#3801=DIRECTION('',(1.,-2.9209124135582E-31,-1.23259516440783E-31));
#3802=DIRECTION('',(1.,0.,0.));
#3803=DIRECTION('',(0.,-8.49439749333216E-16,-1.));
#3804=DIRECTION('',(0.499999999999998,6.29578878034361E-16,0.86602540378444));
#3805=DIRECTION('',(-1.,2.9209124135582E-31,1.23259516440783E-31));
#3806=DIRECTION('',(-1.23259516440793E-31,-3.4955491065818E-14,-1.));
#3807=DIRECTION('',(1.,-2.9209124135582E-31,-1.23259516440783E-31));
#3808=DIRECTION('',(-1.23259516440783E-31,-8.49439749333216E-16,-1.));
#3809=DIRECTION('',(1.,-2.9209124135582E-31,-1.23259516440783E-31));
#3810=DIRECTION('',(1.,-2.9209124135582E-31,-1.23259516440783E-31));
#3811=DIRECTION('',(-1.23259516440783E-31,-8.49439749333216E-16,-1.));
#3812=DIRECTION('',(1.,0.,0.));
#3813=DIRECTION('',(0.,-1.,0.));
#3814=DIRECTION('',(1.,0.,0.));
#3815=DIRECTION('',(0.,-1.,0.));
#3816=DIRECTION('',(1.,0.,0.));
#3817=DIRECTION('',(0.,-1.,0.));
#3818=DIRECTION('',(0.707106781186575,0.70710678118652,8.65956056235459E-17));
#3819=DIRECTION('',(1.,0.,0.));
#3820=DIRECTION('',(0.,-1.,0.));
#3821=DIRECTION('',(1.,-2.9209124135582E-31,-1.23259516440783E-31));
#3822=DIRECTION('',(-1.23259516440783E-31,-8.49439749333216E-16,-1.));
#3823=DIRECTION('',(1.,-2.9209124135582E-31,-1.23259516440783E-31));
#3824=DIRECTION('',(1.,0.,0.));
#3825=DIRECTION('',(0.,-8.49439749333216E-16,-1.));
#3826=DIRECTION('',(0.499999999999998,6.29578878034361E-16,0.86602540378444));
#3827=DIRECTION('',(-1.,2.9209124135582E-31,1.23259516440783E-31));
#3828=DIRECTION('',(-1.23259516440793E-31,-3.4955491065818E-14,-1.));
#3829=DIRECTION('',(1.,-2.9209124135582E-31,-1.23259516440783E-31));
#3830=DIRECTION('',(-1.23259516440783E-31,-8.49439749333216E-16,-1.));
#3831=DIRECTION('',(1.,-2.9209124135582E-31,-1.23259516440783E-31));
#3832=DIRECTION('',(1.,-2.9209124135582E-31,-1.23259516440783E-31));
#3833=DIRECTION('',(-1.23259516440783E-31,-8.49439749333216E-16,-1.));
#3834=DIRECTION('',(1.,0.,0.));
#3835=DIRECTION('',(0.,-1.,0.));
#3836=DIRECTION('',(1.,0.,0.));
#3837=DIRECTION('',(0.,-1.,0.));
#3838=DIRECTION('',(1.,0.,0.));
#3839=DIRECTION('',(0.,-1.,0.));
#3840=DIRECTION('',(0.707106781186575,0.70710678118652,8.65956056235459E-17));
#3841=DIRECTION('',(1.,0.,0.));
#3842=DIRECTION('',(0.,-1.,0.));
#3843=DIRECTION('',(1.,-2.9209124135582E-31,-1.23259516440783E-31));
#3844=DIRECTION('',(-1.23259516440783E-31,-8.49439749333216E-16,-1.));
#3845=DIRECTION('',(1.,-2.9209124135582E-31,-1.23259516440783E-31));
#3846=DIRECTION('',(-1.,0.,0.));
#3847=DIRECTION('',(0.,1.17756934401284E-16,1.));
#3848=DIRECTION('',(-0.499999999999998,-2.08038020535781E-16,-0.86602540378444));
#3849=DIRECTION('',(1.,-4.56684252574365E-32,0.));
#3850=DIRECTION('',(-1.55219188161593E-45,-3.39882943820835E-14,1.));
#3851=DIRECTION('',(-1.,4.56684252574365E-32,0.));
#3852=DIRECTION('',(5.37777375724989E-48,1.17756934401284E-16,1.));
#3853=DIRECTION('',(-1.,4.56684252574365E-32,0.));
#3854=DIRECTION('',(-1.,4.56684252574365E-32,0.));
#3855=DIRECTION('',(5.37777375724989E-48,1.17756934401284E-16,1.));
#3856=DIRECTION('',(-1.,0.,0.));
#3857=DIRECTION('',(0.,1.,0.));
#3858=DIRECTION('',(-1.,0.,0.));
#3859=DIRECTION('',(0.,1.,0.));
#3860=DIRECTION('',(-0.707106781186575,-0.70710678118652,8.65956056235459E-17));
#3861=DIRECTION('',(-1.,0.,0.));
#3862=DIRECTION('',(0.,1.,0.));
#3863=DIRECTION('',(-1.,0.,0.));
#3864=DIRECTION('',(0.,1.,0.));
#3865=DIRECTION('',(-1.,4.56684252574365E-32,0.));
#3866=DIRECTION('',(5.37777375724989E-48,1.17756934401284E-16,1.));
#3867=DIRECTION('',(-1.,4.56684252574365E-32,0.));
#3868=DIRECTION('',(-1.,0.,0.));
#3869=DIRECTION('',(0.,1.17756934401284E-16,1.));
#3870=DIRECTION('',(-0.499999999999998,-2.08038020535781E-16,-0.86602540378444));
#3871=DIRECTION('',(1.,-4.56684252574365E-32,0.));
#3872=DIRECTION('',(-1.55219188161593E-45,-3.39882943820835E-14,1.));
#3873=DIRECTION('',(-1.,4.56684252574365E-32,0.));
#3874=DIRECTION('',(5.37777375724989E-48,1.17756934401284E-16,1.));
#3875=DIRECTION('',(-1.,4.56684252574365E-32,0.));
#3876=DIRECTION('',(-1.,4.56684252574365E-32,0.));
#3877=DIRECTION('',(5.37777375724989E-48,1.17756934401284E-16,1.));
#3878=DIRECTION('',(-1.,0.,0.));
#3879=DIRECTION('',(0.,1.,0.));
#3880=DIRECTION('',(-1.,0.,0.));
#3881=DIRECTION('',(0.,1.,0.));
#3882=DIRECTION('',(-0.707106781186575,-0.70710678118652,8.65956056235459E-17));
#3883=DIRECTION('',(-1.,0.,0.));
#3884=DIRECTION('',(0.,1.,0.));
#3885=DIRECTION('',(-1.,0.,0.));
#3886=DIRECTION('',(0.,1.,0.));
#3887=DIRECTION('',(-1.,4.56684252574365E-32,0.));
#3888=DIRECTION('',(5.37777375724989E-48,1.17756934401284E-16,1.));
#3889=DIRECTION('',(-1.,4.56684252574365E-32,0.));
#3890=DIRECTION('',(-1.,0.,0.));
#3891=DIRECTION('',(0.,1.17756934401284E-16,1.));
#3892=DIRECTION('',(-0.499999999999998,-2.08038020535781E-16,-0.86602540378444));
#3893=DIRECTION('',(1.,-4.56684252574365E-32,0.));
#3894=DIRECTION('',(-5.13812111367143E-46,-1.12509268377603E-14,1.));
#3895=DIRECTION('',(-1.,4.56684252574365E-32,0.));
#3896=DIRECTION('',(5.37777375724989E-48,1.17756934401284E-16,1.));
#3897=DIRECTION('',(-1.,4.56684252574365E-32,0.));
#3898=DIRECTION('',(-1.,4.56684252574365E-32,0.));
#3899=DIRECTION('',(5.37777375724989E-48,1.17756934401284E-16,1.));
#3900=DIRECTION('',(-1.,0.,0.));
#3901=DIRECTION('',(0.,1.,0.));
#3902=DIRECTION('',(-1.,0.,0.));
#3903=DIRECTION('',(0.,1.,0.));
#3904=DIRECTION('',(-0.707106781186538,-0.707106781186557,8.65956056235505E-17));
#3905=DIRECTION('',(-1.,0.,0.));
#3906=DIRECTION('',(0.,1.,0.));
#3907=DIRECTION('',(-1.,0.,0.));
#3908=DIRECTION('',(0.,1.,0.));
#3909=DIRECTION('',(-1.,4.56684252574365E-32,0.));
#3910=DIRECTION('',(5.37777375724989E-48,1.17756934401284E-16,1.));
#3911=DIRECTION('',(-1.,4.56684252574365E-32,0.));
#3912=DIRECTION('',(0.,0.,-1.));
#3913=DIRECTION('',(-1.,0.,0.));
#3914=DIRECTION('',(0.,0.,-1.));
#3915=DIRECTION('',(-1.,0.,0.));
#3916=DIRECTION('',(0.86602540378444,-1.06057523872491E-16,-0.499999999999998));
#3917=DIRECTION('',(0.,0.,-1.));
#3918=DIRECTION('',(-1.,0.,0.));
#3919=DIRECTION('',(0.,0.,-1.));
#3920=DIRECTION('',(-1.,0.,0.));
#3921=DIRECTION('',(0.,0.,1.));
#3922=DIRECTION('',(-0.707106781186549,0.707106781186546,0.));
#3923=DIRECTION('',(0.606108810937832,-0.60610881093783,0.515038074910058));
#3924=DIRECTION('',(-1.4791141972894E-31,4.93038065763132E-32,-1.));
#3925=DIRECTION('',(-0.707106781186546,-0.707106781186549,6.97261119368419E-32));
#3926=DIRECTION('',(0.,0.,-1.));
#3927=DIRECTION('',(0.707106781186549,-0.707106781186546,0.));
#3928=DIRECTION('',(-0.606108810937832,0.606108810937829,-0.515038074910058));
#3929=DIRECTION('',(1.23259516440783E-32,-1.23259516440783E-32,1.));
#3930=DIRECTION('',(-0.707106781186558,-0.707106781186537,2.58638095466202E-46));
#3931=DIRECTION('',(1.4791141972894E-31,-4.93038065763132E-32,1.));
#3932=DIRECTION('',(-0.707106781186549,0.707106781186546,1.39452223873684E-31));
#3933=DIRECTION('',(1.4791141972894E-31,-4.93038065763132E-32,1.));
#3934=DIRECTION('',(-0.707106781186549,0.707106781186546,1.39452223873684E-31));
#3935=DIRECTION('',(1.4791141972894E-31,-4.93038065763132E-32,1.));
#3936=DIRECTION('',(0.,0.,1.));
#3937=DIRECTION('',(1.,0.,0.));
#3938=DIRECTION('',(0.,0.,1.));
#3939=DIRECTION('',(1.,0.,0.));
#3940=DIRECTION('',(-1.23259516440783E-32,1.23259516440783E-32,-1.));
#3941=DIRECTION('',(0.707106781186549,-0.707106781186546,-1.74315279842105E-32));
#3942=DIRECTION('',(1.23259516440783E-32,-1.23259516440783E-32,1.));
#3943=DIRECTION('',(-0.707106781186526,-0.707106781186569,-5.29592290716508E-46));
#3944=DIRECTION('',(-1.23259516440783E-32,1.23259516440783E-32,-1.));
#3945=DIRECTION('',(-1.23259516440783E-32,1.23259516440783E-32,-1.));
#3946=DIRECTION('',(0.707106781186549,-0.707106781186546,-1.74315279842105E-32));
#3947=DIRECTION('',(0.,0.,1.));
#3948=DIRECTION('',(1.,0.,0.));
#3949=DIRECTION('',(0.,0.,1.));
#3950=DIRECTION('',(1.,0.,0.));
#3951=DIRECTION('',(-0.866025403784435,-1.0605752387249E-16,0.500000000000007));
#3952=DIRECTION('',(0.,0.,1.));
#3953=DIRECTION('',(1.,0.,0.));
#3954=DIRECTION('',(0.,0.,1.));
#3955=DIRECTION('',(1.,0.,0.));
#3956=DIRECTION('',(0.,0.,1.));
#3957=DIRECTION('',(1.,0.,0.));
#3958=DIRECTION('',(-0.86602540378444,-1.06057523872491E-16,0.499999999999998));
#3959=DIRECTION('',(0.,0.,1.));
#3960=DIRECTION('',(1.,0.,0.));
#3961=DIRECTION('',(1.4791141972894E-31,-4.93038065763132E-32,1.));
#3962=DIRECTION('',(-0.707106781186549,0.707106781186546,1.39452223873684E-31));
#3963=DIRECTION('',(1.4791141972894E-31,-4.93038065763132E-32,1.));
#3964=DIRECTION('',(0.,0.,-1.));
#3965=DIRECTION('',(0.707106781186549,-0.707106781186546,0.));
#3966=DIRECTION('',(-0.606108810937832,0.606108810937829,-0.515038074910058));
#3967=DIRECTION('',(1.4791141972894E-31,-4.93038065763132E-32,1.));
#3968=DIRECTION('',(-0.707106781186549,0.707106781186546,1.39452223873684E-31));
#3969=DIRECTION('',(-1.4791141972894E-31,4.93038065763132E-32,-1.));
#3970=DIRECTION('',(-0.707106781186543,-0.707106781186552,6.97261119368413E-32));
#3971=DIRECTION('',(1.4791141972894E-31,-4.93038065763132E-32,1.));
#3972=DIRECTION('',(1.4791141972894E-31,-4.93038065763132E-32,1.));
#3973=DIRECTION('',(-0.707106781186549,0.707106781186546,1.39452223873684E-31));
#3974=DIRECTION('',(0.,0.,1.));
#3975=DIRECTION('',(-0.707106781186549,0.707106781186546,0.));
#3976=DIRECTION('',(0.606108810937832,-0.60610881093783,0.515038074910058));
#3977=DIRECTION('',(-1.23259516440783E-32,1.23259516440783E-32,-1.));
#3978=DIRECTION('',(0.707106781186549,-0.707106781186546,-1.74315279842105E-32));
#3979=DIRECTION('',(-1.23259516440783E-32,1.23259516440783E-32,-1.));
#3980=DIRECTION('',(0.707106781186549,-0.707106781186546,-1.74315279842105E-32));
#3981=DIRECTION('',(-1.23259516440783E-32,1.23259516440783E-32,-1.));
#3982=DIRECTION('',(0.,0.,-1.));
#3983=DIRECTION('',(-1.,0.,0.));
#3984=DIRECTION('',(0.,0.,-1.));
#3985=DIRECTION('',(-1.,0.,0.));
#3986=DIRECTION('',(0.86602540378444,-1.06057523872491E-16,-0.499999999999998));
#3987=DIRECTION('',(0.,0.,-1.));
#3988=DIRECTION('',(-1.,0.,0.));
#3989=DIRECTION('',(0.,0.,-1.));
#3990=DIRECTION('',(-1.,0.,0.));
#3991=DIRECTION('',(-1.23259516440783E-32,1.23259516440783E-32,-1.));
#3992=DIRECTION('',(0.707106781186549,-0.707106781186546,-1.74315279842105E-32));
#3993=DIRECTION('',(-1.23259516440783E-32,1.23259516440783E-32,-1.));
#3994=DIRECTION('',(-7.54227598250786E-16,1.,0.));
#3995=DIRECTION('',(-1.,-7.54227598250786E-16,0.));
#3996=DIRECTION('',(-7.54227598250786E-16,1.,0.));
#3997=DIRECTION('',(-1.,-7.54227598250786E-16,0.));
#3998=DIRECTION('',(-7.54227598250786E-16,1.,0.));
#3999=DIRECTION('',(-7.54227598250786E-16,1.,0.));
#4000=DIRECTION('',(-1.,-7.54227598250786E-16,0.));
#4001=DIRECTION('',(-7.54227598250786E-16,1.,0.));
#4002=DIRECTION('',(-1.,-7.54227598250786E-16,0.));
#4003=DIRECTION('',(-7.54227598250786E-16,1.,0.));
#4004=DIRECTION('',(-1.,-7.54227598250786E-16,0.));
#4005=DIRECTION('',(-7.54227598250786E-16,1.,0.));
#4006=DIRECTION('',(-7.54227598250786E-16,1.,0.));
#4007=DIRECTION('',(-1.,-7.54227598250786E-16,0.));
#4008=DIRECTION('',(0.,-1.,0.));
#4009=DIRECTION('',(0.,0.,-1.));
#4010=DIRECTION('',(0.,0.,-1.));
#4011=DIRECTION('',(1.,0.,0.));
#4012=DIRECTION('',(0.,0.,-1.));
#4013=DIRECTION('',(1.,0.,0.));
#4014=DIRECTION('',(-7.54227598250786E-16,1.,0.));
#4015=DIRECTION('',(-1.,-7.54227598250786E-16,0.));
#4016=DIRECTION('',(-7.54227598250786E-16,1.,0.));
#4017=DIRECTION('',(-1.,-7.54227598250786E-16,0.));
#4018=DIRECTION('',(-7.54227598250786E-16,1.,0.));
#4019=DIRECTION('',(-7.54227598250786E-16,1.,0.));
#4020=DIRECTION('',(-1.,-7.54227598250786E-16,0.));
#4021=DIRECTION('',(-7.54227598250786E-16,1.,0.));
#4022=DIRECTION('',(-1.,-7.54227598250786E-16,0.));
#4023=DIRECTION('',(-7.54227598250786E-16,1.,0.));
#4024=DIRECTION('',(-1.,-7.54227598250786E-16,0.));
#4025=DIRECTION('',(-7.54227598250786E-16,1.,0.));
#4026=DIRECTION('',(-7.54227598250786E-16,1.,0.));
#4027=DIRECTION('',(-1.,-7.54227598250786E-16,0.));
#4028=DIRECTION('',(-7.54227598250786E-16,1.,0.));
#4029=DIRECTION('',(-1.,-7.54227598250786E-16,0.));
#4030=DIRECTION('',(-7.54227598250786E-16,1.,0.));
#4031=DIRECTION('',(-1.,-7.54227598250786E-16,0.));
#4032=DIRECTION('',(-7.54227598250786E-16,1.,0.));
#4033=DIRECTION('',(-7.54227598250786E-16,1.,0.));
#4034=DIRECTION('',(-1.,-7.54227598250786E-16,0.));
#4035=DIRECTION('',(-7.54227598250786E-16,1.,0.));
#4036=DIRECTION('',(-1.,-7.54227598250786E-16,0.));
#4037=DIRECTION('',(-7.54227598250786E-16,1.,0.));
#4038=DIRECTION('',(-1.,-7.54227598250786E-16,0.));
#4039=DIRECTION('',(-7.54227598250786E-16,1.,0.));
#4040=DIRECTION('',(-7.54227598250786E-16,1.,0.));
#4041=DIRECTION('',(-1.,-7.54227598250786E-16,0.));
#4042=DIRECTION('',(-7.54227598250786E-16,1.,0.));
#4043=DIRECTION('',(-1.,-7.54227598250786E-16,0.));
#4044=DIRECTION('',(-7.54227598250786E-16,1.,0.));
#4045=DIRECTION('',(-1.,-7.54227598250786E-16,0.));
#4046=DIRECTION('',(-7.54227598250786E-16,1.,0.));
#4047=DIRECTION('',(-7.54227598250786E-16,1.,0.));
#4048=DIRECTION('',(-1.,-7.54227598250786E-16,0.));
#4049=DIRECTION('',(-7.54227598250786E-16,1.,0.));
#4050=DIRECTION('',(-1.,-7.54227598250786E-16,0.));
#4051=DIRECTION('',(-7.54227598250786E-16,1.,0.));
#4052=DIRECTION('',(-1.,-7.54227598250786E-16,0.));
#4053=DIRECTION('',(-7.54227598250786E-16,1.,0.));
#4054=DIRECTION('',(-7.54227598250786E-16,1.,0.));
#4055=DIRECTION('',(-1.,-7.54227598250786E-16,0.));
#4056=DIRECTION('',(-7.54227598250786E-16,1.,0.));
#4057=DIRECTION('',(-1.,-7.54227598250786E-16,0.));
#4058=DIRECTION('',(-7.54227598250786E-16,1.,0.));
#4059=DIRECTION('',(-1.,-7.54227598250786E-16,0.));
#4060=DIRECTION('',(-7.54227598250786E-16,1.,0.));
#4061=DIRECTION('',(-7.54227598250786E-16,1.,0.));
#4062=DIRECTION('',(-1.,-7.54227598250786E-16,0.));
#4063=DIRECTION('',(-7.54227598250786E-16,1.,0.));
#4064=DIRECTION('',(-1.,-7.54227598250786E-16,0.));
#4065=DIRECTION('',(-7.54227598250786E-16,1.,0.));
#4066=DIRECTION('',(-1.,-7.54227598250786E-16,0.));
#4067=DIRECTION('',(-7.54227598250786E-16,1.,0.));
#4068=DIRECTION('',(-7.54227598250786E-16,1.,0.));
#4069=DIRECTION('',(-1.,-7.54227598250786E-16,0.));
#4070=DIRECTION('',(-1.23259516440783E-32,1.23259516440783E-32,-1.));
#4071=DIRECTION('',(0.707106781186549,-0.707106781186546,-1.74315279842105E-32));
#4072=DIRECTION('',(-1.23259516440783E-32,1.23259516440783E-32,-1.));
#4073=DIRECTION('',(2.10269512239613E-16,-1.,0.));
#4074=DIRECTION('',(1.,2.10269512239613E-16,0.));
#4075=DIRECTION('',(0.,0.,-1.));
#4076=DIRECTION('',(1.,2.10269512239613E-16,0.));
#4077=DIRECTION('',(0.,0.,-1.));
#4078=DIRECTION('',(1.,2.10269512239613E-16,0.));
#4079=DIRECTION('',(-7.54227598250786E-16,1.,0.));
#4080=DIRECTION('',(-1.,-7.54227598250786E-16,0.));
#4081=DIRECTION('',(-7.54227598250786E-16,1.,0.));
#4082=DIRECTION('',(-1.,-7.54227598250786E-16,0.));
#4083=DIRECTION('',(-7.54227598250786E-16,1.,0.));
#4084=DIRECTION('',(-7.54227598250786E-16,1.,0.));
#4085=DIRECTION('',(-1.,-7.54227598250786E-16,0.));
#4086=DIRECTION('',(-1.,0.,0.));
#4087=DIRECTION('',(0.,0.,1.));
#4088=DIRECTION('',(0.,0.,-1.));
#4089=DIRECTION('',(0.,-1.,0.));
#4090=DIRECTION('',(0.,-1.,0.));
#4091=DIRECTION('',(-1.,0.,0.));
#4092=DIRECTION('',(0.,0.,1.));
#4093=DIRECTION('',(0.,-1.,0.));
#4094=DIRECTION('',(0.,0.,-1.));
#4095=DIRECTION('',(0.,-1.,0.));
#4096=DIRECTION('',(1.4791141972894E-31,-4.93038065763132E-32,1.));
#4097=DIRECTION('',(-0.707106781186549,0.707106781186546,1.39452223873684E-31));
#4098=DIRECTION('',(1.4791141972894E-31,-4.93038065763132E-32,1.));
#4099=DIRECTION('',(-7.54227598250786E-16,1.,0.));
#4100=DIRECTION('',(-1.,-7.54227598250786E-16,0.));
#4101=DIRECTION('',(-7.54227598250786E-16,1.,0.));
#4102=DIRECTION('',(-1.,-7.54227598250786E-16,0.));
#4103=DIRECTION('',(-7.54227598250786E-16,1.,0.));
#4104=DIRECTION('',(-1.,-7.54227598250786E-16,0.));
#4105=DIRECTION('',(-7.54227598250786E-16,1.,0.));
#4106=DIRECTION('',(-1.,-7.54227598250786E-16,0.));
#4107=DIRECTION('',(-7.54227598250786E-16,1.,0.));
#4108=DIRECTION('',(-1.,-7.54227598250786E-16,0.));
#4109=DIRECTION('',(-7.54227598250786E-16,1.,0.));
#4110=DIRECTION('',(-1.,-7.54227598250786E-16,0.));
#4111=DIRECTION('',(-7.54227598250786E-16,1.,0.));
#4112=DIRECTION('',(-1.,-7.54227598250786E-16,0.));
#4113=DIRECTION('',(-7.54227598250786E-16,1.,0.));
#4114=DIRECTION('',(-1.,-7.54227598250786E-16,0.));
#4115=DIRECTION('',(-7.54227598250786E-16,1.,0.));
#4116=DIRECTION('',(-1.,-7.54227598250786E-16,0.));
#4117=DIRECTION('',(-7.54227598250786E-16,1.,0.));
#4118=DIRECTION('',(-1.,-7.54227598250786E-16,0.));
#4119=DIRECTION('',(-7.54227598250786E-16,1.,0.));
#4120=DIRECTION('',(-1.,-7.54227598250786E-16,0.));
#4121=DIRECTION('',(-7.54227598250786E-16,1.,0.));
#4122=DIRECTION('',(-1.,-7.54227598250786E-16,0.));
#4123=DIRECTION('',(0.,0.,-1.));
#4124=DIRECTION('',(-1.,-7.54227598250786E-16,0.));
#4125=DIRECTION('',(-1.,-7.54227598250786E-16,0.));
#4126=DIRECTION('',(-7.54227598250786E-16,1.,0.));
#4127=DIRECTION('',(-1.,-7.54227598250786E-16,0.));
#4128=DIRECTION('',(-7.54227598250786E-16,1.,0.));
#4129=DIRECTION('',(-1.,-7.54227598250786E-16,0.));
#4130=DIRECTION('',(-7.54227598250786E-16,1.,0.));
#4131=DIRECTION('',(-7.54227598250786E-16,1.,0.));
#4132=DIRECTION('',(-1.,-7.54227598250786E-16,0.));
#4133=DIRECTION('',(-7.54227598250786E-16,1.,0.));
#4134=DIRECTION('',(-1.,-7.54227598250786E-16,0.));
#4135=DIRECTION('',(-7.54227598250786E-16,1.,0.));
#4136=DIRECTION('',(-7.54227598250786E-16,1.,0.));
#4137=DIRECTION('',(-1.,-7.54227598250786E-16,0.));
#4138=DIRECTION('',(1.,0.,0.));
#4139=DIRECTION('',(0.,0.,-1.));
#4140=DIRECTION('',(0.,0.,-1.));
#4141=DIRECTION('',(0.,1.,0.));
#4142=DIRECTION('',(0.,1.,0.));
#4143=DIRECTION('',(-7.54227598250786E-16,1.,0.));
#4144=DIRECTION('',(-1.,-7.54227598250786E-16,0.));
#4145=DIRECTION('',(-7.54227598250786E-16,1.,0.));
#4146=DIRECTION('',(-1.,-7.54227598250786E-16,0.));
#4147=DIRECTION('',(-7.54227598250786E-16,1.,0.));
#4148=DIRECTION('',(2.10269512239613E-16,1.,0.));
#4149=DIRECTION('',(-1.,2.10269512239613E-16,0.));
#4150=DIRECTION('',(0.,0.,1.));
#4151=DIRECTION('',(-1.,2.10269512239613E-16,0.));
#4152=DIRECTION('',(0.,0.,-1.));
#4153=DIRECTION('',(-1.,2.10269512239613E-16,0.));
#4154=DIRECTION('',(0.,0.,-1.));
#4155=DIRECTION('',(-1.,0.,0.));
#4156=DIRECTION('',(-1.,0.,0.));
#4157=DIRECTION('',(0.,1.,0.));
#4158=DIRECTION('',(0.,1.,0.));
#4159=DIRECTION('',(1.,-7.54227598250786E-16,0.));
#4160=DIRECTION('',(0.,-1.,0.));
#4161=DIRECTION('',(-7.54227598250786E-16,1.,0.));
#4162=DIRECTION('',(-1.,-7.54227598250786E-16,0.));
#4163=DIRECTION('',(-7.54227598250786E-16,1.,0.));
#4164=DIRECTION('',(-1.,-7.54227598250786E-16,0.));
#4165=DIRECTION('',(-7.54227598250786E-16,1.,0.));
#4166=DIRECTION('',(-1.,0.,0.));
#4167=DIRECTION('',(0.,0.,1.));
#4168=DIRECTION('',(0.,-1.,0.));
#4169=DIRECTION('',(0.,0.,-1.));
#4170=DIRECTION('',(-1.,0.,0.));
#4171=DIRECTION('',(0.,0.,1.));
#4172=DIRECTION('',(0.,0.,1.));
#4173=DIRECTION('',(0.,1.,0.));
#4174=DIRECTION('',(-7.54227598250786E-16,1.,0.));
#4175=DIRECTION('',(-1.,-7.54227598250786E-16,0.));
#4176=DIRECTION('',(-7.54227598250786E-16,1.,0.));
#4177=DIRECTION('',(-1.,-7.54227598250786E-16,0.));
#4178=DIRECTION('',(-7.54227598250786E-16,1.,0.));
#4179=DIRECTION('',(-7.54227598250786E-16,1.,0.));
#4180=DIRECTION('',(-1.,-7.54227598250786E-16,0.));
#4181=DIRECTION('',(-7.54227598250786E-16,1.,0.));
#4182=DIRECTION('',(-1.,-7.54227598250786E-16,0.));
#4183=DIRECTION('',(-7.54227598250786E-16,1.,0.));
#4184=DIRECTION('',(0.,1.,0.));
#4185=DIRECTION('',(0.,0.,1.));
#4186=DIRECTION('',(-7.54227598250786E-16,1.,0.));
#4187=DIRECTION('',(-1.,-7.54227598250786E-16,0.));
#4188=DIRECTION('',(-7.54227598250786E-16,1.,0.));
#4189=DIRECTION('',(-1.,-7.54227598250786E-16,0.));
#4190=DIRECTION('',(-7.54227598250786E-16,1.,0.));
#4191=DIRECTION('',(-1.,-7.54227598250786E-16,0.));
#4192=DIRECTION('',(-7.54227598250786E-16,1.,0.));
#4193=DIRECTION('',(-1.,-7.54227598250786E-16,0.));
#4194=DIRECTION('',(-7.54227598250786E-16,1.,0.));
#4195=DIRECTION('',(-1.,-7.54227598250786E-16,0.));
#4196=DIRECTION('',(-7.54227598250786E-16,1.,0.));
#4197=DIRECTION('',(-1.,-7.54227598250786E-16,0.));
#4198=DIRECTION('',(-7.54227598250786E-16,1.,0.));
#4199=DIRECTION('',(-1.,-7.54227598250786E-16,0.));
#4200=DIRECTION('',(-1.,0.,0.));
#4201=DIRECTION('',(-7.54227598250786E-16,1.,0.));
#4202=DIRECTION('',(-1.,-7.54227598250786E-16,0.));
#4203=DIRECTION('',(-7.54227598250786E-16,1.,0.));
#4204=DIRECTION('',(-7.54227598250786E-16,1.,0.));
#4205=DIRECTION('',(-1.,-7.54227598250786E-16,0.));
#4206=DIRECTION('',(-7.54227598250786E-16,1.,0.));
#4207=DIRECTION('',(-7.54227598250786E-16,1.,0.));
#4208=DIRECTION('',(-1.,-7.54227598250786E-16,0.));
#4209=DIRECTION('',(-7.54227598250786E-16,1.,0.));
#4210=DIRECTION('',(-7.54227598250786E-16,1.,0.));
#4211=DIRECTION('',(-1.,-7.54227598250786E-16,0.));
#4212=DIRECTION('',(-7.54227598250786E-16,1.,0.));
#4213=DIRECTION('',(-7.54227598250786E-16,1.,0.));
#4214=DIRECTION('',(-1.,-7.54227598250786E-16,0.));
#4215=DIRECTION('',(-7.54227598250786E-16,1.,0.));
#4216=DIRECTION('',(1.,0.,0.));
#4217=DIRECTION('',(0.,0.,-1.));
#4218=DIRECTION('',(0.,1.,0.));
#4219=DIRECTION('',(-7.54227598250786E-16,1.,0.));
#4220=DIRECTION('',(-1.,-7.54227598250786E-16,0.));
#4221=DIRECTION('',(-7.54227598250786E-16,1.,0.));
#4222=DIRECTION('',(-7.54227598250786E-16,1.,0.));
#4223=DIRECTION('',(-1.,-7.54227598250786E-16,0.));
#4224=DIRECTION('',(-7.54227598250786E-16,-1.,0.));
#4225=DIRECTION('',(1.,-7.54227598250786E-16,0.));
#4226=DIRECTION('',(1.,-7.54227598250786E-16,0.));
#4227=DIRECTION('',(0.,0.,-1.));
#4228=DIRECTION('',(-1.,0.,0.));
#4229=DIRECTION('',(-7.54227598250786E-16,1.,0.));
#4230=DIRECTION('',(-1.,-7.54227598250786E-16,0.));
#4231=DIRECTION('',(-7.54227598250786E-16,1.,0.));
#4232=DIRECTION('',(0.,0.,1.));
#4233=DIRECTION('',(1.,0.,0.));
#4234=DIRECTION('',(1.,0.,0.));
#4235=DIRECTION('',(0.,-1.17756934401284E-16,-1.));
#4236=DIRECTION('',(0.499999999999998,-4.07702720920107E-18,0.86602540378444));
#4237=DIRECTION('',(-1.,4.04922999830496E-32,0.));
#4238=DIRECTION('',(-9.25456556542493E-46,-2.28551244787255E-14,-1.));
#4239=DIRECTION('',(1.,-4.04922999830496E-32,0.));
#4240=DIRECTION('',(-4.76824911286109E-48,-1.17756934401284E-16,-1.));
#4241=DIRECTION('',(1.,-4.04922999830496E-32,0.));
#4242=DIRECTION('',(1.,-4.04922999830495E-32,0.));
#4243=DIRECTION('',(-4.76824911286107E-48,-1.17756934401284E-16,-1.));
#4244=DIRECTION('',(1.,0.,0.));
#4245=DIRECTION('',(0.,-1.,0.));
#4246=DIRECTION('',(1.,0.,0.));
#4247=DIRECTION('',(0.,-1.,0.));
#4248=DIRECTION('',(1.,0.,0.));
#4249=DIRECTION('',(0.,-1.,0.));
#4250=DIRECTION('',(0.707106781186548,0.707106781186547,8.65956056235493E-17));
#4251=DIRECTION('',(1.,0.,0.));
#4252=DIRECTION('',(0.,-1.,0.));
#4253=DIRECTION('',(1.,-4.04922999830496E-32,0.));
#4254=DIRECTION('',(-4.76824911286109E-48,-1.17756934401284E-16,-1.));
#4255=DIRECTION('',(1.,-4.04922999830496E-32,0.));
#4256=DIRECTION('',(-1.,0.,0.));
#4257=DIRECTION('',(0.,1.,0.));
#4258=DIRECTION('',(-1.,0.,0.));
#4259=DIRECTION('',(0.,1.,0.));
#4260=DIRECTION('',(-0.707106781186548,-0.707106781186547,8.65956056235493E-17));
#4261=DIRECTION('',(-1.,0.,0.));
#4262=DIRECTION('',(0.,1.,0.));
#4263=DIRECTION('',(-1.,0.,0.));
#4264=DIRECTION('',(0.,1.,0.));
#4265=DIRECTION('',(-1.,1.28130074311155E-31,9.86076131526265E-32));
#4266=DIRECTION('',(9.86076131526265E-32,2.74766180269661E-16,1.));
#4267=DIRECTION('',(-1.,1.28130074311155E-31,9.86076131526265E-32));
#4268=DIRECTION('',(9.86076131526265E-32,2.74766180269661E-16,1.));
#4269=DIRECTION('',(-1.,1.28130074311155E-31,9.86076131526265E-32));
#4270=DIRECTION('',(-7.9757401194336E-17,1.,0.));
#4271=DIRECTION('',(-1.,-7.9757401194336E-17,0.));
#4272=DIRECTION('',(-7.9757401194336E-17,1.,0.));
#4273=DIRECTION('',(-1.,-7.9757401194336E-17,0.));
#4274=DIRECTION('',(-7.9757401194336E-17,1.,0.));
#4275=DIRECTION('',(-7.9757401194336E-17,1.,0.));
#4276=DIRECTION('',(-1.,-7.9757401194336E-17,0.));
#4277=DIRECTION('',(0.,1.,0.));
#4278=DIRECTION('',(0.,0.,1.));
#4279=DIRECTION('',(-7.9757401194336E-17,1.,0.));
#4280=DIRECTION('',(-1.,-7.9757401194336E-17,0.));
#4281=DIRECTION('',(-7.9757401194336E-17,1.,0.));
#4282=DIRECTION('',(-1.,-7.9757401194336E-17,0.));
#4283=DIRECTION('',(0.,0.,-1.));
#4284=DIRECTION('',(1.,0.,0.));
#4285=DIRECTION('',(0.,0.,-1.));
#4286=DIRECTION('',(1.,0.,0.));
#4287=DIRECTION('',(-7.9757401194336E-17,1.,0.));
#4288=DIRECTION('',(-1.,-7.9757401194336E-17,0.));
#4289=DIRECTION('',(-7.9757401194336E-17,1.,0.));
#4290=DIRECTION('',(-1.,-7.9757401194336E-17,0.));
#4291=DIRECTION('',(-7.9757401194336E-17,1.,0.));
#4292=DIRECTION('',(-7.9757401194336E-17,1.,0.));
#4293=DIRECTION('',(-1.,-7.9757401194336E-17,0.));
#4294=DIRECTION('',(-7.9757401194336E-17,1.,0.));
#4295=DIRECTION('',(-1.,-7.9757401194336E-17,0.));
#4296=DIRECTION('',(-7.9757401194336E-17,1.,0.));
#4297=DIRECTION('',(-7.9757401194336E-17,1.,0.));
#4298=DIRECTION('',(-1.,-7.9757401194336E-17,0.));
#4299=DIRECTION('',(1.,0.,0.));
#4300=DIRECTION('',(0.,0.,-1.));
#4301=DIRECTION('',(0.,1.,0.));
#4302=DIRECTION('',(0.,0.,-1.));
#4303=DIRECTION('',(0.,1.,0.));
#4304=DIRECTION('',(-7.9757401194336E-17,1.,0.));
#4305=DIRECTION('',(-1.,-7.9757401194336E-17,0.));
#4306=DIRECTION('',(-7.9757401194336E-17,1.,0.));
#4307=DIRECTION('',(-7.9757401194336E-17,1.,0.));
#4308=DIRECTION('',(-1.,-7.9757401194336E-17,0.));
#4309=DIRECTION('',(-1.,0.,0.));
#4310=DIRECTION('',(0.,0.,1.));
#4311=DIRECTION('',(0.,1.,0.));
#4312=DIRECTION('',(0.,0.,1.));
#4313=DIRECTION('',(0.,1.,0.));
#4314=DIRECTION('',(0.,0.,1.));
#4315=DIRECTION('',(1.,0.,0.));
#4316=DIRECTION('',(5.54667823983524E-32,1.84889274661175E-32,1.));
#4317=DIRECTION('',(-0.707106781186548,-0.707106781186547,5.22945839526315E-32));
#4318=DIRECTION('',(5.54667823983524E-32,1.84889274661175E-32,1.));
#4319=DIRECTION('',(-0.707106781186548,-0.707106781186547,5.22945839526315E-32));
#4320=DIRECTION('',(1.,-7.97574011943359E-17,0.));
#4321=DIRECTION('',(-7.9757401194336E-17,1.,0.));
#4322=DIRECTION('',(-1.,-7.9757401194336E-17,0.));
#4323=DIRECTION('',(-7.9757401194336E-17,1.,0.));
#4324=DIRECTION('',(-1.,-7.9757401194336E-17,0.));
#4325=DIRECTION('',(7.97574011943359E-17,1.,0.));
#4326=DIRECTION('',(-1.,7.97574011943359E-17,0.));
#4327=DIRECTION('',(1.,-7.97574011943359E-17,0.));
#4328=DIRECTION('',(-1.,1.28130074311155E-31,9.86076131526265E-32));
#4329=DIRECTION('',(9.86076131526265E-32,2.74766180269661E-16,1.));
#4330=DIRECTION('',(1.,-1.28130074311155E-31,-9.86076131526265E-32));
#4331=DIRECTION('',(9.86076131526222E-32,-3.38312851362183E-14,1.));
#4332=DIRECTION('',(-1.,1.28130074311155E-31,9.86076131526265E-32));
#4333=DIRECTION('',(-1.,0.,0.));
#4334=DIRECTION('',(0.,2.74766180269661E-16,1.));
#4335=DIRECTION('',(-0.500000000000007,-3.4401201608683E-16,-0.866025403784435));
#4336=DIRECTION('',(5.54667823983524E-32,1.84889274661175E-32,1.));
#4337=DIRECTION('',(-0.707106781186548,-0.707106781186547,5.22945839526315E-32));
#4338=DIRECTION('',(5.54667823983524E-32,1.84889274661175E-32,1.));
#4339=DIRECTION('',(-5.54667823983524E-32,-1.84889274661175E-32,-1.));
#4340=DIRECTION('',(0.707106781186563,-0.707106781186532,-2.61472919763169E-32));
#4341=DIRECTION('',(-1.04589167905263E-31,-3.48630559684208E-32,1.));
#4342=DIRECTION('',(-0.707106781186548,-0.707106781186547,-9.86076131526264E-32));
#4343=DIRECTION('',(-5.54667823983524E-32,-1.84889274661175E-32,-1.));
#4344=DIRECTION('',(0.707106781186556,-0.707106781186539,-2.61472919763164E-32));
#4345=DIRECTION('',(5.54667823983524E-32,1.84889274661175E-32,1.));
#4346=DIRECTION('',(-0.707106781186548,-0.707106781186547,5.22945839526315E-32));
#4347=DIRECTION('',(5.54667823983524E-32,1.84889274661175E-32,1.));
#4348=DIRECTION('',(5.54667823983524E-32,1.84889274661175E-32,1.));
#4349=DIRECTION('',(-0.707106781186548,-0.707106781186547,5.22945839526315E-32));
#4350=DIRECTION('',(5.54667823983524E-32,1.84889274661175E-32,1.));
#4351=DIRECTION('',(-0.707106781186548,-0.707106781186547,5.22945839526315E-32));
#4352=DIRECTION('',(5.54667823983524E-32,1.84889274661175E-32,1.));
#4353=DIRECTION('',(-5.54667823983524E-32,-1.84889274661175E-32,-1.));
#4354=DIRECTION('',(0.707106781186514,-0.707106781186581,-2.61472919763132E-32));
#4355=DIRECTION('',(-1.04589167905263E-31,-3.48630559684208E-32,1.));
#4356=DIRECTION('',(-0.707106781186548,-0.707106781186547,-9.86076131526264E-32));
#4357=DIRECTION('',(-5.54667823983524E-32,-1.84889274661175E-32,-1.));
#4358=DIRECTION('',(0.707106781186528,-0.707106781186567,-2.61472919763143E-32));
#4359=DIRECTION('',(5.54667823983524E-32,1.84889274661175E-32,1.));
#4360=DIRECTION('',(-0.707106781186548,-0.707106781186547,5.22945839526315E-32));
#4361=DIRECTION('',(5.54667823983524E-32,1.84889274661175E-32,1.));
#4362=DIRECTION('',(5.54667823983524E-32,1.84889274661175E-32,1.));
#4363=DIRECTION('',(-0.707106781186548,-0.707106781186547,5.22945839526315E-32));
#4364=DIRECTION('',(0.,0.,1.));
#4365=DIRECTION('',(1.,0.,0.));
#4366=DIRECTION('',(1.08602912882583E-16,7.1559657625108E-18,1.));
#4367=DIRECTION('',(1.,7.7715611723761E-16,-1.08602912882583E-16));
#4368=DIRECTION('',(-0.707106781186548,-0.707106781186547,3.4386340124194E-16));
#4369=DIRECTION('',(0.707106781186547,-0.707106781186548,0.));
#4370=DIRECTION('',(-0.707106781186548,-0.707106781186547,3.4386340124194E-16));
#4371=DIRECTION('',(0.707106781186547,-0.707106781186548,0.));
#4372=DIRECTION('',(-0.707106781186548,-0.707106781186547,3.4386340124194E-16));
#4373=DIRECTION('',(0.707106781186547,-0.707106781186548,0.));
#4374=DIRECTION('',(-0.707106781186548,-0.707106781186547,3.4386340124194E-16));
#4375=DIRECTION('',(0.707106781186547,-0.707106781186548,0.));
#4376=DIRECTION('',(-0.707106781186548,-0.707106781186547,3.4386340124194E-16));
#4377=DIRECTION('',(0.707106781186547,-0.707106781186548,0.));
#4378=DIRECTION('',(-0.707106781186547,0.707106781186548,-2.46519032881566E-32));
#4379=DIRECTION('',(2.43148142820047E-16,2.43148142820046E-16,1.));
#4380=DIRECTION('',(0.707106781186547,-0.707106781186548,2.46519032881566E-32));
#4381=DIRECTION('',(-2.43148142820047E-16,-2.43148142820046E-16,-1.));
#4382=DIRECTION('',(-0.707106781186548,-0.707106781186547,3.4386340124194E-16));
#4383=DIRECTION('',(0.707106781186547,-0.707106781186548,0.));
#4384=DIRECTION('',(-0.707106781186548,-0.707106781186547,3.4386340124194E-16));
#4385=DIRECTION('',(0.707106781186547,-0.707106781186548,0.));
#4386=DIRECTION('',(-0.707106781186548,-0.707106781186547,3.4386340124194E-16));
#4387=DIRECTION('',(0.707106781186547,-0.707106781186548,0.));
#4388=DIRECTION('',(-0.707106781186548,-0.707106781186547,3.4386340124194E-16));
#4389=DIRECTION('',(0.707106781186547,-0.707106781186548,0.));
#4390=DIRECTION('',(-0.707106781186548,-0.707106781186547,3.4386340124194E-16));
#4391=DIRECTION('',(-0.707106781186548,-0.707106781186547,3.4386340124194E-16));
#4392=DIRECTION('',(0.707106781186547,-0.707106781186548,0.));
#4393=DIRECTION('',(-0.707106781186548,-0.707106781186547,3.4386340124194E-16));
#4394=DIRECTION('',(0.707106781186547,-0.707106781186548,0.));
#4395=DIRECTION('',(-0.707106781186548,-0.707106781186547,3.4386340124194E-16));
#4396=DIRECTION('',(0.707106781186547,-0.707106781186548,0.));
#4397=DIRECTION('',(-0.707106781186548,-0.707106781186547,3.4386340124194E-16));
#4398=DIRECTION('',(0.707106781186547,-0.707106781186548,0.));
#4399=DIRECTION('',(-0.707106781186548,-0.707106781186547,3.4386340124194E-16));
#4400=DIRECTION('',(0.707106781186547,-0.707106781186548,0.));
#4401=DIRECTION('',(-2.43148142820047E-16,-2.43148142820046E-16,-1.));
#4402=DIRECTION('',(0.707106781186547,-0.707106781186548,2.46519032881566E-32));
#4403=DIRECTION('',(2.43148142820047E-16,2.43148142820046E-16,1.));
#4404=DIRECTION('',(-0.707106781186547,0.707106781186548,-2.46519032881566E-32));
#4405=DIRECTION('',(-0.707106781186548,-0.707106781186547,3.4386340124194E-16));
#4406=DIRECTION('',(0.707106781186547,-0.707106781186548,0.));
#4407=DIRECTION('',(2.43148142820047E-16,2.43148142820046E-16,1.));
#4408=DIRECTION('',(-0.707106781186547,0.707106781186548,-2.46519032881566E-32));
#4409=DIRECTION('',(-2.43148142820047E-16,-2.43148142820046E-16,-1.));
#4410=DIRECTION('',(0.707106781186547,-0.707106781186548,2.46519032881566E-32));
#4411=DIRECTION('',(-2.43148142820047E-16,-2.43148142820046E-16,-1.));
#4412=DIRECTION('',(-0.707106781186548,-0.707106781186547,3.4386340124194E-16));
#4413=DIRECTION('',(-0.707106781186548,-0.707106781186547,3.4386340124194E-16));
#4414=DIRECTION('',(-0.707106781186548,-0.707106781186547,3.4386340124194E-16));
#4415=DIRECTION('',(-0.707106781186548,-0.707106781186547,3.4386340124194E-16));
#4416=DIRECTION('',(0.707106781186547,-0.707106781186548,2.46519032881566E-32));
#4417=DIRECTION('',(-2.43148142820047E-16,-2.43148142820046E-16,-1.));
#4418=DIRECTION('',(-0.707106781186548,-0.707106781186547,3.4386340124194E-16));
#4419=DIRECTION('',(-0.707106781186548,-0.707106781186547,3.4386340124194E-16));
#4420=DIRECTION('',(0.707106781186547,-0.707106781186548,0.));
#4421=DIRECTION('',(-0.707106781186548,-0.707106781186547,3.4386340124194E-16));
#4422=DIRECTION('',(-0.707106781186548,-0.707106781186547,3.4386340124194E-16));
#4423=DIRECTION('',(0.707106781186547,-0.707106781186548,0.));
#4424=DIRECTION('',(-0.707106781186548,-0.707106781186547,3.4386340124194E-16));
#4425=DIRECTION('',(0.707106781186547,-0.707106781186548,0.));
#4426=DIRECTION('',(-0.707106781186548,-0.707106781186547,3.4386340124194E-16));
#4427=DIRECTION('',(0.707106781186547,-0.707106781186548,0.));
#4428=DIRECTION('',(-0.707106781186548,-0.707106781186547,3.4386340124194E-16));
#4429=DIRECTION('',(0.707106781186547,-0.707106781186548,0.));
#4430=DIRECTION('',(-0.707106781186548,-0.707106781186547,3.4386340124194E-16));
#4431=DIRECTION('',(0.707106781186547,-0.707106781186548,0.));
#4432=DIRECTION('',(-0.707106781186548,-0.707106781186547,3.4386340124194E-16));
#4433=DIRECTION('',(-0.707106781186548,-0.707106781186547,3.4386340124194E-16));
#4434=DIRECTION('',(0.707106781186547,-0.707106781186548,0.));
#4435=DIRECTION('',(-0.707106781186548,-0.707106781186547,3.4386340124194E-16));
#4436=DIRECTION('',(-0.707106781186548,-0.707106781186547,3.4386340124194E-16));
#4437=DIRECTION('',(0.707106781186547,-0.707106781186548,0.));
#4438=DIRECTION('',(-0.707106781186548,-0.707106781186547,3.4386340124194E-16));
#4439=DIRECTION('',(0.707106781186547,-0.707106781186548,0.));
#4440=DIRECTION('',(-0.707106781186548,-0.707106781186547,3.4386340124194E-16));
#4441=DIRECTION('',(0.707106781186547,-0.707106781186548,0.));
#4442=DIRECTION('',(-0.707106781186548,-0.707106781186547,3.4386340124194E-16));
#4443=DIRECTION('',(0.707106781186547,-0.707106781186548,0.));
#4444=DIRECTION('',(-0.707106781186548,-0.707106781186547,3.4386340124194E-16));
#4445=DIRECTION('',(-0.707106781186548,-0.707106781186547,3.4386340124194E-16));
#4446=DIRECTION('',(0.707106781186547,-0.707106781186548,0.));
#4447=DIRECTION('',(-0.707106781186548,-0.707106781186547,3.4386340124194E-16));
#4448=DIRECTION('',(-0.707106781186548,-0.707106781186547,3.4386340124194E-16));
#4449=DIRECTION('',(0.707106781186547,-0.707106781186548,0.));
#4450=DIRECTION('',(-0.707106781186548,-0.707106781186547,3.4386340124194E-16));
#4451=DIRECTION('',(0.707106781186547,-0.707106781186548,0.));
#4452=DIRECTION('',(-0.707106781186548,-0.707106781186547,3.4386340124194E-16));
#4453=DIRECTION('',(0.707106781186547,-0.707106781186548,0.));
#4454=DIRECTION('',(-0.707106781186548,-0.707106781186547,3.4386340124194E-16));
#4455=DIRECTION('',(-0.707106781186548,-0.707106781186547,3.4386340124194E-16));
#4456=DIRECTION('',(0.707106781186547,-0.707106781186548,0.));
#4457=DIRECTION('',(-0.707106781186548,-0.707106781186547,3.4386340124194E-16));
#4458=DIRECTION('',(2.43148142820047E-16,2.43148142820046E-16,1.));
#4459=DIRECTION('',(0.707106781186548,0.707106781186547,-3.4386340124194E-16));
#4460=DIRECTION('',(-0.707106781186548,-0.707106781186547,3.4386340124194E-16));
#4461=DIRECTION('',(-0.707106781186548,-0.707106781186547,3.4386340124194E-16));
#4462=DIRECTION('',(0.707106781186547,-0.707106781186548,2.46519032881566E-32));
#4463=DIRECTION('',(-2.43148142820047E-16,-2.43148142820046E-16,-1.));
#4464=DIRECTION('',(-0.707106781186547,0.707106781186548,-2.46519032881566E-32));
#4465=DIRECTION('',(2.43148142820047E-16,2.43148142820046E-16,1.));
#4466=DIRECTION('',(0.,0.,1.));
#4467=DIRECTION('',(1.,0.,0.));
#4468=DIRECTION('',(1.,0.,0.));
#4469=DIRECTION('',(0.,-1.,0.));
#4470=DIRECTION('',(1.,0.,0.));
#4471=DIRECTION('',(0.,-1.,0.));
#4472=DIRECTION('',(-1.,0.,0.));
#4473=DIRECTION('',(0.,1.,0.));
#4474=DIRECTION('',(1.,0.,0.));
#4475=DIRECTION('',(0.,1.,0.));
#4476=DIRECTION('',(1.,0.,0.));
#4477=DIRECTION('',(0.,1.,0.));
#4478=DIRECTION('',(0.707106781186547,0.707106781186548,-8.65956056235494E-17));
#4479=DIRECTION('',(1.,0.,0.));
#4480=DIRECTION('',(0.,-1.,0.));
#4481=DIRECTION('',(-1.,0.,0.));
#4482=DIRECTION('',(1.,0.,0.));
#4483=DIRECTION('',(0.,-1.,0.));
#4484=DIRECTION('',(1.,0.,0.));
#4485=DIRECTION('',(0.,-1.,0.));
#4486=DIRECTION('',(-1.,0.,0.));
#4487=DIRECTION('',(1.,0.,0.));
#4488=DIRECTION('',(0.,-1.,0.));
#4489=DIRECTION('',(-3.06151588455594E-17,-0.866025403784439,0.5));
#4490=DIRECTION('',(-5.30270106023007E-17,0.5,0.866025403784439));
#4491=DIRECTION('',(-1.,0.,-6.12303176911189E-17));
#4492=DIRECTION('',(-1.,0.,-6.12303176911189E-17));
#4493=DIRECTION('',(-5.30270106023007E-17,0.5,0.866025403784439));
#4494=DIRECTION('',(3.06151588455594E-17,-0.866025403784439,-0.5));
#4495=DIRECTION('',(-5.30270106023007E-17,-0.5,0.866025403784439));
#4496=DIRECTION('',(-1.,0.,-6.12303176911189E-17));
#4497=DIRECTION('',(-5.30270106023007E-17,-0.5,0.866025403784439));
#4498=DIRECTION('',(-3.06151588455594E-17,0.866025403784439,0.5));
#4499=DIRECTION('',(5.30270106023007E-17,0.5,-0.866025403784439));
#4500=DIRECTION('',(-1.,0.,-6.12303176911189E-17));
#4501=DIRECTION('',(-1.,0.,-6.12303176911189E-17));
#4502=DIRECTION('',(5.30270106023007E-17,0.5,-0.866025403784439));
#4503=DIRECTION('',(3.06151588455594E-17,0.866025403784439,-0.5));
#4504=DIRECTION('',(5.30270106023007E-17,-0.5,-0.866025403784439));
#4505=DIRECTION('',(-1.,0.,-6.12303176911189E-17));
#4506=DIRECTION('',(5.30270106023007E-17,-0.5,-0.866025403784439));
#4507=DIRECTION('',(6.12303176911189E-17,1.53837012149583E-16,-1.));
#4508=DIRECTION('',(9.41948912657146E-33,-1.,-1.53837012149583E-16));
#4509=DIRECTION('',(9.41948912657146E-33,-1.,-1.53837012149583E-16));
#4510=DIRECTION('',(1.,0.,6.12303176911189E-17));
#4511=DIRECTION('',(6.12303176911189E-17,0.,-1.));
#4512=DIRECTION('',(0.,1.,0.));
#4513=DIRECTION('',(-6.12303176911189E-17,0.,1.));
#4514=DIRECTION('',(0.,1.,0.));
#4515=DIRECTION('',(-1.,0.,0.));
#4516=DIRECTION('',(0.,1.,0.));
#4517=DIRECTION('',(1.,0.,0.));
#4518=DIRECTION('',(0.,1.,0.));
#4519=DIRECTION('',(-1.,0.,0.));
#4520=DIRECTION('',(0.,1.,0.));
#4521=DIRECTION('',(1.,0.,0.));
#4522=DIRECTION('',(0.,1.,0.));
#4523=DIRECTION('',(-1.,0.,0.));
#4524=DIRECTION('',(0.,1.,0.));
#4525=DIRECTION('',(1.,0.,0.));
#4526=DIRECTION('',(0.,1.,0.));
#4527=DIRECTION('',(-1.,0.,0.));
#4528=DIRECTION('',(0.,1.,0.));
#4529=DIRECTION('',(1.,0.,0.));
#4530=DIRECTION('',(0.,1.,0.));
#4531=DIRECTION('',(-1.,0.,0.));
#4532=DIRECTION('',(0.,1.,0.));
#4533=DIRECTION('',(1.,0.,0.));
#4534=DIRECTION('',(0.,1.,0.));
#4535=DIRECTION('',(1.,0.,0.));
#4536=DIRECTION('',(0.,-1.,0.));
#4537=DIRECTION('',(1.,0.,0.));
#4538=DIRECTION('',(0.,1.,0.));
#4539=DIRECTION('',(-1.,0.,0.));
#4540=DIRECTION('',(1.,0.,0.));
#4541=DIRECTION('',(0.,1.,0.));
#4542=DIRECTION('',(1.,0.,0.));
#4543=DIRECTION('',(0.,1.,0.));
#4544=DIRECTION('',(1.,0.,0.));
#4545=DIRECTION('',(0.,-1.,0.));
#4546=DIRECTION('',(-1.,0.,0.));
#4547=DIRECTION('',(0.,1.,0.));
#4548=DIRECTION('',(1.,0.,0.));
#4549=DIRECTION('',(0.,1.,0.));
#4550=DIRECTION('',(1.,0.,0.));
#4551=DIRECTION('',(0.,-1.,0.));
#4552=DIRECTION('',(1.,0.,0.));
#4553=DIRECTION('',(0.,1.,0.));
#4554=DIRECTION('',(1.,0.,0.));
#4555=DIRECTION('',(0.,1.,0.));
#4556=DIRECTION('',(0.,1.22464679914735E-16,-1.));
#4557=DIRECTION('',(0.,-1.,-1.22464679914735E-16));
#4558=DIRECTION('',(0.63641799026487,-0.636417990264871,0.435825978269363));
#4559=DIRECTION('',(0.707106781186548,0.707106781186547,-2.77555756156289E-16));
#4560=DIRECTION('',(0.63641799026487,-0.636417990264871,0.435825978269363));
#4561=DIRECTION('',(0.707106781186548,0.707106781186547,-2.77555756156289E-16));
#4562=DIRECTION('',(0.63641799026487,-0.636417990264871,0.435825978269363));
#4563=DIRECTION('',(0.707106781186548,0.707106781186547,-2.77555756156289E-16));
#4564=DIRECTION('',(-3.67381906146748E-16,-5.92213014406437E-15,1.));
#4565=DIRECTION('',(1.,0.,3.67381906146748E-16));
#4566=DIRECTION('',(-3.67381906146748E-16,-5.92213014406437E-15,1.));
#4567=DIRECTION('',(1.,0.,3.67381906146748E-16));
#4568=DIRECTION('',(-3.67381906146748E-16,-5.92213014406437E-15,1.));
#4569=DIRECTION('',(1.,0.,3.67381906146748E-16));
#4570=DIRECTION('',(-3.67381906146748E-16,-5.92213014406437E-15,1.));
#4571=DIRECTION('',(1.,0.,3.67381906146748E-16));
#4572=DIRECTION('',(-3.67381906146748E-16,-5.92213014406437E-15,1.));
#4573=DIRECTION('',(1.,0.,3.67381906146748E-16));
#4574=DIRECTION('',(-3.67381906146748E-16,-5.92213014406437E-15,1.));
#4575=DIRECTION('',(1.,0.,3.67381906146748E-16));
#4576=DIRECTION('',(-3.67381906146748E-16,-5.92213014406437E-15,1.));
#4577=DIRECTION('',(1.,0.,3.67381906146748E-16));
#4578=DIRECTION('',(-3.67381906146748E-16,-5.92213014406437E-15,1.));
#4579=DIRECTION('',(-3.67381906146748E-16,-5.92213014406437E-15,1.));
#4580=DIRECTION('',(1.,0.,3.67381906146748E-16));
#4581=DIRECTION('',(3.67381906146748E-16,5.92213014406437E-15,-1.));
#4582=DIRECTION('',(0.707106781186551,0.707106781186544,-4.08006961549745E-15));
#4583=DIRECTION('',(0.499999999999999,-0.5,0.707106781186549));
#4584=DIRECTION('',(0.707106781186551,0.707106781186544,-4.08006961549745E-15));
#4585=DIRECTION('',(0.499999999999999,-0.5,0.707106781186549));
#4586=DIRECTION('',(0.707106781186551,0.707106781186544,-4.08006961549745E-15));
#4587=DIRECTION('',(0.499999999999999,-0.5,0.707106781186549));
#4588=DIRECTION('',(0.63641799026487,-0.636417990264871,0.435825978269363));
#4589=DIRECTION('',(0.707106781186548,0.707106781186547,-2.77555756156289E-16));
#4590=DIRECTION('',(0.707106781186551,0.707106781186544,-4.08006961549745E-15));
#4591=DIRECTION('',(0.499999999999999,-0.5,0.707106781186549));
#4592=DIRECTION('',(3.4386340124194E-16,-8.1936319302764E-16,-1.));
#4593=DIRECTION('',(-0.707106781186548,-0.707106781186547,3.36229127224459E-16));
#4594=DIRECTION('',(0.,1.,0.));
#4595=DIRECTION('',(0.,0.,1.));
#4596=DIRECTION('',(0.,1.,0.));
#4597=DIRECTION('',(0.,0.,1.));
#4598=DIRECTION('',(0.,1.,0.));
#4599=DIRECTION('',(0.,-1.,0.));
#4600=DIRECTION('',(0.,0.,1.));
#4601=DIRECTION('',(0.,1.,0.));
#4602=DIRECTION('',(0.,0.,1.));
#4603=DIRECTION('',(0.,1.,0.));
#4604=DIRECTION('',(0.,0.,1.));
#4605=DIRECTION('',(0.,1.,0.));
#4606=DIRECTION('',(0.,-1.,0.));
#4607=DIRECTION('',(0.,0.,1.));
#4608=DIRECTION('',(0.,1.,0.));
#4609=DIRECTION('',(0.,0.,1.));
#4610=DIRECTION('',(0.,1.,0.));
#4611=DIRECTION('',(0.,0.,1.));
#4612=DIRECTION('',(0.,1.,0.));
#4613=DIRECTION('',(0.,-1.,0.));
#4614=DIRECTION('',(0.,0.,1.));
#4615=DIRECTION('',(0.,1.,0.));
#4616=DIRECTION('',(0.,0.,1.));
#4617=DIRECTION('',(0.,1.,0.));
#4618=DIRECTION('',(0.,0.,1.));
#4619=DIRECTION('',(0.,1.,0.));
#4620=DIRECTION('',(0.,-1.,0.));
#4621=DIRECTION('',(0.,0.,1.));
#4622=DIRECTION('',(0.,1.,0.));
#4623=DIRECTION('',(0.,0.,1.));
#4624=DIRECTION('',(0.,1.,0.));
#4625=DIRECTION('',(0.,0.,1.));
#4626=DIRECTION('',(0.,1.,0.));
#4627=DIRECTION('',(0.,-1.,0.));
#4628=DIRECTION('',(0.,0.,1.));
#4629=DIRECTION('',(0.,1.,0.));
#4630=DIRECTION('',(0.,0.,1.));
#4631=DIRECTION('',(0.,1.,0.));
#4632=DIRECTION('',(0.,0.,1.));
#4633=DIRECTION('',(0.,1.,0.));
#4634=DIRECTION('',(0.,-1.,0.));
#4635=DIRECTION('',(0.,0.,1.));
#4636=DIRECTION('',(0.,1.,0.));
#4637=DIRECTION('',(0.,0.,1.));
#4638=DIRECTION('',(0.,1.,0.));
#4639=DIRECTION('',(0.,0.,1.));
#4640=DIRECTION('',(0.,1.,0.));
#4641=DIRECTION('',(0.,-1.,0.));
#4642=DIRECTION('',(0.,0.,1.));
#4643=DIRECTION('',(0.,1.,0.));
#4644=DIRECTION('',(0.,0.,1.));
#4645=DIRECTION('',(0.,1.,0.));
#4646=DIRECTION('',(0.,0.,1.));
#4647=DIRECTION('',(0.,1.,0.));
#4648=DIRECTION('',(0.,-1.,0.));
#4649=DIRECTION('',(0.,0.,1.));
#4650=DIRECTION('',(0.,1.,0.));
#4651=DIRECTION('',(0.,0.,1.));
#4652=DIRECTION('',(0.,1.,0.));
#4653=DIRECTION('',(0.,0.,1.));
#4654=DIRECTION('',(0.,1.,0.));
#4655=DIRECTION('',(0.,-1.,0.));
#4656=DIRECTION('',(0.,0.,1.));
#4657=DIRECTION('',(0.,1.,0.));
#4658=DIRECTION('',(0.,0.,1.));
#4659=DIRECTION('',(0.,1.,0.));
#4660=DIRECTION('',(0.,0.,1.));
#4661=DIRECTION('',(0.,1.,0.));
#4662=DIRECTION('',(0.,-1.,0.));
#4663=DIRECTION('',(0.,0.,1.));
#4664=DIRECTION('',(0.,1.,0.));
#4665=DIRECTION('',(0.,0.,1.));
#4666=DIRECTION('',(0.,1.,0.));
#4667=DIRECTION('',(0.,0.,1.));
#4668=DIRECTION('',(0.,1.,0.));
#4669=DIRECTION('',(0.,-1.,0.));
#4670=DIRECTION('',(0.,0.,1.));
#4671=DIRECTION('',(0.,1.,0.));
#4672=DIRECTION('',(0.,0.,1.));
#4673=DIRECTION('',(0.,1.,0.));
#4674=DIRECTION('',(0.,0.,1.));
#4675=DIRECTION('',(0.,1.,0.));
#4676=DIRECTION('',(0.,0.,1.));
#4677=DIRECTION('',(0.,1.,0.));
#4678=DIRECTION('',(0.,0.,1.));
#4679=DIRECTION('',(0.,1.,0.));
#4680=DIRECTION('',(0.,0.,1.));
#4681=DIRECTION('',(0.,1.,0.));
#4682=DIRECTION('',(0.,0.,1.));
#4683=DIRECTION('',(0.,1.,0.));
#4684=DIRECTION('',(0.,0.,1.));
#4685=DIRECTION('',(0.,1.,0.));
#4686=DIRECTION('',(0.,0.,1.));
#4687=DIRECTION('',(0.,1.,0.));
#4688=DIRECTION('',(0.,0.,1.));
#4689=DIRECTION('',(0.,1.,0.));
#4690=DIRECTION('',(0.,0.,1.));
#4691=DIRECTION('',(0.,1.,0.));
#4692=DIRECTION('',(0.,0.,1.));
#4693=DIRECTION('',(0.,1.,0.));
#4694=DIRECTION('',(0.,0.,1.));
#4695=DIRECTION('',(0.,1.,0.));
#4696=DIRECTION('',(0.,0.,1.));
#4697=DIRECTION('',(0.,1.,0.));
#4698=DIRECTION('',(0.,0.,1.));
#4699=DIRECTION('',(0.,1.,0.));
#4700=DIRECTION('',(0.,0.,1.));
#4701=DIRECTION('',(0.,1.,0.));
#4702=DIRECTION('',(0.,0.,1.));
#4703=DIRECTION('',(0.,1.,0.));
#4704=DIRECTION('',(0.,0.,1.));
#4705=DIRECTION('',(0.,1.,0.));
#4706=DIRECTION('',(0.,0.,1.));
#4707=DIRECTION('',(0.,1.,0.));
#4708=DIRECTION('',(0.,0.,1.));
#4709=DIRECTION('',(0.,1.,0.));
#4710=DIRECTION('',(0.,0.,1.));
#4711=DIRECTION('',(0.,1.,0.));
#4712=DIRECTION('',(0.,0.,1.));
#4713=DIRECTION('',(0.,1.,0.));
#4714=DIRECTION('',(0.,0.,1.));
#4715=DIRECTION('',(0.,1.,0.));
#4716=DIRECTION('',(0.,0.,1.));
#4717=DIRECTION('',(0.,1.,0.));
#4718=DIRECTION('',(0.,0.,1.));
#4719=DIRECTION('',(0.,0.,-1.));
#4720=DIRECTION('',(-1.,1.22460635382238E-16,0.));
#4721=DIRECTION('',(0.,0.,-1.));
#4722=DIRECTION('',(1.,0.,0.));
#4723=DIRECTION('',(0.,0.,-1.));
#4724=DIRECTION('',(-1.,0.,0.));
#4725=DIRECTION('',(0.,1.,0.));
#4726=DIRECTION('',(1.,0.,0.));
#4727=DIRECTION('',(0.,-1.,0.));
#4728=DIRECTION('',(0.,1.,0.));
#4729=DIRECTION('',(0.,0.,1.));
#4730=DIRECTION('',(0.,1.,0.));
#4731=DIRECTION('',(0.,1.,0.));
#4732=DIRECTION('',(0.,0.,1.));
#4733=DIRECTION('',(-1.,0.,0.));
#4734=DIRECTION('',(0.,0.,1.));
#4735=DIRECTION('',(0.,1.,0.));
#4736=DIRECTION('',(0.,0.,-1.));
#4737=DIRECTION('',(0.,0.,-1.));
#4738=DIRECTION('',(-1.,0.,0.));
#4739=DIRECTION('',(0.,-1.,0.));
#4740=DIRECTION('',(1.,0.,0.));
#4741=DIRECTION('',(1.,0.,0.));
#4742=DIRECTION('',(0.,0.,-1.));
#4743=DIRECTION('',(0.,0.,-1.));
#4744=DIRECTION('',(0.,1.,0.));
#4745=DIRECTION('',(0.,0.,1.));
#4746=DIRECTION('',(0.,1.,0.));
#4747=DIRECTION('',(0.,1.,0.));
#4748=DIRECTION('',(0.,0.,1.));
#4749=DIRECTION('',(0.,1.,0.));
#4750=DIRECTION('',(0.,0.,1.));
#4751=DIRECTION('',(0.,1.,0.));
#4752=DIRECTION('',(0.,1.,0.));
#4753=DIRECTION('',(0.,0.,1.));
#4754=DIRECTION('',(0.,1.,0.));
#4755=DIRECTION('',(0.,0.,1.));
#4756=DIRECTION('',(0.,1.,0.));
#4757=DIRECTION('',(0.,1.,0.));
#4758=DIRECTION('',(0.,0.,1.));
#4759=DIRECTION('',(0.,1.,0.));
#4760=DIRECTION('',(0.,0.,1.));
#4761=DIRECTION('',(0.,1.,0.));
#4762=DIRECTION('',(0.,1.,0.));
#4763=DIRECTION('',(0.,0.,1.));
#4764=DIRECTION('',(0.,1.,0.));
#4765=DIRECTION('',(0.,0.,1.));
#4766=DIRECTION('',(0.,1.,0.));
#4767=DIRECTION('',(0.,1.,0.));
#4768=DIRECTION('',(0.,0.,1.));
#4769=DIRECTION('',(0.,1.,0.));
#4770=DIRECTION('',(0.,0.,1.));
#4771=DIRECTION('',(0.,1.,0.));
#4772=DIRECTION('',(0.,1.,0.));
#4773=DIRECTION('',(0.,0.,1.));
#4774=DIRECTION('',(0.,1.,0.));
#4775=DIRECTION('',(0.,0.,1.));
#4776=DIRECTION('',(0.,1.,0.));
#4777=DIRECTION('',(0.,1.,0.));
#4778=DIRECTION('',(0.,0.,1.));
#4779=DIRECTION('',(0.,1.,0.));
#4780=DIRECTION('',(0.,0.,1.));
#4781=DIRECTION('',(0.,1.,0.));
#4782=DIRECTION('',(0.,1.,0.));
#4783=DIRECTION('',(0.,0.,1.));
#4784=DIRECTION('',(0.,1.,0.));
#4785=DIRECTION('',(0.,0.,1.));
#4786=DIRECTION('',(0.,1.,0.));
#4787=DIRECTION('',(0.,1.,0.));
#4788=DIRECTION('',(0.,0.,1.));
#4789=DIRECTION('',(0.,1.,0.));
#4790=DIRECTION('',(0.,0.,1.));
#4791=DIRECTION('',(0.,1.,0.));
#4792=DIRECTION('',(0.,1.,0.));
#4793=DIRECTION('',(0.,0.,1.));
#4794=DIRECTION('',(0.,1.,0.));
#4795=DIRECTION('',(0.,0.,1.));
#4796=DIRECTION('',(0.,1.,0.));
#4797=DIRECTION('',(0.,-1.,0.));
#4798=DIRECTION('',(0.,0.,1.));
#4799=DIRECTION('',(0.,1.,0.));
#4800=DIRECTION('',(0.,0.,1.));
#4801=DIRECTION('',(0.,1.,0.));
#4802=DIRECTION('',(0.,0.,1.));
#4803=DIRECTION('',(0.,1.,0.));
#4804=DIRECTION('',(0.,0.,1.));
#4805=DIRECTION('',(0.,1.,0.));
#4806=DIRECTION('',(0.,0.,1.));
#4807=DIRECTION('',(0.,1.,0.));
#4808=DIRECTION('',(0.,0.,1.));
#4809=DIRECTION('',(0.,1.,0.));
#4810=DIRECTION('',(1.38777878078145E-17,1.15213714105877E-16,-1.));
#4811=DIRECTION('',(-1.,6.81185199027729E-16,-1.38777878078145E-17));
#4812=DIRECTION('',(5.55111512312578E-17,1.55312714261829E-16,-1.));
#4813=DIRECTION('',(-1.,-5.37315702424154E-16,-5.55111512312578E-17));
#4814=CARTESIAN_POINT('',(0.,0.,0.));
#4815=CARTESIAN_POINT('',(67.0000000000001,20.0000000000002,425.));
#4816=CARTESIAN_POINT('',(67.0000000000001,20.0000000000002,427.5));
#4817=CARTESIAN_POINT('',(65.5566243270261,20.0000000000002,425.));
#4818=CARTESIAN_POINT('',(67.0000000000001,20.0000000000002,427.5));
#4819=CARTESIAN_POINT('',(67.0000000000001,20.0000000000002,425.));
#4820=CARTESIAN_POINT('',(69.5000000000001,20.0000000000002,425.));
#4821=CARTESIAN_POINT('',(69.5000000000001,20.0000000000002,427.5));
#4822=CARTESIAN_POINT('',(72.0000000000002,20.0000000000002,427.5));
#4823=CARTESIAN_POINT('',(72.0000000000002,20.0000000000002,425.));
#4824=CARTESIAN_POINT('',(86.4515172442699,20.0000000000002,425.));
#4825=CARTESIAN_POINT('',(86.4515172442699,20.0000000000002,425.));
#4826=CARTESIAN_POINT('',(86.4515172442699,20.0000000000002,427.5));
#4827=CARTESIAN_POINT('',(86.4515172442699,22.5000000000002,425.));
#4828=CARTESIAN_POINT('',(86.4515172442699,20.0000000000002,425.));
#4829=CARTESIAN_POINT('',(86.4515172442699,22.5000000000002,425.));
#4830=CARTESIAN_POINT('',(87.,23.0484827557304,425.));
#4831=CARTESIAN_POINT('',(87.,20.0000000000002,425.));
#4832=CARTESIAN_POINT('',(79.5000000000002,20.0000000000002,425.));
#4833=CARTESIAN_POINT('',(79.5000000000002,20.0000000000002,427.5));
#4834=CARTESIAN_POINT('',(67.0000000000001,20.,225.000000000001));
#4835=CARTESIAN_POINT('',(67.0000000000001,20.,227.500000000001));
#4836=CARTESIAN_POINT('',(65.556624327026,20.,225.000000000001));
#4837=CARTESIAN_POINT('',(67.0000000000001,20.0000000000001,227.500000000001));
#4838=CARTESIAN_POINT('',(67.0000000000001,20.,225.000000000001));
#4839=CARTESIAN_POINT('',(69.5000000000001,20.,225.000000000001));
#4840=CARTESIAN_POINT('',(69.5000000000001,20.,227.500000000001));
#4841=CARTESIAN_POINT('',(72.0000000000001,20.0000000000001,227.500000000001));
#4842=CARTESIAN_POINT('',(72.0000000000001,20.,225.000000000001));
#4843=CARTESIAN_POINT('',(86.4515172442699,20.,225.000000000001));
#4844=CARTESIAN_POINT('',(86.4515172442699,20.,225.000000000001));
#4845=CARTESIAN_POINT('',(86.4515172442699,20.,227.500000000001));
#4846=CARTESIAN_POINT('',(86.4515172442699,22.5,225.000000000001));
#4847=CARTESIAN_POINT('',(86.4515172442699,20.,225.000000000001));
#4848=CARTESIAN_POINT('',(86.4515172442699,22.5,225.000000000001));
#4849=CARTESIAN_POINT('',(87.,23.0484827557301,225.000000000001));
#4850=CARTESIAN_POINT('',(87.,20.,225.000000000001));
#4851=CARTESIAN_POINT('',(79.5000000000001,20.,225.000000000001));
#4852=CARTESIAN_POINT('',(79.5000000000001,20.,227.500000000001));
#4853=CARTESIAN_POINT('',(67.,19.9999999999999,25.0000000000005));
#4854=CARTESIAN_POINT('',(67.,19.9999999999999,27.5000000000005));
#4855=CARTESIAN_POINT('',(65.5566243270259,19.9999999999999,25.0000000000005));
#4856=CARTESIAN_POINT('',(67.,19.9999999999999,27.5000000000005));
#4857=CARTESIAN_POINT('',(67.,19.9999999999999,25.0000000000005));
#4858=CARTESIAN_POINT('',(69.5,19.9999999999999,25.0000000000005));
#4859=CARTESIAN_POINT('',(69.5,19.9999999999999,27.5000000000005));
#4860=CARTESIAN_POINT('',(72.,19.9999999999999,27.5000000000005));
#4861=CARTESIAN_POINT('',(72.,19.9999999999999,25.0000000000005));
#4862=CARTESIAN_POINT('',(86.4515172442699,19.9999999999999,25.0000000000005));
#4863=CARTESIAN_POINT('',(86.4515172442699,19.9999999999999,25.0000000000005));
#4864=CARTESIAN_POINT('',(86.4515172442699,19.9999999999999,27.5000000000005));
#4865=CARTESIAN_POINT('',(86.4515172442699,22.4999999999999,25.0000000000005));
#4866=CARTESIAN_POINT('',(86.4515172442699,19.9999999999999,25.0000000000005));
#4867=CARTESIAN_POINT('',(86.4515172442699,22.4999999999999,25.0000000000005));
#4868=CARTESIAN_POINT('',(87.,23.04848275573,25.0000000000005));
#4869=CARTESIAN_POINT('',(87.,19.9999999999999,25.0000000000005));
#4870=CARTESIAN_POINT('',(79.5000000000001,19.9999999999999,25.0000000000005));
#4871=CARTESIAN_POINT('',(79.5000000000001,19.9999999999999,27.5000000000005));
#4872=CARTESIAN_POINT('',(-67.0000000000001,19.9999999999999,24.9999999999998));
#4873=CARTESIAN_POINT('',(-67.0000000000001,19.9999999999999,22.4999999999998));
#4874=CARTESIAN_POINT('',(-65.556624327026,19.9999999999999,24.9999999999998));
#4875=CARTESIAN_POINT('',(-67.0000000000001,19.9999999999999,22.4999999999998));
#4876=CARTESIAN_POINT('',(-67.0000000000001,19.9999999999999,24.9999999999998));
#4877=CARTESIAN_POINT('',(-69.5000000000001,19.9999999999999,24.9999999999998));
#4878=CARTESIAN_POINT('',(-69.5000000000001,19.9999999999999,22.4999999999998));
#4879=CARTESIAN_POINT('',(-72.0000000000001,19.9999999999999,22.4999999999995));
#4880=CARTESIAN_POINT('',(-72.0000000000001,19.9999999999999,24.9999999999998));
#4881=CARTESIAN_POINT('',(-86.4515172442699,19.9999999999999,24.9999999999995));
#4882=CARTESIAN_POINT('',(-86.4515172442699,19.9999999999999,24.9999999999995));
#4883=CARTESIAN_POINT('',(-86.4515172442699,17.4999999999999,24.9999999999995));
#4884=CARTESIAN_POINT('',(-86.4515172442699,19.9999999999999,22.4999999999995));
#4885=CARTESIAN_POINT('',(-86.4515172442699,17.4999999999999,24.9999999999995));
#4886=CARTESIAN_POINT('',(-87.,16.9515172442698,24.9999999999995));
#4887=CARTESIAN_POINT('',(-87.,19.9999999999999,24.9999999999995));
#4888=CARTESIAN_POINT('',(-86.4515172442699,19.9999999999999,24.9999999999995));
#4889=CARTESIAN_POINT('',(-79.5000000000001,19.9999999999999,24.9999999999995));
#4890=CARTESIAN_POINT('',(-79.5000000000001,19.9999999999999,22.4999999999995));
#4891=CARTESIAN_POINT('',(-67.0000000000001,20.,225.));
#4892=CARTESIAN_POINT('',(-67.0000000000001,20.,222.5));
#4893=CARTESIAN_POINT('',(-65.556624327026,20.,225.));
#4894=CARTESIAN_POINT('',(-67.0000000000001,20.,222.5));
#4895=CARTESIAN_POINT('',(-67.0000000000001,20.,225.));
#4896=CARTESIAN_POINT('',(-69.5000000000001,20.,225.));
#4897=CARTESIAN_POINT('',(-69.5000000000001,20.,222.5));
#4898=CARTESIAN_POINT('',(-72.0000000000001,19.9999999999999,222.5));
#4899=CARTESIAN_POINT('',(-72.0000000000001,19.9999999999999,225.));
#4900=CARTESIAN_POINT('',(-86.4515172442699,19.9999999999999,225.));
#4901=CARTESIAN_POINT('',(-86.4515172442699,19.9999999999999,225.));
#4902=CARTESIAN_POINT('',(-86.4515172442699,17.4999999999999,225.));
#4903=CARTESIAN_POINT('',(-86.4515172442699,19.9999999999999,222.5));
#4904=CARTESIAN_POINT('',(-86.4515172442699,17.4999999999999,225.));
#4905=CARTESIAN_POINT('',(-87.,16.9515172442698,225.));
#4906=CARTESIAN_POINT('',(-87.,19.9999999999999,225.));
#4907=CARTESIAN_POINT('',(-86.4515172442699,19.9999999999999,225.));
#4908=CARTESIAN_POINT('',(-79.5000000000001,19.9999999999999,225.));
#4909=CARTESIAN_POINT('',(-79.5000000000001,19.9999999999999,222.5));
#4910=CARTESIAN_POINT('',(-67.0000000000001,20.,425.));
#4911=CARTESIAN_POINT('',(-67.0000000000001,20.,422.5));
#4912=CARTESIAN_POINT('',(-65.556624327026,20.,425.));
#4913=CARTESIAN_POINT('',(-67.0000000000001,20.,422.5));
#4914=CARTESIAN_POINT('',(-67.0000000000001,20.,425.));
#4915=CARTESIAN_POINT('',(-69.5000000000001,20.,425.));
#4916=CARTESIAN_POINT('',(-69.5000000000001,20.,422.5));
#4917=CARTESIAN_POINT('',(-72.0000000000001,20.,422.5));
#4918=CARTESIAN_POINT('',(-72.0000000000001,20.,425.));
#4919=CARTESIAN_POINT('',(-87.,20.,425.));
#4920=CARTESIAN_POINT('',(-86.4515172442699,20.,425.));
#4921=CARTESIAN_POINT('',(-86.4515172442699,17.5,425.));
#4922=CARTESIAN_POINT('',(-86.4515172442699,20.,422.5));
#4923=CARTESIAN_POINT('',(-87.,16.9515172442698,425.));
#4924=CARTESIAN_POINT('',(-87.,16.9515172442698,425.));
#4925=CARTESIAN_POINT('',(-87.,20.,425.));
#4926=CARTESIAN_POINT('',(-86.4515172442699,20.,425.));
#4927=CARTESIAN_POINT('',(-79.5000000000001,20.,425.));
#4928=CARTESIAN_POINT('',(-79.5000000000001,20.,422.5));
#4929=CARTESIAN_POINT('',(-62.,19.9999999999999,0.67116968793294));
#4930=CARTESIAN_POINT('',(-62.,19.9999999999999,0.671169687932935));
#4931=CARTESIAN_POINT('',(-58.6,19.9999999999999,0.671169687932935));
#4932=CARTESIAN_POINT('',(-64.4041630560343,22.4041630560342,0.671169687932935));
#4933=CARTESIAN_POINT('',(-58.6,19.9999999999999,0.67116968793294));
#4934=CARTESIAN_POINT('',(-57.4375,19.9999999999999,2.35922392732846E-15));
#4935=CARTESIAN_POINT('',(-62.,19.9999999999999,1.11022302462516E-16));
#4936=CARTESIAN_POINT('',(-62.,19.9999999999999,0.671169687932935));
#4937=CARTESIAN_POINT('',(-62.0000000000003,19.9999999999998,570.));
#4938=CARTESIAN_POINT('',(-59.595836943966,17.5958369439655,570.));
#4939=CARTESIAN_POINT('',(-62.0000000000003,19.9999999999998,567.957073895306));
#4940=CARTESIAN_POINT('',(-59.595836943966,17.5958369439655,570.));
#4941=CARTESIAN_POINT('',(-62.0000000000003,19.9999999999998,570.));
#4942=CARTESIAN_POINT('',(-62.,19.9999999999999,29.9999999999998));
#4943=CARTESIAN_POINT('',(-64.4041630560343,22.4041630560342,29.9999999999998));
#4944=CARTESIAN_POINT('',(-62.,19.9999999999999,32.0429261046935));
#4945=CARTESIAN_POINT('',(-64.4041630560343,22.4041630560342,29.9999999999998));
#4946=CARTESIAN_POINT('',(-62.,19.9999999999999,29.9999999999998));
#4947=CARTESIAN_POINT('',(-62.0000000000003,19.9999999999998,589.));
#4948=CARTESIAN_POINT('',(-62.0000000000003,19.9999999999998,578.));
#4949=CARTESIAN_POINT('',(-59.595836943966,17.5958369439655,578.));
#4950=CARTESIAN_POINT('',(-59.595836943966,17.5958369439655,589.));
#4951=CARTESIAN_POINT('',(-59.595836943966,17.5958369439655,599.328830312067));
#4952=CARTESIAN_POINT('',(-62.0000000000003,19.9999999999998,599.328830312067));
#4953=CARTESIAN_POINT('',(-65.4000000000002,19.9999999999998,599.328830312067));
#4954=CARTESIAN_POINT('',(-62.0000000000003,19.9999999999998,599.328830312067));
#4955=CARTESIAN_POINT('',(61.9999999999999,20.,26.));
#4956=CARTESIAN_POINT('',(61.9999999999999,20.,30.));
#4957=CARTESIAN_POINT('',(59.5958369439656,22.4041630560343,30.));
#4958=CARTESIAN_POINT('',(59.5958369439656,22.4041630560343,26.));
#4959=CARTESIAN_POINT('',(59.5958369439656,22.4041630560343,22.));
#4960=CARTESIAN_POINT('',(61.9999999999999,20.,22.));
#4961=CARTESIAN_POINT('',(61.9999999999998,19.9999999999998,600.));
#4962=CARTESIAN_POINT('',(61.9999999999998,19.9999999999998,599.328830312067));
#4963=CARTESIAN_POINT('',(58.5999999999998,19.9999999999998,599.328830312067));
#4964=CARTESIAN_POINT('',(64.4041630560341,17.5958369439655,599.328830312067));
#4965=CARTESIAN_POINT('',(57.4374999999999,19.9999999999998,600.));
#4966=CARTESIAN_POINT('',(57.4374999999999,19.9999999999998,600.));
#4967=CARTESIAN_POINT('',(61.9999999999998,19.9999999999998,600.));
#4968=CARTESIAN_POINT('',(61.9999999999998,19.9999999999998,599.328830312067));
#4969=CARTESIAN_POINT('',(-62.0000000000003,19.9999999999998,600.));
#4970=CARTESIAN_POINT('',(-66.5625000000002,19.9999999999998,600.));
#4971=CARTESIAN_POINT('',(-66.5625000000002,19.9999999999998,600.));
#4972=CARTESIAN_POINT('',(-62.0000000000003,19.9999999999998,600.));
#4973=CARTESIAN_POINT('',(-62.0000000000003,19.9999999999998,574.));
#4974=CARTESIAN_POINT('',(-59.595836943966,17.5958369439655,574.));
#4975=CARTESIAN_POINT('',(61.9999999999999,20.,30.));
#4976=CARTESIAN_POINT('',(59.5958369439656,22.4041630560343,30.));
#4977=CARTESIAN_POINT('',(61.9999999999999,20.,32.0429261046937));
#4978=CARTESIAN_POINT('',(61.9999999999998,19.9999999999998,574.));
#4979=CARTESIAN_POINT('',(61.9999999999998,19.9999999999998,570.));
#4980=CARTESIAN_POINT('',(64.4041630560341,17.5958369439655,570.));
#4981=CARTESIAN_POINT('',(64.4041630560341,17.5958369439655,574.));
#4982=CARTESIAN_POINT('',(64.4041630560341,17.5958369439655,578.));
#4983=CARTESIAN_POINT('',(61.9999999999998,19.9999999999998,578.));
#4984=CARTESIAN_POINT('',(61.9999999999998,19.9999999999998,570.));
#4985=CARTESIAN_POINT('',(64.4041630560341,17.5958369439655,570.));
#4986=CARTESIAN_POINT('',(61.9999999999998,19.9999999999998,567.957073895306));
#4987=CARTESIAN_POINT('',(-62.,19.9999999999999,10.9999999999998));
#4988=CARTESIAN_POINT('',(-62.,19.9999999999999,21.9999999999998));
#4989=CARTESIAN_POINT('',(-64.4041630560343,22.4041630560342,21.9999999999998));
#4990=CARTESIAN_POINT('',(-64.4041630560343,22.4041630560342,10.9999999999998));
#4991=CARTESIAN_POINT('',(61.9999999999999,20.,0.67116968793294));
#4992=CARTESIAN_POINT('',(61.9999999999999,20.,0.671169687932939));
#4993=CARTESIAN_POINT('',(65.3999999999999,20.,0.67116968793294));
#4994=CARTESIAN_POINT('',(59.5958369439656,22.4041630560343,0.67116968793294));
#4995=CARTESIAN_POINT('',(65.3999999999999,20.,0.67116968793294));
#4996=CARTESIAN_POINT('',(66.5624999999999,20.,1.66533453693773E-15));
#4997=CARTESIAN_POINT('',(61.9999999999999,20.,1.11022302462516E-16));
#4998=CARTESIAN_POINT('',(61.9999999999999,20.,0.671169687932939));
#4999=CARTESIAN_POINT('',(61.9999999999999,20.,11.));
#5000=CARTESIAN_POINT('',(59.5958369439656,22.4041630560343,11.));
#5001=CARTESIAN_POINT('',(42.5,-3.46944695195361E-14,375.));
#5002=CARTESIAN_POINT('',(42.5,0.,375.));
#5003=CARTESIAN_POINT('',(46.75,3.20546729256582E-15,375.));
#5004=CARTESIAN_POINT('',(46.75,-3.14890022269703E-14,375.));
#5005=CARTESIAN_POINT('',(46.75,30.0000000000001,375.));
#5006=CARTESIAN_POINT('',(42.5,30.0000000000001,375.));
#5007=CARTESIAN_POINT('',(42.5,-3.46944695195361E-14,425.));
#5008=CARTESIAN_POINT('',(42.5,0.,425.));
#5009=CARTESIAN_POINT('',(46.75,3.20546729256582E-15,425.));
#5010=CARTESIAN_POINT('',(46.75,-3.14890022269703E-14,425.));
#5011=CARTESIAN_POINT('',(46.75,30.0000000000001,425.));
#5012=CARTESIAN_POINT('',(42.5,30.0000000000001,425.));
#5013=CARTESIAN_POINT('',(31.,40.,600.));
#5014=CARTESIAN_POINT('',(-31.,40.,600.));
#5015=CARTESIAN_POINT('',(-31.,40.,600.));
#5016=CARTESIAN_POINT('',(-31.,40.,0.));
#5017=CARTESIAN_POINT('',(0.,40.,600.));
#5018=CARTESIAN_POINT('',(31.,40.,600.));
#5019=CARTESIAN_POINT('',(31.,40.,600.));
#5020=CARTESIAN_POINT('',(31.,40.,0.));
#5021=CARTESIAN_POINT('',(0.,40.,0.));
#5022=CARTESIAN_POINT('',(42.5,-3.46944695195361E-14,125.));
#5023=CARTESIAN_POINT('',(42.5,0.,125.));
#5024=CARTESIAN_POINT('',(46.75,3.20546729256582E-15,125.));
#5025=CARTESIAN_POINT('',(46.75,-3.14890022269703E-14,125.));
#5026=CARTESIAN_POINT('',(46.75,30.0000000000001,125.));
#5027=CARTESIAN_POINT('',(42.5,30.0000000000001,125.));
#5028=CARTESIAN_POINT('',(42.5,-3.46944695195361E-14,575.));
#5029=CARTESIAN_POINT('',(42.5,0.,575.));
#5030=CARTESIAN_POINT('',(46.75,3.20546729256582E-15,575.));
#5031=CARTESIAN_POINT('',(46.75,-3.14890022269703E-14,575.));
#5032=CARTESIAN_POINT('',(46.75,30.0000000000001,575.));
#5033=CARTESIAN_POINT('',(42.5,30.0000000000001,575.));
#5034=CARTESIAN_POINT('',(42.5,-3.46944695195361E-14,325.));
#5035=CARTESIAN_POINT('',(42.5,0.,325.));
#5036=CARTESIAN_POINT('',(46.75,3.20546729256582E-15,325.));
#5037=CARTESIAN_POINT('',(46.75,-3.14890022269703E-14,325.));
#5038=CARTESIAN_POINT('',(46.75,30.0000000000001,325.));
#5039=CARTESIAN_POINT('',(42.5,30.0000000000001,325.));
#5040=CARTESIAN_POINT('',(42.5,-3.46944695195361E-14,525.));
#5041=CARTESIAN_POINT('',(42.5,0.,525.));
#5042=CARTESIAN_POINT('',(46.75,3.20546729256582E-15,525.));
#5043=CARTESIAN_POINT('',(46.75,-3.14890022269703E-14,525.));
#5044=CARTESIAN_POINT('',(46.75,30.0000000000001,525.));
#5045=CARTESIAN_POINT('',(42.5,30.0000000000001,525.));
#5046=CARTESIAN_POINT('',(42.5,-3.46944695195361E-14,225.));
#5047=CARTESIAN_POINT('',(42.5,0.,225.));
#5048=CARTESIAN_POINT('',(46.75,3.20546729256582E-15,225.));
#5049=CARTESIAN_POINT('',(46.75,-3.14890022269703E-14,225.));
#5050=CARTESIAN_POINT('',(46.75,30.0000000000001,225.));
#5051=CARTESIAN_POINT('',(42.5,30.0000000000001,225.));
#5052=CARTESIAN_POINT('',(42.5,-3.46944695195361E-14,275.));
#5053=CARTESIAN_POINT('',(42.5,0.,275.));
#5054=CARTESIAN_POINT('',(46.75,3.20546729256582E-15,275.));
#5055=CARTESIAN_POINT('',(46.75,-3.14890022269703E-14,275.));
#5056=CARTESIAN_POINT('',(46.75,30.0000000000001,275.));
#5057=CARTESIAN_POINT('',(42.5,30.0000000000001,275.));
#5058=CARTESIAN_POINT('',(42.5,-3.46944695195361E-14,475.));
#5059=CARTESIAN_POINT('',(42.5,0.,475.));
#5060=CARTESIAN_POINT('',(46.75,3.20546729256582E-15,475.));
#5061=CARTESIAN_POINT('',(46.75,-3.14890022269703E-14,475.));
#5062=CARTESIAN_POINT('',(46.75,30.0000000000001,475.));
#5063=CARTESIAN_POINT('',(42.5,30.0000000000001,475.));
#5064=CARTESIAN_POINT('',(42.5,-3.46944695195361E-14,75.));
#5065=CARTESIAN_POINT('',(42.5,0.,75.));
#5066=CARTESIAN_POINT('',(46.75,3.20546729256582E-15,75.));
#5067=CARTESIAN_POINT('',(46.75,-3.14890022269703E-14,75.));
#5068=CARTESIAN_POINT('',(46.75,30.0000000000001,75.));
#5069=CARTESIAN_POINT('',(42.5,30.0000000000001,75.));
#5070=CARTESIAN_POINT('',(-62.,19.9999999999999,25.9999999999998));
#5071=CARTESIAN_POINT('',(-64.4041630560343,22.4041630560342,25.9999999999998));
#5072=CARTESIAN_POINT('',(87.,40.,600.));
#5073=CARTESIAN_POINT('',(54.,40.,600.));
#5074=CARTESIAN_POINT('',(54.,40.,600.));
#5075=CARTESIAN_POINT('',(54.,40.,0.));
#5076=CARTESIAN_POINT('',(0.,40.,600.));
#5077=CARTESIAN_POINT('',(87.,40.,600.));
#5078=CARTESIAN_POINT('',(87.,40.,600.));
#5079=CARTESIAN_POINT('',(87.,40.,0.));
#5080=CARTESIAN_POINT('',(0.,40.,0.));
#5081=CARTESIAN_POINT('',(-42.5,-9.71445146547012E-14,375.));
#5082=CARTESIAN_POINT('',(-42.5,0.,375.));
#5083=CARTESIAN_POINT('',(-38.2500000000001,3.20546729256579E-15,375.));
#5084=CARTESIAN_POINT('',(-38.2500000000001,-9.39390473621354E-14,375.));
#5085=CARTESIAN_POINT('',(-38.2500000000001,30.,375.));
#5086=CARTESIAN_POINT('',(-42.5,30.,375.));
#5087=CARTESIAN_POINT('',(-31.,30.,600.));
#5088=CARTESIAN_POINT('',(-31.,30.,600.));
#5089=CARTESIAN_POINT('',(-31.,30.,600.));
#5090=CARTESIAN_POINT('',(-31.,30.,0.));
#5091=CARTESIAN_POINT('',(-31.,0.,600.));
#5092=CARTESIAN_POINT('',(-31.,0.,0.));
#5093=CARTESIAN_POINT('',(31.,30.,600.));
#5094=CARTESIAN_POINT('',(31.,0.,600.));
#5095=CARTESIAN_POINT('',(31.,30.,600.));
#5096=CARTESIAN_POINT('',(31.,30.,600.));
#5097=CARTESIAN_POINT('',(31.,30.,0.));
#5098=CARTESIAN_POINT('',(31.,0.,0.));
#5099=CARTESIAN_POINT('',(61.9999999999998,19.9999999999998,589.));
#5100=CARTESIAN_POINT('',(64.4041630560341,17.5958369439655,589.));
#5101=CARTESIAN_POINT('',(-54.,30.,600.));
#5102=CARTESIAN_POINT('',(-42.5,30.,75.));
#5103=CARTESIAN_POINT('',(-38.2500000000001,30.,75.));
#5104=CARTESIAN_POINT('',(-42.5,30.,125.));
#5105=CARTESIAN_POINT('',(-38.2500000000001,30.,125.));
#5106=CARTESIAN_POINT('',(-42.5,30.,175.));
#5107=CARTESIAN_POINT('',(-38.2500000000001,30.,175.));
#5108=CARTESIAN_POINT('',(-42.5,30.,225.));
#5109=CARTESIAN_POINT('',(-38.2500000000001,30.,225.));
#5110=CARTESIAN_POINT('',(-42.5,30.,275.));
#5111=CARTESIAN_POINT('',(-38.2500000000001,30.,275.));
#5112=CARTESIAN_POINT('',(-42.5,30.,325.));
#5113=CARTESIAN_POINT('',(-38.2500000000001,30.,325.));
#5114=CARTESIAN_POINT('',(-42.5,30.,425.));
#5115=CARTESIAN_POINT('',(-38.2500000000001,30.,425.));
#5116=CARTESIAN_POINT('',(-42.5,30.,475.));
#5117=CARTESIAN_POINT('',(-38.2500000000001,30.,475.));
#5118=CARTESIAN_POINT('',(-42.5,30.,525.));
#5119=CARTESIAN_POINT('',(-38.2500000000001,30.,525.));
#5120=CARTESIAN_POINT('',(-42.5,30.,575.));
#5121=CARTESIAN_POINT('',(-38.2500000000001,30.,575.));
#5122=CARTESIAN_POINT('',(-42.5,30.,24.9999999999999));
#5123=CARTESIAN_POINT('',(-38.2500000000001,30.,24.9999999999999));
#5124=CARTESIAN_POINT('',(-54.,30.,600.));
#5125=CARTESIAN_POINT('',(-54.,30.,600.));
#5126=CARTESIAN_POINT('',(-54.,30.,0.));
#5127=CARTESIAN_POINT('',(0.,30.,600.));
#5128=CARTESIAN_POINT('',(0.,30.,0.));
#5129=CARTESIAN_POINT('',(-42.5,-9.71445146547012E-14,175.));
#5130=CARTESIAN_POINT('',(-42.5,0.,175.));
#5131=CARTESIAN_POINT('',(-38.2500000000001,3.20546729256579E-15,175.));
#5132=CARTESIAN_POINT('',(-38.2500000000001,-9.39390473621354E-14,175.));
#5133=CARTESIAN_POINT('',(42.5,-3.46944695195361E-14,175.));
#5134=CARTESIAN_POINT('',(42.5,0.,175.));
#5135=CARTESIAN_POINT('',(46.75,3.20546729256582E-15,175.));
#5136=CARTESIAN_POINT('',(46.75,-3.14890022269703E-14,175.));
#5137=CARTESIAN_POINT('',(46.75,30.0000000000001,175.));
#5138=CARTESIAN_POINT('',(42.5,30.0000000000001,175.));
#5139=CARTESIAN_POINT('',(54.,40.,600.));
#5140=CARTESIAN_POINT('',(54.,30.,600.));
#5141=CARTESIAN_POINT('',(54.,30.,600.));
#5142=CARTESIAN_POINT('',(54.,30.,0.));
#5143=CARTESIAN_POINT('',(54.,0.,600.));
#5144=CARTESIAN_POINT('',(54.,0.,0.));
#5145=CARTESIAN_POINT('',(-42.5,-9.71445146547012E-14,24.9999999999999));
#5146=CARTESIAN_POINT('',(-42.5,0.,24.9999999999999));
#5147=CARTESIAN_POINT('',(-38.2500000000001,3.20546729256579E-15,24.9999999999999));
#5148=CARTESIAN_POINT('',(-38.2500000000001,-9.39390473621354E-14,24.9999999999999));
#5149=CARTESIAN_POINT('',(-87.,40.,600.));
#5150=CARTESIAN_POINT('',(-87.,40.,0.));
#5151=CARTESIAN_POINT('',(-87.,40.,0.));
#5152=CARTESIAN_POINT('',(-87.,40.,600.));
#5153=CARTESIAN_POINT('',(0.,40.,600.));
#5154=CARTESIAN_POINT('',(-54.,40.,600.));
#5155=CARTESIAN_POINT('',(-54.,40.,600.));
#5156=CARTESIAN_POINT('',(-54.,40.,0.));
#5157=CARTESIAN_POINT('',(0.,40.,0.));
#5158=CARTESIAN_POINT('',(-54.,40.,0.));
#5159=CARTESIAN_POINT('',(0.,0.,0.));
#5160=CARTESIAN_POINT('',(87.,0.,0.));
#5161=CARTESIAN_POINT('',(-87.,0.,0.));
#5162=CARTESIAN_POINT('',(-87.,0.,0.));
#5163=CARTESIAN_POINT('',(-54.,0.,0.));
#5164=CARTESIAN_POINT('',(0.,30.,0.));
#5165=CARTESIAN_POINT('',(87.,0.,0.));
#5166=CARTESIAN_POINT('',(-42.5,-9.71445146547012E-14,75.));
#5167=CARTESIAN_POINT('',(-42.5,0.,75.));
#5168=CARTESIAN_POINT('',(-38.2500000000001,3.20546729256579E-15,75.));
#5169=CARTESIAN_POINT('',(-38.2500000000001,-9.39390473621354E-14,75.));
#5170=CARTESIAN_POINT('',(87.,0.,600.));
#5171=CARTESIAN_POINT('',(87.,0.,600.));
#5172=CARTESIAN_POINT('',(87.,0.,600.));
#5173=CARTESIAN_POINT('',(87.,0.,0.));
#5174=CARTESIAN_POINT('',(-87.,0.,600.));
#5175=CARTESIAN_POINT('',(-87.,0.,0.));
#5176=CARTESIAN_POINT('',(-87.,0.,600.));
#5177=CARTESIAN_POINT('',(-87.,0.,600.));
#5178=CARTESIAN_POINT('',(-42.5,-9.71445146547012E-14,275.));
#5179=CARTESIAN_POINT('',(-42.5,0.,275.));
#5180=CARTESIAN_POINT('',(-38.2500000000001,3.20546729256579E-15,275.));
#5181=CARTESIAN_POINT('',(-38.2500000000001,-9.39390473621354E-14,275.));
#5182=CARTESIAN_POINT('',(-42.5,-9.71445146547012E-14,575.));
#5183=CARTESIAN_POINT('',(-42.5,0.,575.));
#5184=CARTESIAN_POINT('',(-38.2500000000001,3.20546729256579E-15,575.));
#5185=CARTESIAN_POINT('',(-38.2500000000001,-9.39390473621354E-14,575.));
#5186=CARTESIAN_POINT('',(-87.,0.,600.));
#5187=CARTESIAN_POINT('',(42.5,0.,24.9999999999999));
#5188=CARTESIAN_POINT('',(46.75,3.20546729256582E-15,24.9999999999999));
#5189=CARTESIAN_POINT('',(-42.5,0.,525.));
#5190=CARTESIAN_POINT('',(-38.2500000000001,3.20546729256579E-15,525.));
#5191=CARTESIAN_POINT('',(-42.5,0.,475.));
#5192=CARTESIAN_POINT('',(-38.2500000000001,3.20546729256579E-15,475.));
#5193=CARTESIAN_POINT('',(-42.5,0.,425.));
#5194=CARTESIAN_POINT('',(-38.2500000000001,3.20546729256579E-15,425.));
#5195=CARTESIAN_POINT('',(-42.5,0.,325.));
#5196=CARTESIAN_POINT('',(-38.2500000000001,3.20546729256579E-15,325.));
#5197=CARTESIAN_POINT('',(-42.5,0.,225.));
#5198=CARTESIAN_POINT('',(-38.2500000000001,3.20546729256579E-15,225.));
#5199=CARTESIAN_POINT('',(-42.5,0.,125.));
#5200=CARTESIAN_POINT('',(-38.2500000000001,3.20546729256579E-15,125.));
#5201=CARTESIAN_POINT('',(0.,0.,600.));
#5202=CARTESIAN_POINT('',(-42.5,-9.71445146547012E-14,325.));
#5203=CARTESIAN_POINT('',(-38.2500000000001,-9.39390473621354E-14,325.));
#5204=CARTESIAN_POINT('',(-42.5,-9.71445146547012E-14,125.));
#5205=CARTESIAN_POINT('',(-38.2500000000001,-9.39390473621354E-14,125.));
#5206=CARTESIAN_POINT('',(-42.5,-9.71445146547012E-14,225.));
#5207=CARTESIAN_POINT('',(-38.2500000000001,-9.39390473621354E-14,225.));
#5208=CARTESIAN_POINT('',(-42.5,-9.71445146547012E-14,475.));
#5209=CARTESIAN_POINT('',(-38.2500000000001,-9.39390473621354E-14,475.));
#5210=CARTESIAN_POINT('',(-42.5,-9.71445146547012E-14,525.));
#5211=CARTESIAN_POINT('',(-38.2500000000001,-9.39390473621354E-14,525.));
#5212=CARTESIAN_POINT('',(-54.,40.,600.));
#5213=CARTESIAN_POINT('',(-54.,0.,600.));
#5214=CARTESIAN_POINT('',(42.5,-3.46944695195361E-14,24.9999999999999));
#5215=CARTESIAN_POINT('',(46.75,-3.14890022269703E-14,24.9999999999999));
#5216=CARTESIAN_POINT('',(46.75,30.0000000000001,24.9999999999999));
#5217=CARTESIAN_POINT('',(42.5,30.0000000000001,24.9999999999999));
#5218=CARTESIAN_POINT('',(54.,30.,600.));
#5219=CARTESIAN_POINT('',(0.,30.,600.));
#5220=CARTESIAN_POINT('',(-54.,40.,600.));
#5221=CARTESIAN_POINT('',(-42.5,-9.71445146547012E-14,425.));
#5222=CARTESIAN_POINT('',(-38.2500000000001,-9.39390473621354E-14,425.));
#5223=CARTESIAN_POINT('',(0.,-20.,-300.));
#5224=CARTESIAN_POINT('',(67.0000000000001,20.0000000000004,25.));
#5225=CARTESIAN_POINT('',(66.1316504015691,20.9959743767858,25.));
#5226=CARTESIAN_POINT('',(66.1316774161321,20.9958623109206,25.2958710056944));
#5227=CARTESIAN_POINT('',(66.1831372194016,20.8219750624874,25.8769062068304));
#5228=CARTESIAN_POINT('',(66.25,20.2767109507364,26.2009618943231));
#5229=CARTESIAN_POINT('',(66.25,20.0000000000004,26.2009618943231));
#5230=CARTESIAN_POINT('',(66.1316504015691,20.9959743767858,25.));
#5231=CARTESIAN_POINT('',(66.25,20.0000000000004,26.2009618943231));
#5232=CARTESIAN_POINT('',(66.25,20.0000000000004,26.2009618943231));
#5233=CARTESIAN_POINT('',(66.25,19.790956315684,26.2009618943231));
#5234=CARTESIAN_POINT('',(66.2131704986644,19.367499977653,26.0178994904559));
#5235=CARTESIAN_POINT('',(66.13697039812,19.0230262077918,25.4455093013465));
#5236=CARTESIAN_POINT('',(66.1230556950881,18.9698315138527,24.7800137658438));
#5237=CARTESIAN_POINT('',(66.1844568150878,19.221188428925,24.1503689088612));
#5238=CARTESIAN_POINT('',(66.2610448269641,19.770629690503,23.7425426281937));
#5239=CARTESIAN_POINT('',(66.2406952253327,20.446028568322,23.8394424458646));
#5240=CARTESIAN_POINT('',(66.1586412577736,20.8907354781887,24.3384274658616));
#5241=CARTESIAN_POINT('',(66.1316702052758,20.9958922240771,24.7831042974368));
#5242=CARTESIAN_POINT('',(66.1316504015691,20.9959743767858,25.));
#5243=CARTESIAN_POINT('',(67.0000000000001,20.0000000000004,27.4999999999999));
#5244=CARTESIAN_POINT('',(67.0000000000001,20.0000000000004,27.4999999999999));
#5245=CARTESIAN_POINT('',(67.0000000000001,20.0000000000004,25.));
#5246=CARTESIAN_POINT('',(69.5000000000001,20.0000000000004,25.));
#5247=CARTESIAN_POINT('',(69.5000000000001,20.0000000000004,27.4999999999999));
#5248=CARTESIAN_POINT('',(72.0000000000001,20.0000000000003,27.5000000000001));
#5249=CARTESIAN_POINT('',(72.0000000000001,20.0000000000003,25.0000000000001));
#5250=CARTESIAN_POINT('',(86.4515172442699,20.0000000000003,25.0000000000001));
#5251=CARTESIAN_POINT('',(86.4515172442699,20.0000000000003,25.0000000000001));
#5252=CARTESIAN_POINT('',(86.4515172442699,20.0000000000003,27.5000000000001));
#5253=CARTESIAN_POINT('',(86.4515172442699,22.5000000000003,25.0000000000001));
#5254=CARTESIAN_POINT('',(86.4515172442699,20.0000000000003,25.0000000000001));
#5255=CARTESIAN_POINT('',(86.4515172442699,22.5000000000003,25.0000000000001));
#5256=CARTESIAN_POINT('',(87.,23.0484827557304,25.0000000000001));
#5257=CARTESIAN_POINT('',(87.,20.0000000000003,25.0000000000001));
#5258=CARTESIAN_POINT('',(79.5000000000001,20.0000000000003,25.0000000000001));
#5259=CARTESIAN_POINT('',(79.5000000000001,20.0000000000003,27.5000000000001));
#5260=CARTESIAN_POINT('',(-87.,20.0000000000001,24.9999999999995));
#5261=CARTESIAN_POINT('',(-86.4515172442699,20.0000000000001,24.9999999999995));
#5262=CARTESIAN_POINT('',(-86.4515172442699,17.5000000000004,24.9999999999995));
#5263=CARTESIAN_POINT('',(-86.4515172442699,20.0000000000001,22.4999999999997));
#5264=CARTESIAN_POINT('',(-87.,16.9515172442702,24.9999999999995));
#5265=CARTESIAN_POINT('',(-87.,16.9515172442702,24.9999999999995));
#5266=CARTESIAN_POINT('',(-87.,20.0000000000001,24.9999999999995));
#5267=CARTESIAN_POINT('',(-86.4515172442699,20.0000000000001,24.9999999999995));
#5268=CARTESIAN_POINT('',(-79.5000000000001,20.0000000000001,24.9999999999995));
#5269=CARTESIAN_POINT('',(-72.0000000000001,20.0000000000001,24.9999999999995));
#5270=CARTESIAN_POINT('',(-72.0000000000001,20.0000000000001,22.4999999999998));
#5271=CARTESIAN_POINT('',(-79.5000000000001,20.0000000000001,22.4999999999997));
#5272=CARTESIAN_POINT('',(42.5,35.,25.));
#5273=CARTESIAN_POINT('',(42.5,33.8,25.));
#5274=CARTESIAN_POINT('',(50.,33.8,25.));
#5275=CARTESIAN_POINT('',(50.,35.,25.));
#5276=CARTESIAN_POINT('',(50.,40.,25.));
#5277=CARTESIAN_POINT('',(42.5,40.,25.));
#5278=CARTESIAN_POINT('',(0.,0.,72.));
#5279=CARTESIAN_POINT('',(42.5,0.,25.));
#5280=CARTESIAN_POINT('',(47.,3.58870919092702E-16,25.));
#5281=CARTESIAN_POINT('',(-42.5,0.,25.));
#5282=CARTESIAN_POINT('',(-38.,3.58870919092702E-16,25.));
#5283=CARTESIAN_POINT('',(87.,0.,0.));
#5284=CARTESIAN_POINT('',(87.,0.,50.));
#5285=CARTESIAN_POINT('',(87.,0.,0.));
#5286=CARTESIAN_POINT('',(0.,0.,50.));
#5287=CARTESIAN_POINT('',(-87.,0.,50.));
#5288=CARTESIAN_POINT('',(-87.,0.,0.));
#5289=CARTESIAN_POINT('',(-87.,0.,0.));
#5290=CARTESIAN_POINT('',(0.,0.,0.));
#5291=CARTESIAN_POINT('',(-42.5,35.,25.));
#5292=CARTESIAN_POINT('',(-42.5,33.8,25.));
#5293=CARTESIAN_POINT('',(-35.,33.8,25.));
#5294=CARTESIAN_POINT('',(-35.,35.,25.));
#5295=CARTESIAN_POINT('',(-35.,40.,25.));
#5296=CARTESIAN_POINT('',(-42.5,40.,25.));
#5297=CARTESIAN_POINT('',(42.5,-0.00100000000000794,25.));
#5298=CARTESIAN_POINT('',(47.,-0.00100000000000758,25.));
#5299=CARTESIAN_POINT('',(47.,33.8,25.));
#5300=CARTESIAN_POINT('',(42.5,33.8,25.));
#5301=CARTESIAN_POINT('',(87.,40.,72.));
#5302=CARTESIAN_POINT('',(87.,0.,0.));
#5303=CARTESIAN_POINT('',(87.,40.,0.));
#5304=CARTESIAN_POINT('',(87.,40.,0.));
#5305=CARTESIAN_POINT('',(87.,40.,50.));
#5306=CARTESIAN_POINT('',(87.,0.,50.));
#5307=CARTESIAN_POINT('',(-42.5,-0.00100000000000794,25.));
#5308=CARTESIAN_POINT('',(-38.,-0.00100000000000758,25.));
#5309=CARTESIAN_POINT('',(-38.,33.8,25.));
#5310=CARTESIAN_POINT('',(-42.5,33.8,25.));
#5311=CARTESIAN_POINT('',(-87.,1.06540752782547E-14,72.));
#5312=CARTESIAN_POINT('',(-87.,0.,50.));
#5313=CARTESIAN_POINT('',(-87.,40.,50.));
#5314=CARTESIAN_POINT('',(-87.,40.,0.));
#5315=CARTESIAN_POINT('',(-87.,40.,0.));
#5316=CARTESIAN_POINT('',(-87.,0.,0.));
#5317=CARTESIAN_POINT('',(87.,0.,0.));
#5318=CARTESIAN_POINT('',(-62.,20.,0.));
#5319=CARTESIAN_POINT('',(-58.9947961799572,23.0052038200428,0.));
#5320=CARTESIAN_POINT('',(62.,20.,0.));
#5321=CARTESIAN_POINT('',(65.0052038200428,23.0052038200428,0.));
#5322=CARTESIAN_POINT('',(0.,40.,0.));
#5323=CARTESIAN_POINT('',(42.5,33.8,25.));
#5324=CARTESIAN_POINT('',(-42.5,33.8,25.));
#5325=CARTESIAN_POINT('',(0.,40.,72.));
#5326=CARTESIAN_POINT('',(0.,40.,50.));
#5327=CARTESIAN_POINT('',(-69.5000000000001,20.0000000000001,24.9999999999995));
#5328=CARTESIAN_POINT('',(-67.0000000000001,20.0000000000001,24.9999999999995));
#5329=CARTESIAN_POINT('',(-67.0000000000001,20.0000000000001,22.4999999999998));
#5330=CARTESIAN_POINT('',(-69.5000000000001,20.0000000000001,22.4999999999997));
#5331=CARTESIAN_POINT('',(-67.0000000000001,20.0000000000001,24.9999999999995));
#5332=CARTESIAN_POINT('',(-66.1316504015692,20.9959743767855,24.9999999999995));
#5333=CARTESIAN_POINT('',(-66.1316774161318,20.995862310922,24.7041289943813));
#5334=CARTESIAN_POINT('',(-66.1831372194018,20.8219750624688,24.123093793131));
#5335=CARTESIAN_POINT('',(-66.25,20.2767109507711,23.7990381056765));
#5336=CARTESIAN_POINT('',(-66.25,20.0000000000001,23.7990381056765));
#5337=CARTESIAN_POINT('',(-66.1316504015692,20.9959743767856,24.9999999999995));
#5338=CARTESIAN_POINT('',(-66.25,20.0000000000001,23.7990381056765));
#5339=CARTESIAN_POINT('',(-66.25,20.0000000000001,23.7990381056765));
#5340=CARTESIAN_POINT('',(-66.25,19.790956315704,23.7990381056765));
#5341=CARTESIAN_POINT('',(-66.2131704986644,19.3674999776433,23.9821005095438));
#5342=CARTESIAN_POINT('',(-66.13697039812,19.0230262077942,24.5544906986531));
#5343=CARTESIAN_POINT('',(-66.1230556950881,18.9698315138519,25.2199862341557));
#5344=CARTESIAN_POINT('',(-66.1844568150878,19.221188428925,25.8496310911385));
#5345=CARTESIAN_POINT('',(-66.2610448269641,19.7706296905028,26.2574573718047));
#5346=CARTESIAN_POINT('',(-66.2406952253327,20.4460285683219,26.1605575541389));
#5347=CARTESIAN_POINT('',(-66.1586412577737,20.8907354781883,25.6615725341224));
#5348=CARTESIAN_POINT('',(-66.1316702052758,20.9958922240771,25.2168957025961));
#5349=CARTESIAN_POINT('',(-66.1316504015692,20.9959743767855,24.9999999999995));
#5350=CARTESIAN_POINT('',(-67.0000000000001,20.0000000000001,22.4999999999997));
#5351=CARTESIAN_POINT('',(-62.,20.,20.));
#5352=CARTESIAN_POINT('',(-58.9947961799572,23.0052038200428,20.));
#5353=CARTESIAN_POINT('',(-58.9947961799572,23.0052038200428,40.));
#5354=CARTESIAN_POINT('',(-62.,20.,40.));
#5355=CARTESIAN_POINT('',(-57.845747660529,15.8457476605291,40.));
#5356=CARTESIAN_POINT('',(-62.,20.,40.));
#5357=CARTESIAN_POINT('',(-56.6966991411009,25.3033008588991,40.));
#5358=CARTESIAN_POINT('',(-62.,20.,45.));
#5359=CARTESIAN_POINT('',(-56.6966991411009,25.3033008588991,45.));
#5360=CARTESIAN_POINT('',(-56.6966991411009,25.3033008588991,50.));
#5361=CARTESIAN_POINT('',(-62.,20.,50.));
#5362=CARTESIAN_POINT('',(62.,20.,19.9999999999998));
#5363=CARTESIAN_POINT('',(65.0052038200428,23.0052038200428,19.9999999999998));
#5364=CARTESIAN_POINT('',(65.0052038200428,23.0052038200428,39.9999999999998));
#5365=CARTESIAN_POINT('',(62.,20.,39.9999999999998));
#5366=CARTESIAN_POINT('',(66.1542523394708,15.8457476605289,39.9999999999998));
#5367=CARTESIAN_POINT('',(62.,20.,39.9999999999998));
#5368=CARTESIAN_POINT('',(67.3033008588991,25.3033008588991,39.9999999999998));
#5369=CARTESIAN_POINT('',(62.,20.,44.9999999999998));
#5370=CARTESIAN_POINT('',(67.3033008588991,25.3033008588991,44.9999999999998));
#5371=CARTESIAN_POINT('',(67.3033008588991,25.3033008588991,50.));
#5372=CARTESIAN_POINT('',(62.,20.,50.));
#5373=CARTESIAN_POINT('',(87.,-7.105427357601E-15,50.));
#5374=CARTESIAN_POINT('',(6.93889390390723E-15,-20.,-350.));
#5375=CARTESIAN_POINT('',(-206.261328007576,-236.611831845342,1184.21928143971));
#5376=CARTESIAN_POINT('',(-206.978715550191,-235.894444302727,1316.));
#5377=CARTESIAN_POINT('',(-209.276812589047,-233.596347263871,1316.));
#5378=CARTESIAN_POINT('',(-206.978715550191,-235.894444302727,716.));
#5379=CARTESIAN_POINT('',(-209.276812589047,-233.596347263871,716.));
#5380=CARTESIAN_POINT('',(-206.978715550191,-235.894444302727,916.));
#5381=CARTESIAN_POINT('',(-209.276812589047,-233.596347263871,916.));
#5382=CARTESIAN_POINT('',(-206.978715550191,-235.894444302727,1116.));
#5383=CARTESIAN_POINT('',(-209.276812589047,-233.596347263871,1116.));
#5384=CARTESIAN_POINT('',(-192.83657992646,-250.036579926459,691.000000000001));
#5385=CARTESIAN_POINT('',(-192.83657992646,-250.036579926459,691.000000000001));
#5386=CARTESIAN_POINT('',(-221.120851173922,-221.752308678997,691.000000000001));
#5387=CARTESIAN_POINT('',(-221.120851173922,-221.752308678996,691.000000000001));
#5388=CARTESIAN_POINT('',(-221.120851173922,-221.752308678996,1341.));
#5389=CARTESIAN_POINT('',(-221.120851173922,-221.752308678996,1341.));
#5390=CARTESIAN_POINT('',(-192.83657992646,-250.036579926458,1341.));
#5391=CARTESIAN_POINT('',(-192.83657992646,-250.036579926458,1341.));
#5392=CARTESIAN_POINT('',(-209.181268548397,-238.217374704115,1091.98258558485));
#5393=CARTESIAN_POINT('',(-209.241457249988,-238.157186002524,716.));
#5394=CARTESIAN_POINT('',(-211.539554288844,-235.859088963668,716.));
#5395=CARTESIAN_POINT('',(-209.241457249988,-238.157186002524,716.));
#5396=CARTESIAN_POINT('',(-213.130544546514,-234.268098705998,716.));
#5397=CARTESIAN_POINT('',(-214.049783362056,-242.965512114593,716.));
#5398=CARTESIAN_POINT('',(-217.938870658582,-239.076424818067,716.));
#5399=CARTESIAN_POINT('',(-217.938870658582,-239.076424818067,716.));
#5400=CARTESIAN_POINT('',(-214.049783362056,-242.965512114593,716.));
#5401=CARTESIAN_POINT('',(-213.332395819441,-243.682899657208,1184.21928143971));
#5402=CARTESIAN_POINT('',(-214.049783362056,-242.965512114593,916.));
#5403=CARTESIAN_POINT('',(-217.938870658582,-239.076424818067,916.));
#5404=CARTESIAN_POINT('',(-214.049783362056,-242.965512114593,1116.));
#5405=CARTESIAN_POINT('',(-217.938870658582,-239.076424818067,1116.));
#5406=CARTESIAN_POINT('',(-214.049783362056,-242.965512114593,1316.));
#5407=CARTESIAN_POINT('',(-217.938870658582,-239.076424818067,1316.));
#5408=CARTESIAN_POINT('',(-199.907647738325,-257.107647738324,1341.));
#5409=CARTESIAN_POINT('',(-199.907647738325,-257.107647738324,1341.));
#5410=CARTESIAN_POINT('',(-199.907647738325,-257.107647738324,691.000000000001));
#5411=CARTESIAN_POINT('',(-228.191918985787,-228.823376490862,1341.));
#5412=CARTESIAN_POINT('',(-219.706637611549,-237.3086578651,1341.));
#5413=CARTESIAN_POINT('',(-219.706637611549,-237.3086578651,1184.21928143971));
#5414=CARTESIAN_POINT('',(-219.706637611549,-237.3086578651,691.000000000001));
#5415=CARTESIAN_POINT('',(-199.907647738325,-257.107647738324,691.000000000001));
#5416=CARTESIAN_POINT('',(-221.584075571421,-241.08807415472,1271.1003095743));
#5417=CARTESIAN_POINT('',(-231.020346110534,-231.651803615608,691.000000000001));
#5418=CARTESIAN_POINT('',(-231.020346110534,-231.651803615608,691.000000000001));
#5419=CARTESIAN_POINT('',(-231.020346110533,-231.651803615608,1341.));
#5420=CARTESIAN_POINT('',(-222.535064736295,-240.137084989847,691.000000000001));
#5421=CARTESIAN_POINT('',(-222.535064736295,-240.137084989847,691.000000000001));
#5422=CARTESIAN_POINT('',(-222.535064736295,-240.137084989846,1341.));
#5423=CARTESIAN_POINT('',(-222.535064736295,-240.137084989846,1341.));
#5424=CARTESIAN_POINT('',(-231.020346110533,-231.651803615608,1341.));
#5425=CARTESIAN_POINT('',(-219.706637611549,-237.3086578651,691.000000000001));
#5426=CARTESIAN_POINT('',(-219.706637611549,-237.3086578651,691.000000000001));
#5427=CARTESIAN_POINT('',(-228.191918985787,-228.823376490862,691.000000000001));
#5428=CARTESIAN_POINT('',(-192.83657992646,-250.036579926459,691.000000000001));
#5429=CARTESIAN_POINT('',(-219.706637611549,-237.3086578651,1341.));
#5430=CARTESIAN_POINT('',(-219.706637611549,-237.3086578651,1341.));
#5431=CARTESIAN_POINT('',(-206.978715550191,-235.894444302727,916.));
#5432=CARTESIAN_POINT('',(-209.276812589047,-233.596347263871,916.));
#5433=CARTESIAN_POINT('',(-211.539554288844,-235.859088963668,916.));
#5434=CARTESIAN_POINT('',(-209.241457249988,-238.157186002524,916.));
#5435=CARTESIAN_POINT('',(-209.181268548397,-238.217374704115,1091.98258558485));
#5436=CARTESIAN_POINT('',(-209.241457249988,-238.157186002524,1116.));
#5437=CARTESIAN_POINT('',(-211.539554288844,-235.859088963668,1116.));
#5438=CARTESIAN_POINT('',(-209.241457249988,-238.157186002524,1116.));
#5439=CARTESIAN_POINT('',(-213.130544546514,-234.268098705998,1116.));
#5440=CARTESIAN_POINT('',(-214.049783362056,-242.965512114593,1116.));
#5441=CARTESIAN_POINT('',(-217.938870658582,-239.076424818067,1116.));
#5442=CARTESIAN_POINT('',(-206.978715550191,-235.894444302727,1316.));
#5443=CARTESIAN_POINT('',(-209.276812589047,-233.596347263871,1316.));
#5444=CARTESIAN_POINT('',(-211.539554288844,-235.859088963668,1316.));
#5445=CARTESIAN_POINT('',(-209.241457249988,-238.157186002524,1316.));
#5446=CARTESIAN_POINT('',(-209.181268548397,-238.217374704115,1091.98258558485));
#5447=CARTESIAN_POINT('',(-209.241457249988,-238.157186002524,1316.));
#5448=CARTESIAN_POINT('',(-213.130544546514,-234.268098705998,1316.));
#5449=CARTESIAN_POINT('',(-214.049783362056,-242.965512114593,1316.));
#5450=CARTESIAN_POINT('',(-217.938870658582,-239.076424818067,1316.));
#5451=CARTESIAN_POINT('',(-206.978715550191,-235.894444302727,716.));
#5452=CARTESIAN_POINT('',(-209.276812589047,-233.596347263871,716.));
#5453=CARTESIAN_POINT('',(-209.181268548397,-238.217374704115,1091.98258558485));
#5454=CARTESIAN_POINT('',(-209.241457249988,-238.157186002524,916.));
#5455=CARTESIAN_POINT('',(-213.130544546514,-234.268098705998,916.));
#5456=CARTESIAN_POINT('',(-214.049783362056,-242.965512114593,916.));
#5457=CARTESIAN_POINT('',(-217.938870658582,-239.076424818067,916.));
#5458=CARTESIAN_POINT('',(-206.978715550191,-235.894444302727,1116.));
#5459=CARTESIAN_POINT('',(-209.276812589047,-233.596347263871,1116.));
#5460=CARTESIAN_POINT('',(-221.120851173922,-221.752308678996,1341.));
#5461=CARTESIAN_POINT('',(-221.120851173922,-221.752308678996,1341.));
#5462=CARTESIAN_POINT('',(-192.83657992646,-250.036579926458,1341.));
#5463=CARTESIAN_POINT('',(-192.83657992646,-250.036579926458,1341.));
#5464=CARTESIAN_POINT('',(-221.120851173922,-221.752308678997,691.000000000001));
#5465=CARTESIAN_POINT('',(3.41060513164848E-13,5.6843418860808E-14,650.));
#5466=CARTESIAN_POINT('',(16.,1.1932825,0.));
#5467=CARTESIAN_POINT('',(16.,0.,0.));
#5468=CARTESIAN_POINT('',(16.,-2.386565,-2.9226991882071E-16));
#5469=CARTESIAN_POINT('',(16.,0.,0.));
#5470=CARTESIAN_POINT('',(15.386565,0.,0.));
#5471=CARTESIAN_POINT('',(15.386565,-3.,0.));
#5472=CARTESIAN_POINT('',(15.386565,3.,3.67394039744206E-16));
#5473=CARTESIAN_POINT('',(15.386565,0.,0.));
#5474=CARTESIAN_POINT('',(16.,-2.386565,2.9226991882071E-16));
#5475=CARTESIAN_POINT('',(9.1932825,0.,0.));
#5476=CARTESIAN_POINT('',(9.1932825,3.,3.67394039744206E-16));
#5477=CARTESIAN_POINT('',(3.,3.,3.67394039744206E-16));
#5478=CARTESIAN_POINT('',(3.,0.,0.));
#5479=CARTESIAN_POINT('',(1.5,0.,0.));
#5480=CARTESIAN_POINT('',(1.5,3.,3.67394039744206E-16));
#5481=CARTESIAN_POINT('',(0.,3.,3.67394039744206E-16));
#5482=CARTESIAN_POINT('',(0.,0.,0.));
#5483=CARTESIAN_POINT('',(-5.5,2.16506354832016,-1.25000002243529));
#5484=CARTESIAN_POINT('',(-4.5,2.88675139776021,-1.76756705180139E-16));
#5485=CARTESIAN_POINT('',(-3.,2.88675139776021,-8.49112286434609E-17));
#5486=CARTESIAN_POINT('',(-6.,2.88675139776021,0.));
#5487=CARTESIAN_POINT('',(-6.,2.88675139776021,2.63257929201781E-17));
#5488=CARTESIAN_POINT('',(-5.97093423278363,2.85878284971394,-0.0484429462300758));
#5489=CARTESIAN_POINT('',(-5.94284076681568,2.83053156969865,-0.097375598595406));
#5490=CARTESIAN_POINT('',(-5.91592501150646,2.80200842929382,-0.146779126968));
#5491=CARTESIAN_POINT('',(-5.88900924017333,2.77348527190814,-0.196182684752273));
#5492=CARTESIAN_POINT('',(-5.86327103612719,2.74468993710241,-0.246057667656759));
#5493=CARTESIAN_POINT('',(-5.83892512801142,2.71563058124675,-0.296389948433992));
#5494=CARTESIAN_POINT('',(-5.79023364831413,2.65751227122381,-0.397053814243763));
#5495=CARTESIAN_POINT('',(-5.74710863636706,2.5983354522909,-0.499551071265865));
#5496=CARTESIAN_POINT('',(-5.71133614113118,2.53815861483156,-0.603780411184248));
#5497=CARTESIAN_POINT('',(-5.70239303462237,2.52311443456923,-0.629837695756835));
#5498=CARTESIAN_POINT('',(-5.69390953856602,2.50800782584564,-0.65600310959592));
#5499=CARTESIAN_POINT('',(-5.68591313402795,2.49283993021688,-0.682274675468846));
#5500=CARTESIAN_POINT('',(-5.67791750342155,2.47767350261223,-0.708543698649407));
#5501=CARTESIAN_POINT('',(-5.67040815995592,2.46244642095923,-0.734917777723579));
#5502=CARTESIAN_POINT('',(-5.66339423913167,2.44711493145119,-0.761472696507215));
#5503=CARTESIAN_POINT('',(-5.65638217929044,2.43178750980221,-0.788020569552272));
#5504=CARTESIAN_POINT('',(-5.64987477094659,2.41637356080869,-0.814718312353651));
#5505=CARTESIAN_POINT('',(-5.64390673275661,2.40088501452472,-0.841545261452865));
#5506=CARTESIAN_POINT('',(-5.63793871750449,2.3853965277702,-0.868372107444058));
#5507=CARTESIAN_POINT('',(-5.63251021210354,2.36983356298809,-0.895327953162613));
#5508=CARTESIAN_POINT('',(-5.62765187561561,2.35421025859023,-0.922388310161824));
#5509=CARTESIAN_POINT('',(-5.62279355330471,2.33858699978247,-0.949448588196674));
#5510=CARTESIAN_POINT('',(-5.61850553292123,2.322903558539,-0.976613105268289));
#5511=CARTESIAN_POINT('',(-5.61481287655855,2.30717590488329,-1.00385420048382));
#5512=CARTESIAN_POINT('',(-5.6111202272876,2.29144828143251,-1.0310952433829));
#5513=CARTESIAN_POINT('',(-5.60802305415833,2.27567663834366,-1.05841253053215));
#5514=CARTESIAN_POINT('',(-5.6055394997159,2.2598782872414,-1.08577607731708));
#5515=CARTESIAN_POINT('',(-5.60305594737104,2.24407994948221,-1.11313960099112));
#5516=CARTESIAN_POINT('',(-5.60118609093328,2.22825512511626,-1.14054900081402));
#5517=CARTESIAN_POINT('',(-5.59994018016636,2.21242186721365,-1.16797300795068));
#5518=CARTESIAN_POINT('',(-5.59869426900635,2.19658860431547,-1.19539702373992));
#5519=CARTESIAN_POINT('',(-5.59807233482576,2.18074714667821,-1.22283523323364));
#5520=CARTESIAN_POINT('',(-5.59807622955222,2.1649155960393,-1.25025628330282));
#5521=CARTESIAN_POINT('',(-5.59808012428477,2.14908402063401,-1.27767737626865));
#5522=CARTESIAN_POINT('',(-5.59870982779564,2.13326259418578,-1.3050808907252));
#5523=CARTESIAN_POINT('',(-5.59995883799163,2.11746871218844,-1.33243669679334));
#5524=CARTESIAN_POINT('',(-5.60120785181091,2.10167478437405,-1.35979258221895));
#5525=CARTESIAN_POINT('',(-5.60307610211705,2.08590863102319,-1.38710036086254));
#5526=CARTESIAN_POINT('',(-5.60554935108356,2.07018616359938,-1.41433247326093));
#5527=CARTESIAN_POINT('',(-5.60802261072422,2.05446362831992,-1.44156470318876));
#5528=CARTESIAN_POINT('',(-5.61110075683575,2.03878498341169,-1.46872091276365));
#5529=CARTESIAN_POINT('',(-5.61476297281954,2.02316389745912,-1.4957774273029));
#5530=CARTESIAN_POINT('',(-5.61842527644427,2.00754243767647,-1.52283458933484));
#5531=CARTESIAN_POINT('',(-5.62267115763028,1.99197992407392,-1.54978965358793));
#5532=CARTESIAN_POINT('',(-5.62747588233619,1.97648362262976,-1.57663003501862));
#5533=CARTESIAN_POINT('',(-5.63708764883311,1.94548354662873,-1.63032374169091));
#5534=CARTESIAN_POINT('',(-5.64897087164327,1.91464324464401,-1.6837407116492));
#5535=CARTESIAN_POINT('',(-5.66294422485361,1.88399747392017,-1.73682074358001));
#5536=CARTESIAN_POINT('',(-5.67691745299232,1.85335197749816,-1.7899003004061));
#5537=CARTESIAN_POINT('',(-5.69297914929506,1.82290279768488,-1.84263982689149));
#5538=CARTESIAN_POINT('',(-5.7109099642637,1.79268603432712,-1.89497679626742));
#5539=CARTESIAN_POINT('',(-5.72884071655086,1.76246937659932,-1.94731358268688));
#5540=CARTESIAN_POINT('',(-5.74863910223363,1.7324860168423,-1.99924628516767));
#5541=CARTESIAN_POINT('',(-5.77006338144372,1.70276975786465,-2.05071635552784));
#5542=CARTESIAN_POINT('',(-5.79148764808121,1.67305351632567,-2.10218639568333));
#5543=CARTESIAN_POINT('',(-5.81453682020636,1.64360460945197,-2.15319339861594));
#5544=CARTESIAN_POINT('',(-5.83896049004183,1.61445430851291,-2.20368320089832));
#5545=CARTESIAN_POINT('',(-5.86338417056416,1.58530399481879,-2.2541730252731));
#5546=CARTESIAN_POINT('',(-5.88918186736774,1.55645216912483,-2.30414585326617));
#5547=CARTESIAN_POINT('',(-5.91610399875957,1.52792901354678,-2.35354940791954));
#5548=CARTESIAN_POINT('',(-5.94302614004147,1.49940584749051,-2.40295298072173));
#5549=CARTESIAN_POINT('',(-5.9710726036646,1.47121109948166,-2.45178771677962));
#5550=CARTESIAN_POINT('',(-5.99999999999998,1.44337569888009,-2.50000004487058));
#5551=CARTESIAN_POINT('',(-6.,1.44337569888011,-2.50000004487058));
#5552=CARTESIAN_POINT('',(-4.5,1.44337569888011,-2.50000004487058));
#5553=CARTESIAN_POINT('',(-3.,1.44337569888011,-2.50000004487058));
#5554=CARTESIAN_POINT('',(-3.,2.16506354832016,-1.25000002243529));
#5555=CARTESIAN_POINT('',(-5.5,2.16506354832016,1.25000002243529));
#5556=CARTESIAN_POINT('',(-4.5,1.44337569888011,2.50000004487058));
#5557=CARTESIAN_POINT('',(-3.,1.44337569888011,2.50000004487058));
#5558=CARTESIAN_POINT('',(-6.,1.44337569888011,2.50000004487058));
#5559=CARTESIAN_POINT('',(-6.,1.44337569888011,2.50000004487058));
#5560=CARTESIAN_POINT('',(-5.97093423278363,1.47134424692638,2.45155709864051));
#5561=CARTESIAN_POINT('',(-5.94284076681568,1.49959552694166,2.40262444627517));
#5562=CARTESIAN_POINT('',(-5.91592501150646,1.5281186673465,2.35322091790258));
#5563=CARTESIAN_POINT('',(-5.88900924017333,1.55664182473217,2.30381736011831));
#5564=CARTESIAN_POINT('',(-5.86327103612719,1.58543715953791,2.25394237721382));
#5565=CARTESIAN_POINT('',(-5.83892512801142,1.61449651539357,2.20361009643659));
#5566=CARTESIAN_POINT('',(-5.79023364831413,1.67261482541651,2.10294623062682));
#5567=CARTESIAN_POINT('',(-5.74710863636706,1.73179164434942,2.00044897360471));
#5568=CARTESIAN_POINT('',(-5.71133614113118,1.79196848180875,1.89621963368633));
#5569=CARTESIAN_POINT('',(-5.70239303462237,1.80701266207109,1.87016234911374));
#5570=CARTESIAN_POINT('',(-5.69390953856602,1.82211927079448,1.84399693527455));
#5571=CARTESIAN_POINT('',(-5.68591313402795,1.83728716642324,1.81772536940162));
#5572=CARTESIAN_POINT('',(-5.67791750342155,1.85245359402789,1.79145634622106));
#5573=CARTESIAN_POINT('',(-5.67040815995592,1.86768067568104,1.76508226714697));
#5574=CARTESIAN_POINT('',(-5.66339423913167,1.88301216518908,1.73852734836334));
#5575=CARTESIAN_POINT('',(-5.65638217929044,1.89833958683806,1.71197947531828));
#5576=CARTESIAN_POINT('',(-5.64987477094659,1.91375353583099,1.68528173251656));
#5577=CARTESIAN_POINT('',(-5.64390673275661,1.92924208211496,1.65845478341735));
#5578=CARTESIAN_POINT('',(-5.63793871750449,1.94473056886948,1.63162793742615));
#5579=CARTESIAN_POINT('',(-5.63251021210354,1.96029353365119,1.60467209170737));
#5580=CARTESIAN_POINT('',(-5.62765187561561,1.97591683804906,1.57761173470816));
#5581=CARTESIAN_POINT('',(-5.62279355330471,1.99154009685682,1.55055145667331));
#5582=CARTESIAN_POINT('',(-5.61850553292123,2.00722353810065,1.5233869396019));
#5583=CARTESIAN_POINT('',(-5.61481287655855,2.02295119175635,1.49614584438637));
#5584=CARTESIAN_POINT('',(-5.61112022728761,2.03867881520714,1.4689048014873));
#5585=CARTESIAN_POINT('',(-5.60802305415833,2.05445045829645,1.44158751433831));
#5586=CARTESIAN_POINT('',(-5.6055394997159,2.0702488093987,1.41422396755339));
#5587=CARTESIAN_POINT('',(-5.60305594737072,2.0860471471599,1.38686044387586));
#5588=CARTESIAN_POINT('',(-5.60118609093312,2.10187197152604,1.35945104405306));
#5589=CARTESIAN_POINT('',(-5.59994018016636,2.11770522942664,1.33202703691989));
#5590=CARTESIAN_POINT('',(-5.59869426900631,2.13353849232538,1.30460302112967));
#5591=CARTESIAN_POINT('',(-5.59807233482576,2.14937994996267,1.27716481163596));
#5592=CARTESIAN_POINT('',(-5.59807622955222,2.16521150060101,1.24974376156776));
#5593=CARTESIAN_POINT('',(-5.59808012428477,2.18104307600631,1.22232266860193));
#5594=CARTESIAN_POINT('',(-5.59870982779564,2.19686450245453,1.19491915414538));
#5595=CARTESIAN_POINT('',(-5.59995883799163,2.21265838445188,1.16756334807724));
#5596=CARTESIAN_POINT('',(-5.60120785181091,2.22845231226627,1.14020746265163));
#5597=CARTESIAN_POINT('',(-5.60307610211705,2.24421846561712,1.11289968400804));
#5598=CARTESIAN_POINT('',(-5.60554935108356,2.25994093304093,1.08566757160965));
#5599=CARTESIAN_POINT('',(-5.60802261072422,2.2756634683204,1.05843534168182));
#5600=CARTESIAN_POINT('',(-5.61110075683575,2.29134211322863,1.03127913210693));
#5601=CARTESIAN_POINT('',(-5.61476297281954,2.3069631991812,1.00422261756768));
#5602=CARTESIAN_POINT('',(-5.61842527644427,2.32258465896385,0.977165455535741));
#5603=CARTESIAN_POINT('',(-5.62267115763028,2.33814717256639,0.950210391282652));
#5604=CARTESIAN_POINT('',(-5.62747588233619,2.35364347401056,0.923370009851955));
#5605=CARTESIAN_POINT('',(-5.63708764883311,2.38464355001159,0.869676303179671));
#5606=CARTESIAN_POINT('',(-5.64897087164327,2.4154838519963,0.816259333221377));
#5607=CARTESIAN_POINT('',(-5.66294422485361,2.44612962272015,0.763179301290568));
#5608=CARTESIAN_POINT('',(-5.67691745299232,2.47677511914216,0.710099744464478));
#5609=CARTESIAN_POINT('',(-5.69297914929506,2.50722429895543,0.657360217979092));
#5610=CARTESIAN_POINT('',(-5.7109099642637,2.53744106231319,0.605023248603165));
#5611=CARTESIAN_POINT('',(-5.72884071655086,2.56765772004099,0.5526864621837));
#5612=CARTESIAN_POINT('',(-5.74863910223363,2.59764107979802,0.500753759702907));
#5613=CARTESIAN_POINT('',(-5.77006338144372,2.62735733877567,0.449283689342744));
#5614=CARTESIAN_POINT('',(-5.7914876480812,2.65707358031464,0.39781364918725));
#5615=CARTESIAN_POINT('',(-5.81453682020636,2.68652248718835,0.346806646254636));
#5616=CARTESIAN_POINT('',(-5.83896049004183,2.71567278812741,0.296316843972259));
#5617=CARTESIAN_POINT('',(-5.86338417056416,2.74482310182153,0.245827019597473));
#5618=CARTESIAN_POINT('',(-5.88918186736774,2.77367492751549,0.195854191604411));
#5619=CARTESIAN_POINT('',(-5.91610399875957,2.80219808309354,0.14645063695104));
#5620=CARTESIAN_POINT('',(-5.94302614004147,2.83072124914981,0.0970470641488474));
#5621=CARTESIAN_POINT('',(-5.9710726036646,2.85891599715863,0.0482123280909445));
#5622=CARTESIAN_POINT('',(-5.99999999999998,2.8867513977602,-1.99251796325724E-14));
#5623=CARTESIAN_POINT('',(-3.,2.16506354832016,1.25000002243529));
#5624=CARTESIAN_POINT('',(-5.5,-2.16506354832016,-1.25000002243529));
#5625=CARTESIAN_POINT('',(-4.5,-1.44337569888011,-2.50000004487058));
#5626=CARTESIAN_POINT('',(-3.,-1.44337569888011,-2.50000004487058));
#5627=CARTESIAN_POINT('',(-6.,-1.4433756988801,-2.50000004487058));
#5628=CARTESIAN_POINT('',(-6.,-1.44337569888011,-2.50000004487058));
#5629=CARTESIAN_POINT('',(-5.97093423244366,-1.47134424725352,-2.45155709807388));
#5630=CARTESIAN_POINT('',(-5.94284076690935,-1.49959552687482,-2.40262444639095));
#5631=CARTESIAN_POINT('',(-5.91592501236704,-1.52811866643453,-2.35322091948216));
#5632=CARTESIAN_POINT('',(-5.88900924180094,-1.55664182297494,-2.30381736316193));
#5633=CARTESIAN_POINT('',(-5.86327103885109,-1.58543715648601,-2.25394238249985));
#5634=CARTESIAN_POINT('',(-5.8389251317899,-1.61449651088356,-2.20361010424816));
#5635=CARTESIAN_POINT('',(-5.79023365422452,-1.67261481796311,-2.10294624353648));
#5636=CARTESIAN_POINT('',(-5.74710864401795,-1.73179163337435,-2.0004489926141));
#5637=CARTESIAN_POINT('',(-5.71133614873889,-1.79196846901099,-1.89621965585271));
#5638=CARTESIAN_POINT('',(-5.70239304221771,-1.80701264882031,-1.87016237206477));
#5639=CARTESIAN_POINT('',(-5.69390954604752,-1.82211925720047,-1.84399695882006));
#5640=CARTESIAN_POINT('',(-5.68591314129941,-1.83728715263046,-1.81772539329143));
#5641=CARTESIAN_POINT('',(-5.67791751102851,-1.85245357900155,-1.79145637224744));
#5642=CARTESIAN_POINT('',(-5.67040816544065,-1.8676806641865,-1.7650822870561));
#5643=CARTESIAN_POINT('',(-5.66339424350418,-1.88301215563138,-1.73852736491776));
#5644=CARTESIAN_POINT('',(-5.65638218245187,-1.89833957943337,-1.71197948814357));
#5645=CARTESIAN_POINT('',(-5.64987477311488,-1.91375353043215,-1.68528174186762));
#5646=CARTESIAN_POINT('',(-5.6439067341444,-1.92924207851331,-1.65845478965558));
#5647=CARTESIAN_POINT('',(-5.63793871811146,-1.9447305670658,-1.63162794055022));
#5648=CARTESIAN_POINT('',(-5.63251021214205,-1.96029353343658,-1.6046720920791));
#5649=CARTESIAN_POINT('',(-5.62765187526607,-1.97591683917311,-1.57761173276125));
#5650=CARTESIAN_POINT('',(-5.6227935525669,-1.99154009932024,-1.55055145240654));
#5651=CARTESIAN_POINT('',(-5.61850553197518,-2.00722354165285,-1.52338693344931));
#5652=CARTESIAN_POINT('',(-5.6148128755331,-2.02295119612393,-1.49614583682151));
#5653=CARTESIAN_POINT('',(-5.61112022618333,-2.03867882038762,-1.46890479251444));
#5654=CARTESIAN_POINT('',(-5.60802305310266,-2.0544504640194,-1.44158750442586));
#5655=CARTESIAN_POINT('',(-5.60553949877424,-2.07024881538874,-1.41422395717834));
#5656=CARTESIAN_POINT('',(-5.60305594654379,-2.08604715341251,-1.38686043304602));
#5657=CARTESIAN_POINT('',(-5.60118609028561,-2.10187197776469,-1.35945103324741));
#5658=CARTESIAN_POINT('',(-5.59994017969732,-2.11770523538737,-1.33202702659559));
#5659=CARTESIAN_POINT('',(-5.59869426871583,-2.13353849800681,-1.30460301128914));
#5660=CARTESIAN_POINT('',(-5.59807233471236,-2.14937995509894,-1.27716480273968));
#5661=CARTESIAN_POINT('',(-5.59807622955329,-2.16521150495674,-1.24974375402342));
#5662=CARTESIAN_POINT('',(-5.59808012440031,-2.18104307958215,-1.22232266240839));
#5663=CARTESIAN_POINT('',(-5.59870982796252,-2.19686450501533,-1.19491914970995));
#5664=CARTESIAN_POINT('',(-5.59995883809917,-2.21265838581178,-1.16756334572182));
#5665=CARTESIAN_POINT('',(-5.60120785185935,-2.22845231242812,-1.1402074623713));
#5666=CARTESIAN_POINT('',(-5.60307610199523,-2.24421846439329,-1.11289968612778));
#5667=CARTESIAN_POINT('',(-5.60554935065448,-2.2599409303133,-1.08566757633404));
#5668=CARTESIAN_POINT('',(-5.60802260998835,-2.27566346409191,-1.05843534900578));
#5669=CARTESIAN_POINT('',(-5.6111007556562,-2.29134210738373,-1.03127914223059));
#5670=CARTESIAN_POINT('',(-5.61476297106466,-2.30696319169579,-1.00422263053279));
#5671=CARTESIAN_POINT('',(-5.61842527416602,-2.32258465005961,-0.97716547095834));
#5672=CARTESIAN_POINT('',(-5.62267115442318,-2.33814716127057,-0.950210410847589));
#5673=CARTESIAN_POINT('',(-5.62747587866149,-2.35364346215886,-0.923370030379703));
#5674=CARTESIAN_POINT('',(-5.63708764479131,-2.3846435388808,-0.869676322458767));
#5675=CARTESIAN_POINT('',(-5.6489708676306,-2.4154838423972,-0.816259349847513));
#5676=CARTESIAN_POINT('',(-5.66294422134472,-2.4461296150246,-0.763179314619648));
#5677=CARTESIAN_POINT('',(-5.67691744998692,-2.47677511334952,-0.710099754497622));
#5678=CARTESIAN_POINT('',(-5.69297914725861,-2.50722429542475,-0.657360224094412));
#5679=CARTESIAN_POINT('',(-5.7109099634764,-2.53744106098645,-0.605023250901142));
#5680=CARTESIAN_POINT('',(-5.72884071701288,-2.56765772091845,-0.552686460663888));
#5681=CARTESIAN_POINT('',(-5.74863910421556,-2.59764108281386,-0.500753754479317));
#5682=CARTESIAN_POINT('',(-5.7700633848458,-2.62735734349448,-0.449283681169531));
#5683=CARTESIAN_POINT('',(-5.79148765290396,-2.65707358673715,-0.397813638063143));
#5684=CARTESIAN_POINT('',(-5.81453682634254,-2.68652249487539,-0.346806632940289));
#5685=CARTESIAN_POINT('',(-5.8389604969078,-2.71567279632212,-0.2963168297786));
#5686=CARTESIAN_POINT('',(-5.86338417816065,-2.74482311052479,-0.245827004522971));
#5687=CARTESIAN_POINT('',(-5.8891818751064,-2.77367493596925,-0.195854176962058));
#5688=CARTESIAN_POINT('',(-5.91610400553004,-2.80219809026664,-0.146450624526854));
#5689=CARTESIAN_POINT('',(-5.94302614584453,-2.83072125504307,-0.0970470539414289));
#5690=CARTESIAN_POINT('',(-5.97107260738753,-2.85891600074101,-0.048212321886102));
#5691=CARTESIAN_POINT('',(-6.,-2.88675139776021,6.8626963559742E-16));
#5692=CARTESIAN_POINT('',(-6.,-2.88675139776021,4.57431326408565E-16));
#5693=CARTESIAN_POINT('',(-4.5,-2.88675139776021,5.30270115540418E-16));
#5694=CARTESIAN_POINT('',(-3.,-2.88675139776021,6.22115592077096E-16));
#5695=CARTESIAN_POINT('',(-3.,-2.16506354832016,-1.25000002243529));
#5696=CARTESIAN_POINT('',(-5.5,-2.16506354832016,1.25000002243529));
#5697=CARTESIAN_POINT('',(-6.,-2.88675139776021,5.75247333134904E-16));
#5698=CARTESIAN_POINT('',(-5.97107260738754,-2.85891600074102,0.0482123218860974));
#5699=CARTESIAN_POINT('',(-5.94302614584453,-2.83072125504307,0.0970470539414315));
#5700=CARTESIAN_POINT('',(-5.91610400553005,-2.80219809026664,0.146450624526855));
#5701=CARTESIAN_POINT('',(-5.8891818751064,-2.77367493596925,0.195854176962061));
#5702=CARTESIAN_POINT('',(-5.86338417816065,-2.74482311052479,0.245827004522971));
#5703=CARTESIAN_POINT('',(-5.8389604969078,-2.71567279632212,0.2963168297786));
#5704=CARTESIAN_POINT('',(-5.81453682634254,-2.68652249487539,0.346806632940292));
#5705=CARTESIAN_POINT('',(-5.79148765290396,-2.65707358673715,0.397813638063141));
#5706=CARTESIAN_POINT('',(-5.7700633848458,-2.62735734349448,0.449283681169531));
#5707=CARTESIAN_POINT('',(-5.74863910421556,-2.59764108281386,0.500753754479318));
#5708=CARTESIAN_POINT('',(-5.72884071701288,-2.56765772091846,0.552686460663887));
#5709=CARTESIAN_POINT('',(-5.7109099634764,-2.53744106098645,0.605023250901143));
#5710=CARTESIAN_POINT('',(-5.69297914725861,-2.50722429542475,0.657360224094413));
#5711=CARTESIAN_POINT('',(-5.67691744998692,-2.47677511334952,0.710099754497623));
#5712=CARTESIAN_POINT('',(-5.66294422134472,-2.4461296150246,0.763179314619647));
#5713=CARTESIAN_POINT('',(-5.6489708676306,-2.4154838423972,0.816259349847513));
#5714=CARTESIAN_POINT('',(-5.63708764479131,-2.3846435388808,0.869676322458767));
#5715=CARTESIAN_POINT('',(-5.62747587866149,-2.35364346215886,0.923370030379703));
#5716=CARTESIAN_POINT('',(-5.62267115442318,-2.33814716127057,0.950210410847587));
#5717=CARTESIAN_POINT('',(-5.61842527416602,-2.32258465005961,0.977165470958342));
#5718=CARTESIAN_POINT('',(-5.61476297106466,-2.30696319169579,1.00422263053279));
#5719=CARTESIAN_POINT('',(-5.61110075565685,-2.2913421073865,1.03127914222581));
#5720=CARTESIAN_POINT('',(-5.60802260998879,-2.27566346409468,1.05843534900098));
#5721=CARTESIAN_POINT('',(-5.60554935065449,-2.25994093031331,1.08566757633404));
#5722=CARTESIAN_POINT('',(-5.60307610199523,-2.24421846439329,1.11289968612778));
#5723=CARTESIAN_POINT('',(-5.60120785185935,-2.22845231242812,1.14020746237129));
#5724=CARTESIAN_POINT('',(-5.59995883809917,-2.21265838581178,1.16756334572182));
#5725=CARTESIAN_POINT('',(-5.59870982796252,-2.19686450501533,1.19491914970995));
#5726=CARTESIAN_POINT('',(-5.59808012440031,-2.18104307958215,1.22232266240839));
#5727=CARTESIAN_POINT('',(-5.59807622955329,-2.16521150495674,1.24974375402342));
#5728=CARTESIAN_POINT('',(-5.59807233471236,-2.14937995509894,1.27716480273968));
#5729=CARTESIAN_POINT('',(-5.59869426871583,-2.13353849800681,1.30460301128914));
#5730=CARTESIAN_POINT('',(-5.59994017969732,-2.11770523538737,1.33202702659559));
#5731=CARTESIAN_POINT('',(-5.60118609028561,-2.10187197776469,1.35945103324741));
#5732=CARTESIAN_POINT('',(-5.60305594654379,-2.08604715341251,1.38686043304602));
#5733=CARTESIAN_POINT('',(-5.60553949877424,-2.07024881538874,1.41422395717834));
#5734=CARTESIAN_POINT('',(-5.60802305310266,-2.0544504640194,1.44158750442586));
#5735=CARTESIAN_POINT('',(-5.61112022618333,-2.03867882038762,1.46890479251444));
#5736=CARTESIAN_POINT('',(-5.6148128755331,-2.02295119612393,1.49614583682151));
#5737=CARTESIAN_POINT('',(-5.61850553197518,-2.00722354165285,1.52338693344931));
#5738=CARTESIAN_POINT('',(-5.6227935525669,-1.99154009932024,1.55055145240654));
#5739=CARTESIAN_POINT('',(-5.62765187526607,-1.97591683917311,1.57761173276125));
#5740=CARTESIAN_POINT('',(-5.63251021214205,-1.96029353343658,1.6046720920791));
#5741=CARTESIAN_POINT('',(-5.63793871811146,-1.9447305670658,1.63162794055022));
#5742=CARTESIAN_POINT('',(-5.6439067341444,-1.92924207851331,1.65845478965558));
#5743=CARTESIAN_POINT('',(-5.64987477311489,-1.91375353043215,1.68528174186762));
#5744=CARTESIAN_POINT('',(-5.65638218245187,-1.89833957943337,1.71197948814357));
#5745=CARTESIAN_POINT('',(-5.66339424350418,-1.88301215563138,1.73852736491776));
#5746=CARTESIAN_POINT('',(-5.67040816544065,-1.8676806641865,1.7650822870561));
#5747=CARTESIAN_POINT('',(-5.67791751102852,-1.85245357900155,1.79145637224744));
#5748=CARTESIAN_POINT('',(-5.68591314129941,-1.83728715263046,1.81772539329143));
#5749=CARTESIAN_POINT('',(-5.69390954604726,-1.82211925720097,1.84399695881918));
#5750=CARTESIAN_POINT('',(-5.70239304221742,-1.8070126488208,1.87016237206391));
#5751=CARTESIAN_POINT('',(-5.71133614873889,-1.79196846901099,1.89621965585271));
#5752=CARTESIAN_POINT('',(-5.74710864401795,-1.73179163337435,2.0004489926141));
#5753=CARTESIAN_POINT('',(-5.79023365422452,-1.67261481796312,2.10294624353647));
#5754=CARTESIAN_POINT('',(-5.8389251317899,-1.61449651088356,2.20361010424816));
#5755=CARTESIAN_POINT('',(-5.86327103885109,-1.58543715648602,2.25394238249985));
#5756=CARTESIAN_POINT('',(-5.88900924180094,-1.55664182297494,2.30381736316193));
#5757=CARTESIAN_POINT('',(-5.91592501236704,-1.52811866643453,2.35322091948216));
#5758=CARTESIAN_POINT('',(-5.94284076690935,-1.49959552687482,2.40262444639095));
#5759=CARTESIAN_POINT('',(-5.97093423244366,-1.47134424725351,2.45155709807389));
#5760=CARTESIAN_POINT('',(-6.,-1.44337569888011,2.50000004487058));
#5761=CARTESIAN_POINT('',(-6.,-1.44337569888011,2.50000004487058));
#5762=CARTESIAN_POINT('',(-4.5,-1.44337569888011,2.50000004487058));
#5763=CARTESIAN_POINT('',(-3.,-1.44337569888011,2.50000004487058));
#5764=CARTESIAN_POINT('',(-3.,-2.16506354832016,1.25000002243529));
#5765=CARTESIAN_POINT('',(-5.5,-3.33066907387547E-16,2.50000004487058));
#5766=CARTESIAN_POINT('',(-6.,-1.44337569888011,2.50000004487058));
#5767=CARTESIAN_POINT('',(-5.97093423278363,-1.38743860278756,2.50000004487058));
#5768=CARTESIAN_POINT('',(-5.94284076681568,-1.33093604275699,2.50000004487058));
#5769=CARTESIAN_POINT('',(-5.91592501150646,-1.27388976194732,2.50000004487058));
#5770=CARTESIAN_POINT('',(-5.88900924017332,-1.21684344717597,2.50000004487058));
#5771=CARTESIAN_POINT('',(-5.86327103612719,-1.15925277756451,2.50000004487058));
#5772=CARTESIAN_POINT('',(-5.83892512801142,-1.10113406585318,2.50000004487058));
#5773=CARTESIAN_POINT('',(-5.79023364831413,-0.984897445807302,2.50000004487058));
#5774=CARTESIAN_POINT('',(-5.74710863636706,-0.866543807941478,2.50000004487058));
#5775=CARTESIAN_POINT('',(-5.71133614113118,-0.746190133022809,2.50000004487058));
#5776=CARTESIAN_POINT('',(-5.70239303462237,-0.716101772498141,2.50000004487058));
#5777=CARTESIAN_POINT('',(-5.69390953856602,-0.685888555051172,2.50000004487047));
#5778=CARTESIAN_POINT('',(-5.68591313402795,-0.655552763793635,2.50000004487047));
#5779=CARTESIAN_POINT('',(-5.67791750342155,-0.625219908584343,2.50000004487047));
#5780=CARTESIAN_POINT('',(-5.67040815995592,-0.59476574527819,2.50000004487055));
#5781=CARTESIAN_POINT('',(-5.66339423913167,-0.564102766262107,2.50000004487055));
#5782=CARTESIAN_POINT('',(-5.65638217929044,-0.533447922964157,2.50000004487055));
#5783=CARTESIAN_POINT('',(-5.64987477094659,-0.502620024977699,2.50000004487021));
#5784=CARTESIAN_POINT('',(-5.64390673275661,-0.471642932409762,2.50000004487021));
#5785=CARTESIAN_POINT('',(-5.63793871750449,-0.440665958900715,2.50000004487021));
#5786=CARTESIAN_POINT('',(-5.63251021210354,-0.4095400293369,2.50000004486999));
#5787=CARTESIAN_POINT('',(-5.62765187561561,-0.378293420541177,2.50000004486999));
#5788=CARTESIAN_POINT('',(-5.62279355330471,-0.347046902925644,2.50000004486999));
#5789=CARTESIAN_POINT('',(-5.61850553292123,-0.315680020438357,2.50000004487019));
#5790=CARTESIAN_POINT('',(-5.61481287655855,-0.284224713126941,2.50000004487019));
#5791=CARTESIAN_POINT('',(-5.6111202272876,-0.252769466225368,2.50000004487019));
#5792=CARTESIAN_POINT('',(-5.60802305415833,-0.221226180047219,2.50000004487046));
#5793=CARTESIAN_POINT('',(-5.6055394997159,-0.189629477842699,2.50000004487046));
#5794=CARTESIAN_POINT('',(-5.60305594737072,-0.158032802320304,2.50000004487046));
#5795=CARTESIAN_POINT('',(-5.60118609093312,-0.126383153588206,2.50000004487056));
#5796=CARTESIAN_POINT('',(-5.59994018016636,-0.0947166377870153,2.50000004487056));
#5797=CARTESIAN_POINT('',(-5.59869426900635,-0.0630501119906584,2.50000004487056));
#5798=CARTESIAN_POINT('',(-5.59807233482576,-0.0313671967160991,2.50000004487058));
#5799=CARTESIAN_POINT('',(-5.59807622955222,0.000295904561707291,2.50000004487058));
#5800=CARTESIAN_POINT('',(-5.59808012428477,0.0319590553722933,2.50000004487058));
#5801=CARTESIAN_POINT('',(-5.59870982779564,0.0636019082687525,2.50000004487058));
#5802=CARTESIAN_POINT('',(-5.59995883799163,0.09518967226344,2.50000004487058));
#5803=CARTESIAN_POINT('',(-5.60120785181108,0.126777527896466,2.50000004487058));
#5804=CARTESIAN_POINT('',(-5.60307610211738,0.15830983459816,2.50000004487058));
#5805=CARTESIAN_POINT('',(-5.60554935108356,0.189754769441551,2.50000004487058));
#5806=CARTESIAN_POINT('',(-5.60802261072465,0.221199840006028,2.50000004487058));
#5807=CARTESIAN_POINT('',(-5.6111007568364,0.252557129822466,2.50000004487058));
#5808=CARTESIAN_POINT('',(-5.61476297281955,0.283799301722081,2.50000004487058));
#5809=CARTESIAN_POINT('',(-5.61842527644376,0.315042221283012,2.50000004487058));
#5810=CARTESIAN_POINT('',(-5.6226711576296,0.346167248488121,2.50000004487058));
#5811=CARTESIAN_POINT('',(-5.62747588233619,0.377159851380798,2.50000004487058));
#5812=CARTESIAN_POINT('',(-5.63708764883311,0.439160003382862,2.50000004487058));
#5813=CARTESIAN_POINT('',(-5.64897087164327,0.500840607352292,2.50000004487058));
#5814=CARTESIAN_POINT('',(-5.66294422485361,0.562132148799986,2.50000004487058));
#5815=CARTESIAN_POINT('',(-5.67691745299232,0.623423141644002,2.50000004487058));
#5816=CARTESIAN_POINT('',(-5.69297914929506,0.684321501270547,2.50000004487058));
#5817=CARTESIAN_POINT('',(-5.7109099642637,0.744755027986068,2.50000004487058));
#5818=CARTESIAN_POINT('',(-5.72884071655086,0.805188343441667,2.50000004487058));
#5819=CARTESIAN_POINT('',(-5.74863910223363,0.865155062955721,2.50000004487058));
#5820=CARTESIAN_POINT('',(-5.77006338144372,0.924587580911023,2.50000004487058));
#5821=CARTESIAN_POINT('',(-5.7914876480812,0.984020063988974,2.50000004487058));
#5822=CARTESIAN_POINT('',(-5.81453682020636,1.04291787773637,2.50000004487058));
#5823=CARTESIAN_POINT('',(-5.83896049004183,1.1012184796145,2.50000004487058));
#5824=CARTESIAN_POINT('',(-5.86338417056416,1.15951910700273,2.50000004487058));
#5825=CARTESIAN_POINT('',(-5.88918186736774,1.21722275839066,2.50000004487058));
#5826=CARTESIAN_POINT('',(-5.91610399875957,1.27426906954676,2.50000004487058));
#5827=CARTESIAN_POINT('',(-5.94302614004148,1.33131540165931,2.50000004487058));
#5828=CARTESIAN_POINT('',(-5.9710726036646,1.38770489767697,2.50000004487056));
#5829=CARTESIAN_POINT('',(-5.99999999999998,1.44337569888012,2.50000004487056));
#5830=CARTESIAN_POINT('',(-3.,-3.33066907387547E-16,2.50000004487058));
#5831=CARTESIAN_POINT('',(-3.,0.,9.18454765366783E-17));
#5832=CARTESIAN_POINT('',(-3.,0.,-2.50000004487058));
#5833=CARTESIAN_POINT('',(-5.5,0.,-2.50000004487058));
#5834=CARTESIAN_POINT('',(-6.,1.44337569888011,-2.50000004487058));
#5835=CARTESIAN_POINT('',(-5.97093423278363,1.38743860278756,-2.50000004487058));
#5836=CARTESIAN_POINT('',(-5.94284076681568,1.33093604275699,-2.50000004487058));
#5837=CARTESIAN_POINT('',(-5.91592501150646,1.27388976194732,-2.50000004487058));
#5838=CARTESIAN_POINT('',(-5.88900924017333,1.21684344717597,-2.50000004487058));
#5839=CARTESIAN_POINT('',(-5.86327103612719,1.15925277756451,-2.50000004487058));
#5840=CARTESIAN_POINT('',(-5.83892512801142,1.10113406585318,-2.50000004487058));
#5841=CARTESIAN_POINT('',(-5.79023364831413,0.984897445807299,-2.50000004487058));
#5842=CARTESIAN_POINT('',(-5.74710863636706,0.866543807941479,-2.50000004487058));
#5843=CARTESIAN_POINT('',(-5.71133614113118,0.746190133022809,-2.50000004487058));
#5844=CARTESIAN_POINT('',(-5.70239303462267,0.716101772499136,-2.50000004487058));
#5845=CARTESIAN_POINT('',(-5.69390953856629,0.685888555052179,-2.50000004487047));
#5846=CARTESIAN_POINT('',(-5.68591313402795,0.655552763793634,-2.50000004487047));
#5847=CARTESIAN_POINT('',(-5.67791750342155,0.625219908584346,-2.50000004487047));
#5848=CARTESIAN_POINT('',(-5.67040815995592,0.594765745278186,-2.50000004487055));
#5849=CARTESIAN_POINT('',(-5.66339423913167,0.564102766262107,-2.50000004487055));
#5850=CARTESIAN_POINT('',(-5.65638217929044,0.533447922964155,-2.50000004487055));
#5851=CARTESIAN_POINT('',(-5.64987477094659,0.502620024977699,-2.50000004487021));
#5852=CARTESIAN_POINT('',(-5.64390673275661,0.471642932409762,-2.50000004487021));
#5853=CARTESIAN_POINT('',(-5.63793871750449,0.440665958900715,-2.50000004487021));
#5854=CARTESIAN_POINT('',(-5.63251021210354,0.4095400293369,-2.50000004486999));
#5855=CARTESIAN_POINT('',(-5.62765187561561,0.378293420541177,-2.50000004486999));
#5856=CARTESIAN_POINT('',(-5.62279355330358,0.34704690291833,-2.50000004486999));
#5857=CARTESIAN_POINT('',(-5.61850553292037,0.315680020431007,-2.50000004487019));
#5858=CARTESIAN_POINT('',(-5.61481287655855,0.284224713126941,-2.50000004487019));
#5859=CARTESIAN_POINT('',(-5.61112022728833,0.252769466231578,-2.50000004487019));
#5860=CARTESIAN_POINT('',(-5.60802305415882,0.221226180053452,-2.50000004487046));
#5861=CARTESIAN_POINT('',(-5.6055394997159,0.189629477842699,-2.50000004487046));
#5862=CARTESIAN_POINT('',(-5.60305594737072,0.158032802320304,-2.50000004487046));
#5863=CARTESIAN_POINT('',(-5.60118609093312,0.126383153588207,-2.50000004487057));
#5864=CARTESIAN_POINT('',(-5.59994018016636,0.0947166377870155,-2.50000004487057));
#5865=CARTESIAN_POINT('',(-5.59869426900631,0.0630501119895344,-2.50000004487057));
#5866=CARTESIAN_POINT('',(-5.59807233482576,0.0313671967149742,-2.50000004487058));
#5867=CARTESIAN_POINT('',(-5.59807622955222,-0.000295904561707495,-2.50000004487058));
#5868=CARTESIAN_POINT('',(-5.59808012428477,-0.0319590553722931,-2.50000004487058));
#5869=CARTESIAN_POINT('',(-5.59870982779564,-0.0636019082687528,-2.50000004487058));
#5870=CARTESIAN_POINT('',(-5.59995883799163,-0.0951896722634406,-2.50000004487058));
#5871=CARTESIAN_POINT('',(-5.60120785181091,-0.126777527892224,-2.50000004487058));
#5872=CARTESIAN_POINT('',(-5.60307610211705,-0.158309834593927,-2.50000004487058));
#5873=CARTESIAN_POINT('',(-5.60554935108356,-0.189754769441551,-2.50000004487058));
#5874=CARTESIAN_POINT('',(-5.60802261072465,-0.221199840006028,-2.50000004487058));
#5875=CARTESIAN_POINT('',(-5.6111007568364,-0.252557129822466,-2.50000004487058));
#5876=CARTESIAN_POINT('',(-5.61476297281955,-0.283799301722081,-2.50000004487058));
#5877=CARTESIAN_POINT('',(-5.61842527644376,-0.315042221283012,-2.50000004487058));
#5878=CARTESIAN_POINT('',(-5.6226711576296,-0.346167248488121,-2.50000004487058));
#5879=CARTESIAN_POINT('',(-5.62747588233619,-0.377159851380798,-2.50000004487058));
#5880=CARTESIAN_POINT('',(-5.63708764883311,-0.439160003382863,-2.50000004487058));
#5881=CARTESIAN_POINT('',(-5.64897087164327,-0.500840607352291,-2.50000004487058));
#5882=CARTESIAN_POINT('',(-5.66294422485361,-0.562132148799985,-2.50000004487058));
#5883=CARTESIAN_POINT('',(-5.67691745299232,-0.623423141644002,-2.50000004487058));
#5884=CARTESIAN_POINT('',(-5.69297914929506,-0.684321501270547,-2.50000004487058));
#5885=CARTESIAN_POINT('',(-5.7109099642637,-0.744755027986067,-2.50000004487058));
#5886=CARTESIAN_POINT('',(-5.72884071655086,-0.805188343441665,-2.50000004487058));
#5887=CARTESIAN_POINT('',(-5.74863910223363,-0.865155062955722,-2.50000004487058));
#5888=CARTESIAN_POINT('',(-5.77006338144372,-0.924587580911021,-2.50000004487058));
#5889=CARTESIAN_POINT('',(-5.79148764808121,-0.984020063988974,-2.50000004487058));
#5890=CARTESIAN_POINT('',(-5.81453682020636,-1.04291787773637,-2.50000004487058));
#5891=CARTESIAN_POINT('',(-5.83896049004183,-1.1012184796145,-2.50000004487058));
#5892=CARTESIAN_POINT('',(-5.86338417056416,-1.15951910700273,-2.50000004487058));
#5893=CARTESIAN_POINT('',(-5.88918186736774,-1.21722275839066,-2.50000004487058));
#5894=CARTESIAN_POINT('',(-5.91610399875957,-1.27426906954676,-2.50000004487058));
#5895=CARTESIAN_POINT('',(-5.94302614004147,-1.3313154016593,-2.50000004487058));
#5896=CARTESIAN_POINT('',(-5.9710726036646,-1.38770489767697,-2.50000004487056));
#5897=CARTESIAN_POINT('',(-5.99999999999998,-1.44337569888012,-2.50000004487056));
#5898=CARTESIAN_POINT('',(-6.,0.,0.));
#5899=CARTESIAN_POINT('',(-6.,0.,0.));
#5900=CARTESIAN_POINT('',(-6.,0.,0.));
#5901=CARTESIAN_POINT('',(-6.,0.,0.));
#5902=CARTESIAN_POINT('',(-6.,0.,0.));
#5903=CARTESIAN_POINT('',(-6.,0.,0.));
#5904=CARTESIAN_POINT('',(-6.,0.,0.));
#5905=CARTESIAN_POINT('',(-6.,0.,0.));
#5906=CARTESIAN_POINT('',(-6.,0.,0.));
#5907=CARTESIAN_POINT('',(-6.,0.,0.));
#5908=CARTESIAN_POINT('',(-2.7,0.,0.));
#5909=CARTESIAN_POINT('',(0.,0.,0.));
#5910=CARTESIAN_POINT('',(0.,5.,6.12323399573677E-16));
#5911=CARTESIAN_POINT('',(-2.7,5.,6.12323399573677E-16));
#5912=CARTESIAN_POINT('',(-5.4,5.,6.12323399573677E-16));
#5913=CARTESIAN_POINT('',(-5.4,0.,0.));
#5914=CARTESIAN_POINT('',(-5.4,-5.,0.));
#5915=CARTESIAN_POINT('',(-5.4,0.,0.));
#5916=CARTESIAN_POINT('',(0.,2.5,0.));
#5917=CARTESIAN_POINT('',(-6.,0.,0.));
#5918=CARTESIAN_POINT('',(-6.,0.,0.));
#5919=CARTESIAN_POINT('',(-6.,3.64337569888011,0.));
#5920=CARTESIAN_POINT('',(-6.,0.,0.));
#5921=CARTESIAN_POINT('',(-6.,-4.4,0.));
#5922=CARTESIAN_POINT('',(-5.4,0.,0.));
#5923=CARTESIAN_POINT('',(-5.4,-4.4,-5.38844591624835E-16));
#5924=CARTESIAN_POINT('',(-209.736431996819,-238.652160749355,1566.));
#5925=CARTESIAN_POINT('',(-209.736431996819,-238.652160749355,1766.));
#5926=CARTESIAN_POINT('',(-209.736431996819,-238.652160749355,1966.));
#5927=CARTESIAN_POINT('',(618.97572911327,38.8797310508984,84.0000000000002));
#5928=CARTESIAN_POINT('',(624.001132379929,33.9999999999976,84.0000000000001));
#5929=CARTESIAN_POINT('',(620.801132379929,33.9999999999976,84.0000000000001));
#5930=CARTESIAN_POINT('',(624.001132379929,33.9999999999976,84.0000000000001));
#5931=CARTESIAN_POINT('',(619.001132379929,33.9999999999976,84.0000000000001));
#5932=CARTESIAN_POINT('',(618.97572911327,38.8797310508984,84.7000000000002));
#5933=CARTESIAN_POINT('',(624.001132379929,33.9999999999976,84.7000000000001));
#5934=CARTESIAN_POINT('',(620.801132379929,33.9999999999976,84.7000000000001));
#5935=CARTESIAN_POINT('',(624.001132379929,33.9999999999976,84.7000000000001));
#5936=CARTESIAN_POINT('',(619.001132379929,33.9999999999976,84.7000000000001));
#5937=CARTESIAN_POINT('',(624.001132379929,33.9999999999976,84.0000000000001));
#5938=CARTESIAN_POINT('',(620.801132379929,33.9999999999976,84.0000000000001));
#5939=CARTESIAN_POINT('',(624.001132379929,33.9999999999976,84.0000000000001));
#5940=CARTESIAN_POINT('',(619.001132379929,33.9999999999976,84.0000000000001));
#5941=CARTESIAN_POINT('',(-598.133967806452,30.9514358209386,1548.80619838641));
#5942=CARTESIAN_POINT('',(-598.133967806452,30.9514358209385,1348.80619838641));
#5943=CARTESIAN_POINT('',(-598.133967806452,30.9514358209385,1148.80619838641));
#5944=CARTESIAN_POINT('',(-209.736431996819,-238.652160749355,1366.));
#5945=CARTESIAN_POINT('',(-598.133967806452,30.9514358209385,948.806198386408));
#5946=CARTESIAN_POINT('',(-226.158614537513,20.4465078838712,1641.));
#5947=CARTESIAN_POINT('',(0.,0.,25.));
#5948=CARTESIAN_POINT('',(0.,0.,25.));
#5949=CARTESIAN_POINT('',(-5.51091059616309E-16,0.,20.5));
#5950=CARTESIAN_POINT('',(-5.51091059616309E-16,0.,20.5));
#5951=CARTESIAN_POINT('',(-5.51091059616309E-16,3.8,20.5));
#5952=CARTESIAN_POINT('',(0.,3.8,25.));
#5953=CARTESIAN_POINT('',(0.,0.,225.));
#5954=CARTESIAN_POINT('',(0.,0.,225.));
#5955=CARTESIAN_POINT('',(-5.51091059616309E-16,0.,220.5));
#5956=CARTESIAN_POINT('',(-5.51091059616309E-16,0.,220.5));
#5957=CARTESIAN_POINT('',(-5.51091059616309E-16,3.8,220.5));
#5958=CARTESIAN_POINT('',(0.,3.8,225.));
#5959=CARTESIAN_POINT('',(0.,0.,175.));
#5960=CARTESIAN_POINT('',(0.,0.,175.));
#5961=CARTESIAN_POINT('',(-5.51091059616309E-16,0.,170.5));
#5962=CARTESIAN_POINT('',(-5.51091059616309E-16,0.,170.5));
#5963=CARTESIAN_POINT('',(-5.51091059616309E-16,3.8,170.5));
#5964=CARTESIAN_POINT('',(0.,3.8,175.));
#5965=CARTESIAN_POINT('',(0.,0.,375.));
#5966=CARTESIAN_POINT('',(0.,0.,375.));
#5967=CARTESIAN_POINT('',(-5.51091059616309E-16,0.,370.5));
#5968=CARTESIAN_POINT('',(-5.51091059616309E-16,0.,370.5));
#5969=CARTESIAN_POINT('',(-5.51091059616309E-16,3.8,370.5));
#5970=CARTESIAN_POINT('',(0.,3.8,375.));
#5971=CARTESIAN_POINT('',(0.,0.,325.));
#5972=CARTESIAN_POINT('',(0.,0.,325.));
#5973=CARTESIAN_POINT('',(-5.51091059616309E-16,0.,320.5));
#5974=CARTESIAN_POINT('',(-5.51091059616309E-16,0.,320.5));
#5975=CARTESIAN_POINT('',(-5.51091059616309E-16,3.8,320.5));
#5976=CARTESIAN_POINT('',(0.,3.8,325.));
#5977=CARTESIAN_POINT('',(0.,0.,75.));
#5978=CARTESIAN_POINT('',(0.,0.,75.));
#5979=CARTESIAN_POINT('',(-5.51091059616309E-16,0.,70.5));
#5980=CARTESIAN_POINT('',(-5.51091059616309E-16,0.,70.5));
#5981=CARTESIAN_POINT('',(-5.51091059616309E-16,3.8,70.5));
#5982=CARTESIAN_POINT('',(0.,3.8,75.));
#5983=CARTESIAN_POINT('',(0.,0.,475.));
#5984=CARTESIAN_POINT('',(0.,0.,475.));
#5985=CARTESIAN_POINT('',(-5.51091059616309E-16,0.,470.5));
#5986=CARTESIAN_POINT('',(-5.51091059616309E-16,0.,470.5));
#5987=CARTESIAN_POINT('',(-5.51091059616309E-16,3.8,470.5));
#5988=CARTESIAN_POINT('',(0.,3.8,475.));
#5989=CARTESIAN_POINT('',(0.,0.,275.));
#5990=CARTESIAN_POINT('',(0.,0.,275.));
#5991=CARTESIAN_POINT('',(-5.51091059616309E-16,0.,270.5));
#5992=CARTESIAN_POINT('',(-5.51091059616309E-16,0.,270.5));
#5993=CARTESIAN_POINT('',(-5.51091059616309E-16,3.8,270.5));
#5994=CARTESIAN_POINT('',(0.,3.8,275.));
#5995=CARTESIAN_POINT('',(0.,0.,575.));
#5996=CARTESIAN_POINT('',(0.,0.,575.));
#5997=CARTESIAN_POINT('',(-5.51091059616303E-16,0.,570.5));
#5998=CARTESIAN_POINT('',(-5.51091059616303E-16,0.,570.5));
#5999=CARTESIAN_POINT('',(-5.51091059616303E-16,3.8,570.5));
#6000=CARTESIAN_POINT('',(0.,3.8,575.));
#6001=CARTESIAN_POINT('',(0.,0.,525.));
#6002=CARTESIAN_POINT('',(0.,0.,525.));
#6003=CARTESIAN_POINT('',(-5.51091059616303E-16,0.,520.5));
#6004=CARTESIAN_POINT('',(-5.51091059616303E-16,0.,520.5));
#6005=CARTESIAN_POINT('',(-5.51091059616303E-16,3.8,520.5));
#6006=CARTESIAN_POINT('',(0.,3.8,525.));
#6007=CARTESIAN_POINT('',(0.,0.,125.));
#6008=CARTESIAN_POINT('',(0.,0.,125.));
#6009=CARTESIAN_POINT('',(-5.51091059616309E-16,0.,120.5));
#6010=CARTESIAN_POINT('',(-5.51091059616309E-16,0.,120.5));
#6011=CARTESIAN_POINT('',(-5.51091059616309E-16,3.8,120.5));
#6012=CARTESIAN_POINT('',(0.,3.8,125.));
#6013=CARTESIAN_POINT('',(0.,3.8,225.));
#6014=CARTESIAN_POINT('',(0.,3.8,225.));
#6015=CARTESIAN_POINT('',(-9.18485099360516E-16,3.8,217.5));
#6016=CARTESIAN_POINT('',(0.,3.8,475.));
#6017=CARTESIAN_POINT('',(0.,3.8,475.));
#6018=CARTESIAN_POINT('',(-9.18485099360516E-16,3.8,467.5));
#6019=CARTESIAN_POINT('',(0.,3.8,275.));
#6020=CARTESIAN_POINT('',(0.,3.8,275.));
#6021=CARTESIAN_POINT('',(-9.18485099360516E-16,3.8,267.5));
#6022=CARTESIAN_POINT('',(0.,3.8,175.));
#6023=CARTESIAN_POINT('',(0.,3.8,175.));
#6024=CARTESIAN_POINT('',(-9.18485099360516E-16,3.8,167.5));
#6025=CARTESIAN_POINT('',(0.,3.8,575.));
#6026=CARTESIAN_POINT('',(0.,3.8,575.));
#6027=CARTESIAN_POINT('',(-9.18485099360509E-16,3.8,567.5));
#6028=CARTESIAN_POINT('',(0.,3.8,325.));
#6029=CARTESIAN_POINT('',(0.,3.8,325.));
#6030=CARTESIAN_POINT('',(-9.18485099360516E-16,3.8,317.5));
#6031=CARTESIAN_POINT('',(0.,3.8,25.));
#6032=CARTESIAN_POINT('',(0.,3.8,25.));
#6033=CARTESIAN_POINT('',(-9.18485099360515E-16,3.8,17.5));
#6034=CARTESIAN_POINT('',(0.,3.8,525.));
#6035=CARTESIAN_POINT('',(0.,3.8,525.));
#6036=CARTESIAN_POINT('',(-9.18485099360509E-16,3.8,517.5));
#6037=CARTESIAN_POINT('',(0.,3.8,375.));
#6038=CARTESIAN_POINT('',(0.,3.8,375.));
#6039=CARTESIAN_POINT('',(-9.18485099360516E-16,3.8,367.5));
#6040=CARTESIAN_POINT('',(0.,3.8,75.));
#6041=CARTESIAN_POINT('',(0.,3.8,75.));
#6042=CARTESIAN_POINT('',(-9.18485099360516E-16,3.8,67.5));
#6043=CARTESIAN_POINT('',(0.,3.8,125.));
#6044=CARTESIAN_POINT('',(0.,3.8,125.));
#6045=CARTESIAN_POINT('',(-9.18485099360516E-16,3.8,117.5));
#6046=CARTESIAN_POINT('',(0.,0.,600.));
#6047=CARTESIAN_POINT('',(0.,0.,425.));
#6048=CARTESIAN_POINT('',(-5.51091059616309E-16,0.,420.5));
#6049=CARTESIAN_POINT('',(11.5,0.,600.));
#6050=CARTESIAN_POINT('',(11.5,0.,600.));
#6051=CARTESIAN_POINT('',(11.5,0.,0.));
#6052=CARTESIAN_POINT('',(0.,0.,600.));
#6053=CARTESIAN_POINT('',(-11.5,1.40829730689573E-15,600.));
#6054=CARTESIAN_POINT('',(-11.5,1.40829730689573E-15,600.));
#6055=CARTESIAN_POINT('',(-11.5,1.40829730689573E-15,0.));
#6056=CARTESIAN_POINT('',(0.,0.,0.));
#6057=CARTESIAN_POINT('',(-11.5,1.40829730689573E-15,0.));
#6058=CARTESIAN_POINT('',(-11.5,1.40829730689573E-15,0.));
#6059=CARTESIAN_POINT('',(-11.5,10.,0.));
#6060=CARTESIAN_POINT('',(-11.5,10.,0.));
#6061=CARTESIAN_POINT('',(11.5,10.,0.));
#6062=CARTESIAN_POINT('',(11.5,10.,0.));
#6063=CARTESIAN_POINT('',(0.,3.8,225.));
#6064=CARTESIAN_POINT('',(-9.18485099360516E-16,3.8,217.5));
#6065=CARTESIAN_POINT('',(-9.18485099360516E-16,10.,217.5));
#6066=CARTESIAN_POINT('',(0.,10.,225.));
#6067=CARTESIAN_POINT('',(-11.5,1.40829730689573E-15,600.));
#6068=CARTESIAN_POINT('',(-11.5,1.40829730689573E-15,600.));
#6069=CARTESIAN_POINT('',(-11.5,10.,600.));
#6070=CARTESIAN_POINT('',(-11.5,10.,600.));
#6071=CARTESIAN_POINT('',(-11.5,1.40829730689573E-15,600.));
#6072=CARTESIAN_POINT('',(11.5,10.,600.));
#6073=CARTESIAN_POINT('',(11.5,10.,600.));
#6074=CARTESIAN_POINT('',(-11.5,10.,600.));
#6075=CARTESIAN_POINT('',(11.5,10.,600.));
#6076=CARTESIAN_POINT('',(11.5,10.,600.));
#6077=CARTESIAN_POINT('',(0.,3.8,475.));
#6078=CARTESIAN_POINT('',(-9.18485099360516E-16,3.8,467.5));
#6079=CARTESIAN_POINT('',(-9.18485099360516E-16,10.,467.5));
#6080=CARTESIAN_POINT('',(0.,10.,475.));
#6081=CARTESIAN_POINT('',(0.,3.8,275.));
#6082=CARTESIAN_POINT('',(-9.18485099360516E-16,3.8,267.5));
#6083=CARTESIAN_POINT('',(-9.18485099360516E-16,10.,267.5));
#6084=CARTESIAN_POINT('',(0.,10.,275.));
#6085=CARTESIAN_POINT('',(0.,3.8,175.));
#6086=CARTESIAN_POINT('',(-9.18485099360516E-16,3.8,167.5));
#6087=CARTESIAN_POINT('',(-9.18485099360516E-16,10.,167.5));
#6088=CARTESIAN_POINT('',(0.,10.,175.));
#6089=CARTESIAN_POINT('',(0.,3.8,575.));
#6090=CARTESIAN_POINT('',(-9.18485099360509E-16,3.8,567.5));
#6091=CARTESIAN_POINT('',(-9.18485099360509E-16,10.,567.5));
#6092=CARTESIAN_POINT('',(0.,10.,575.));
#6093=CARTESIAN_POINT('',(0.,3.8,325.));
#6094=CARTESIAN_POINT('',(-9.18485099360516E-16,3.8,317.5));
#6095=CARTESIAN_POINT('',(-9.18485099360516E-16,10.,317.5));
#6096=CARTESIAN_POINT('',(0.,10.,325.));
#6097=CARTESIAN_POINT('',(0.,3.8,25.));
#6098=CARTESIAN_POINT('',(-9.18485099360515E-16,3.8,17.5));
#6099=CARTESIAN_POINT('',(-9.18485099360515E-16,10.,17.5));
#6100=CARTESIAN_POINT('',(0.,10.,25.));
#6101=CARTESIAN_POINT('',(0.,3.8,525.));
#6102=CARTESIAN_POINT('',(-9.18485099360509E-16,3.8,517.5));
#6103=CARTESIAN_POINT('',(-9.18485099360509E-16,10.,517.5));
#6104=CARTESIAN_POINT('',(0.,10.,525.));
#6105=CARTESIAN_POINT('',(0.,3.8,375.));
#6106=CARTESIAN_POINT('',(-9.18485099360516E-16,3.8,367.5));
#6107=CARTESIAN_POINT('',(-9.18485099360516E-16,10.,367.5));
#6108=CARTESIAN_POINT('',(0.,10.,375.));
#6109=CARTESIAN_POINT('',(0.,3.8,75.));
#6110=CARTESIAN_POINT('',(-9.18485099360516E-16,3.8,67.5));
#6111=CARTESIAN_POINT('',(-9.18485099360516E-16,10.,67.5));
#6112=CARTESIAN_POINT('',(0.,10.,75.));
#6113=CARTESIAN_POINT('',(0.,3.8,125.));
#6114=CARTESIAN_POINT('',(-9.18485099360516E-16,3.8,117.5));
#6115=CARTESIAN_POINT('',(-9.18485099360516E-16,10.,117.5));
#6116=CARTESIAN_POINT('',(0.,10.,125.));
#6117=CARTESIAN_POINT('',(0.,0.,425.));
#6118=CARTESIAN_POINT('',(-5.51091059616309E-16,0.,420.5));
#6119=CARTESIAN_POINT('',(-5.51091059616309E-16,3.8,420.5));
#6120=CARTESIAN_POINT('',(0.,3.8,425.));
#6121=CARTESIAN_POINT('',(-11.5,10.,600.));
#6122=CARTESIAN_POINT('',(0.,10.,425.));
#6123=CARTESIAN_POINT('',(-9.18485099360516E-16,10.,417.5));
#6124=CARTESIAN_POINT('',(0.,3.8,425.));
#6125=CARTESIAN_POINT('',(0.,3.8,425.));
#6126=CARTESIAN_POINT('',(-9.18485099360516E-16,3.8,417.5));
#6127=CARTESIAN_POINT('',(0.,3.8,425.));
#6128=CARTESIAN_POINT('',(-9.18485099360516E-16,3.8,417.5));
#6129=CARTESIAN_POINT('',(42.5,10.,300.));
#6130=CARTESIAN_POINT('',(-42.5,9.99999999999991,300.));
#6131=MECHANICAL_DESIGN_GEOMETRIC_PRESENTATION_REPRESENTATION('',(#3299,
#3300,#3301,#3302,#3303,#3304),#6132);
#6132=(
GEOMETRIC_REPRESENTATION_CONTEXT(3)
GLOBAL_UNCERTAINTY_ASSIGNED_CONTEXT((#6140))
GLOBAL_UNIT_ASSIGNED_CONTEXT((#6150,#6149,#6148))
REPRESENTATION_CONTEXT('Magnetschiene_links','TOP_LEVEL_ASSEMBLY_PART')
);
#6133=(
GEOMETRIC_REPRESENTATION_CONTEXT(3)
GLOBAL_UNCERTAINTY_ASSIGNED_CONTEXT((#6141))
GLOBAL_UNIT_ASSIGNED_CONTEXT((#6150,#6149,#6148))
REPRESENTATION_CONTEXT('Magnetschiene-0164.1-04-01-010_.1',
'COMPONENT_PART')
);
#6134=(
GEOMETRIC_REPRESENTATION_CONTEXT(3)
GLOBAL_UNCERTAINTY_ASSIGNED_CONTEXT((#6142))
GLOBAL_UNIT_ASSIGNED_CONTEXT((#6150,#6149,#6148))
REPRESENTATION_CONTEXT('Erg‰nzungsst¸ck-0164.1-04-01-009_',
'COMPONENT_PART')
);
#6135=(
GEOMETRIC_REPRESENTATION_CONTEXT(3)
GLOBAL_UNCERTAINTY_ASSIGNED_CONTEXT((#6143))
GLOBAL_UNIT_ASSIGNED_CONTEXT((#6150,#6149,#6148))
REPRESENTATION_CONTEXT('Sensorleiste','COMPONENT_PART')
);
#6136=(
GEOMETRIC_REPRESENTATION_CONTEXT(3)
GLOBAL_UNCERTAINTY_ASSIGNED_CONTEXT((#6144))
GLOBAL_UNIT_ASSIGNED_CONTEXT((#6150,#6149,#6148))
REPRESENTATION_CONTEXT('Sensorleiste-0164.1-04-01-017_',
'COMPONENT_PART')
);
#6137=(
GEOMETRIC_REPRESENTATION_CONTEXT(3)
GLOBAL_UNCERTAINTY_ASSIGNED_CONTEXT((#6145))
GLOBAL_UNIT_ASSIGNED_CONTEXT((#6150,#6149,#6148))
REPRESENTATION_CONTEXT('Zylinderschraube_DIN_912_-_M6_x_16_-_.4',
'COMPONENT_PART')
);
#6138=(
GEOMETRIC_REPRESENTATION_CONTEXT(3)
GLOBAL_UNCERTAINTY_ASSIGNED_CONTEXT((#6146))
GLOBAL_UNIT_ASSIGNED_CONTEXT((#6150,#6149,#6148))
REPRESENTATION_CONTEXT('Schnorr_Zahnscheibe-S6_x_10_x_0.7_.99.2',
'COMPONENT_PART')
);
#6139=(
GEOMETRIC_REPRESENTATION_CONTEXT(3)
GLOBAL_UNCERTAINTY_ASSIGNED_CONTEXT((#6147))
GLOBAL_UNIT_ASSIGNED_CONTEXT((#6150,#6149,#6148))
REPRESENTATION_CONTEXT('Einlegeleiste-0164.1-04-01-008_.1',
'COMPONENT_PART')
);
#6140=UNCERTAINTY_MEASURE_WITH_UNIT(LENGTH_MEASURE(1.E-5),#6150,
'DISTANCE_ACCURACY_VALUE','Maximum Tolerance applied to model');
#6141=UNCERTAINTY_MEASURE_WITH_UNIT(LENGTH_MEASURE(1.E-5),#6150,
'DISTANCE_ACCURACY_VALUE','Maximum Tolerance applied to model');
#6142=UNCERTAINTY_MEASURE_WITH_UNIT(LENGTH_MEASURE(1.E-5),#6150,
'DISTANCE_ACCURACY_VALUE','Maximum Tolerance applied to model');
#6143=UNCERTAINTY_MEASURE_WITH_UNIT(LENGTH_MEASURE(1.E-5),#6150,
'DISTANCE_ACCURACY_VALUE','Maximum Tolerance applied to model');
#6144=UNCERTAINTY_MEASURE_WITH_UNIT(LENGTH_MEASURE(1.E-5),#6150,
'DISTANCE_ACCURACY_VALUE','Maximum Tolerance applied to model');
#6145=UNCERTAINTY_MEASURE_WITH_UNIT(LENGTH_MEASURE(1.E-5),#6150,
'DISTANCE_ACCURACY_VALUE','Maximum Tolerance applied to model');
#6146=UNCERTAINTY_MEASURE_WITH_UNIT(LENGTH_MEASURE(1.E-5),#6150,
'DISTANCE_ACCURACY_VALUE','Maximum Tolerance applied to model');
#6147=UNCERTAINTY_MEASURE_WITH_UNIT(LENGTH_MEASURE(1.E-5),#6150,
'DISTANCE_ACCURACY_VALUE','Maximum Tolerance applied to model');
#6148=(
NAMED_UNIT(*)
SI_UNIT($,.STERADIAN.)
SOLID_ANGLE_UNIT()
);
#6149=(
NAMED_UNIT(*)
PLANE_ANGLE_UNIT()
SI_UNIT($,.RADIAN.)
);
#6150=(
LENGTH_UNIT()
NAMED_UNIT(*)
SI_UNIT(.MILLI.,.METRE.)
);
#6151=PRODUCT_DEFINITION_SHAPE('','',#6173);
#6152=PRODUCT_DEFINITION_SHAPE('','',#6174);
#6153=PRODUCT_DEFINITION_SHAPE(' ','NAUO PRDDFN',#43);
#6154=PRODUCT_DEFINITION_SHAPE('','',#6175);
#6155=PRODUCT_DEFINITION_SHAPE(' ','NAUO PRDDFN',#44);
#6156=PRODUCT_DEFINITION_SHAPE('','',#6176);
#6157=PRODUCT_DEFINITION_SHAPE('','',#6177);
#6158=PRODUCT_DEFINITION_SHAPE(' ','NAUO PRDDFN',#45);
#6159=PRODUCT_DEFINITION_SHAPE('','',#6178);
#6160=PRODUCT_DEFINITION_SHAPE(' ','NAUO PRDDFN',#46);
#6161=PRODUCT_DEFINITION_SHAPE(' ','NAUO PRDDFN',#47);
#6162=PRODUCT_DEFINITION_SHAPE(' ','NAUO PRDDFN',#48);
#6163=PRODUCT_DEFINITION_SHAPE('','',#6179);
#6164=PRODUCT_DEFINITION_SHAPE(' ','NAUO PRDDFN',#49);
#6165=PRODUCT_DEFINITION_SHAPE(' ','NAUO PRDDFN',#50);
#6166=PRODUCT_DEFINITION_SHAPE(' ','NAUO PRDDFN',#51);
#6167=PRODUCT_DEFINITION_SHAPE(' ','NAUO PRDDFN',#52);
#6168=PRODUCT_DEFINITION_SHAPE(' ','NAUO PRDDFN',#53);
#6169=PRODUCT_DEFINITION_SHAPE(' ','NAUO PRDDFN',#54);
#6170=PRODUCT_DEFINITION_SHAPE('','',#6180);
#6171=PRODUCT_DEFINITION_SHAPE(' ','NAUO PRDDFN',#55);
#6172=PRODUCT_DEFINITION_SHAPE(' ','NAUO PRDDFN',#56);
#6173=PRODUCT_DEFINITION('','',#6189,#6181);
#6174=PRODUCT_DEFINITION('','',#6190,#6182);
#6175=PRODUCT_DEFINITION('','',#6191,#6183);
#6176=PRODUCT_DEFINITION('','',#6192,#6184);
#6177=PRODUCT_DEFINITION('','',#6193,#6185);
#6178=PRODUCT_DEFINITION('','',#6194,#6186);
#6179=PRODUCT_DEFINITION('','',#6195,#6187);
#6180=PRODUCT_DEFINITION('','',#6196,#6188);
#6181=PRODUCT_DEFINITION_CONTEXT('',#6230,'design');
#6182=PRODUCT_DEFINITION_CONTEXT('',#6230,'design');
#6183=PRODUCT_DEFINITION_CONTEXT('',#6230,'design');
#6184=PRODUCT_DEFINITION_CONTEXT('',#6230,'design');
#6185=PRODUCT_DEFINITION_CONTEXT('',#6230,'design');
#6186=PRODUCT_DEFINITION_CONTEXT('',#6230,'design');
#6187=PRODUCT_DEFINITION_CONTEXT('',#6230,'design');
#6188=PRODUCT_DEFINITION_CONTEXT('',#6230,'design');
#6189=PRODUCT_DEFINITION_FORMATION_WITH_SPECIFIED_SOURCE('','',#6205,
 .NOT_KNOWN.);
#6190=PRODUCT_DEFINITION_FORMATION_WITH_SPECIFIED_SOURCE('','',#6206,
 .NOT_KNOWN.);
#6191=PRODUCT_DEFINITION_FORMATION_WITH_SPECIFIED_SOURCE('','',#6207,
 .NOT_KNOWN.);
#6192=PRODUCT_DEFINITION_FORMATION_WITH_SPECIFIED_SOURCE('','',#6208,
 .NOT_KNOWN.);
#6193=PRODUCT_DEFINITION_FORMATION_WITH_SPECIFIED_SOURCE('','',#6209,
 .NOT_KNOWN.);
#6194=PRODUCT_DEFINITION_FORMATION_WITH_SPECIFIED_SOURCE('','',#6210,
 .NOT_KNOWN.);
#6195=PRODUCT_DEFINITION_FORMATION_WITH_SPECIFIED_SOURCE('','',#6211,
 .NOT_KNOWN.);
#6196=PRODUCT_DEFINITION_FORMATION_WITH_SPECIFIED_SOURCE('','',#6212,
 .NOT_KNOWN.);
#6197=PRODUCT_RELATED_PRODUCT_CATEGORY('','',(#6205));
#6198=PRODUCT_RELATED_PRODUCT_CATEGORY('','',(#6206));
#6199=PRODUCT_RELATED_PRODUCT_CATEGORY('','',(#6207));
#6200=PRODUCT_RELATED_PRODUCT_CATEGORY('','',(#6208));
#6201=PRODUCT_RELATED_PRODUCT_CATEGORY('','',(#6209));
#6202=PRODUCT_RELATED_PRODUCT_CATEGORY('','',(#6210));
#6203=PRODUCT_RELATED_PRODUCT_CATEGORY('','',(#6211));
#6204=PRODUCT_RELATED_PRODUCT_CATEGORY('','',(#6212));
#6205=PRODUCT('Magnetschiene_links','Magnetschiene_links',
'Magnetschiene_links',(#6221));
#6206=PRODUCT('Magnetschiene-0164.1-04-01-010_.1',
'Magnetschiene-0164.1-04-01-010_.1','Magnetschiene-0164.1-04-01-010_.1',
(#6222));
#6207=PRODUCT('Erg‰nzungsst¸ck-0164.1-04-01-009_',
'Erg‰nzungsst¸ck-0164.1-04-01-009_','Erg‰nzungsst¸ck-0164.1-04-01-009_',
(#6223));
#6208=PRODUCT('Sensorleiste','Sensorleiste','Sensorleiste',(#6224));
#6209=PRODUCT('Sensorleiste-0164.1-04-01-017_',
'Sensorleiste-0164.1-04-01-017_','Sensorleiste-0164.1-04-01-017_',(#6225));
#6210=PRODUCT('Zylinderschraube_DIN_912_-_M6_x_16_-_.4',
'Zylinderschraube_DIN_912_-_M6_x_16_-_.4',
'Zylinderschraube_DIN_912_-_M6_x_16_-_.4',(#6226));
#6211=PRODUCT('Schnorr_Zahnscheibe-S6_x_10_x_0.7_.99.2',
'Schnorr_Zahnscheibe-S6_x_10_x_0.7_.99.2',
'Schnorr_Zahnscheibe-S6_x_10_x_0.7_.99.2',(#6227));
#6212=PRODUCT('Einlegeleiste-0164.1-04-01-008_.1',
'Einlegeleiste-0164.1-04-01-008_.1','Einlegeleiste-0164.1-04-01-008_.1',
(#6228));
#6213=PRODUCT_CATEGORY('','');
#6214=PRODUCT_CATEGORY('','');
#6215=PRODUCT_CATEGORY('','');
#6216=PRODUCT_CATEGORY('','');
#6217=PRODUCT_CATEGORY('','');
#6218=PRODUCT_CATEGORY('','');
#6219=PRODUCT_CATEGORY('','');
#6220=PRODUCT_CATEGORY('','');
#6221=PRODUCT_CONTEXT('',#6230,'mechanical');
#6222=PRODUCT_CONTEXT('',#6230,'mechanical');
#6223=PRODUCT_CONTEXT('',#6230,'mechanical');
#6224=PRODUCT_CONTEXT('',#6230,'mechanical');
#6225=PRODUCT_CONTEXT('',#6230,'mechanical');
#6226=PRODUCT_CONTEXT('',#6230,'mechanical');
#6227=PRODUCT_CONTEXT('',#6230,'mechanical');
#6228=PRODUCT_CONTEXT('',#6230,'mechanical');
#6229=APPLICATION_PROTOCOL_DEFINITION('international standard',
'automotive_design',2010,#6230);
#6230=APPLICATION_CONTEXT(
'core data for automotive mechanical design processes');
ENDSEC;
END-ISO-10303-21;
